Conjunto,Item,1,2,3,4,5,6,7,8,9,10,11,12,13,14,15,16,Lucro
1,1,0,0,0,0,4532,0,0,0,0,4532,0,0,0,0,4532,0,14703
1,4,0,0,0,0,4532,0,0,0,0,4532,0,0,0,0,0,5148,34285
1,7,0,0,0,0,4532,0,0,0,0,4532,0,0,0,0,0,0,61416
1,10,0,0,0,0,4532,0,0,0,0,0,5148,0,0,0,0,4532,34953
1,13,0,0,0,0,4532,0,0,0,0,0,5148,0,0,0,0,0,64729
1,19,0,0,0,0,4532,0,0,0,0,0,0,5632,0,0,0,0,61459
1,28,0,0,0,0,0,5148,0,0,0,0,4532,0,0,0,0,4532,35934
1,31,0,0,0,0,0,5148,0,0,0,0,4532,0,0,0,0,0,65710
1,37,0,0,0,0,0,5148,0,0,0,0,0,5148,0,0,0,0,66327
1,46,0,0,0,0,0,5148,0,0,0,0,0,0,5632,0,0,0,16464
1,55,0,0,0,0,0,0,5632,0,0,0,0,4532,0,0,0,0,61522
1,64,0,0,0,0,0,0,5632,0,0,0,0,0,5148,0,0,0,15257
1,73,0,0,0,0,0,0,5632,0,0,0,0,0,0,5632,0,0,9180
2,1,0,0,0,0,6468,0,0,0,0,6468,0,0,0,0,6468,0,-3180
2,4,0,0,0,0,6468,0,0,0,0,6468,0,0,0,0,0,7392,26032
2,7,0,0,0,0,6468,0,0,0,0,6468,0,0,0,0,0,0,67402
2,10,0,0,0,0,6468,0,0,0,0,0,7392,0,0,0,0,6468,27645
2,13,0,0,0,0,6468,0,0,0,0,0,7392,0,0,0,0,0,72502
2,19,0,0,0,0,6468,0,0,0,0,0,0,8151,0,0,0,0,68870
2,28,0,0,0,0,0,7392,0,0,0,0,6468,0,0,0,0,6468,30014
2,31,0,0,0,0,0,7392,0,0,0,0,6468,0,0,0,0,0,74871
2,37,0,0,0,0,0,7392,0,0,0,0,0,7392,0,0,0,0,76363
2,46,0,0,0,0,0,7392,0,0,0,0,0,0,8151,0,0,0,6502
2,55,0,0,0,0,0,0,8151,0,0,0,0,6468,0,0,0,0,71029
2,64,0,0,0,0,0,0,8151,0,0,0,0,0,7392,0,0,0,5912
2,73,0,0,0,0,0,0,8151,0,0,0,0,0,0,8151,0,0,-1051
3,1,0,0,0,0,6192,0,0,0,0,6192,0,0,0,0,6192,0,-69861
3,4,0,0,0,0,6192,0,0,0,0,6192,0,0,0,0,0,7236,-37704
3,7,0,0,0,0,6192,0,0,0,0,6192,0,0,0,0,0,0,8605
3,10,0,0,0,0,6192,0,0,0,0,0,7236,0,0,0,0,6192,-34077
3,13,0,0,0,0,6192,0,0,0,0,0,7236,0,0,0,0,0,16077
3,19,0,0,0,0,6192,0,0,0,0,0,0,8100,0,0,0,0,13783
3,28,0,0,0,0,0,7236,0,0,0,0,6192,0,0,0,0,6192,-28751
3,31,0,0,0,0,0,7236,0,0,0,0,6192,0,0,0,0,0,21403
3,37,0,0,0,0,0,7236,0,0,0,0,0,7236,0,0,0,0,24760
3,46,0,0,0,0,0,7236,0,0,0,0,0,0,8100,0,0,0,-39334
3,55,0,0,0,0,0,0,8100,0,0,0,0,6192,0,0,0,0,21391
3,64,0,0,0,0,0,0,8100,0,0,0,0,0,7236,0,0,0,-37471
3,73,0,0,0,0,0,0,8100,0,0,0,0,0,0,8100,0,0,-40666
4,1,0,0,0,0,5134,0,0,0,0,5134,0,0,0,0,5134,0,-121046
4,4,0,0,0,0,5134,0,0,0,0,5134,0,0,0,0,0,6154,-90230
4,7,0,0,0,0,5134,0,0,0,0,5134,0,0,0,0,0,0,-45899
4,10,0,0,0,0,5134,0,0,0,0,0,6154,0,0,0,0,5134,-85230
4,13,0,0,0,0,5134,0,0,0,0,0,6154,0,0,0,0,0,-36731
4,19,0,0,0,0,5134,0,0,0,0,0,0,6970,0,0,0,0,-38226
4,28,0,0,0,0,0,6154,0,0,0,0,5134,0,0,0,0,5134,-77885
4,31,0,0,0,0,0,6154,0,0,0,0,5134,0,0,0,0,0,-29386
4,37,0,0,0,0,0,6154,0,0,0,0,0,6154,0,0,0,0,-24757
4,46,0,0,0,0,0,6154,0,0,0,0,0,0,6970,0,0,0,-75776
4,55,0,0,0,0,0,0,6970,0,0,0,0,5134,0,0,0,0,-26954
4,64,0,0,0,0,0,0,6970,0,0,0,0,0,6154,0,0,0,-72302
4,73,0,0,0,0,0,0,6970,0,0,0,0,0,0,6970,0,0,-72334
5,1,0,0,0,0,6478,0,0,0,0,6478,0,0,0,0,6478,0,-123829
5,4,0,0,0,0,6478,0,0,0,0,6478,0,0,0,0,0,7708,-86553
5,7,0,0,0,0,6478,0,0,0,0,6478,0,0,0,0,0,0,-33430
5,10,0,0,0,0,6478,0,0,0,0,0,7708,0,0,0,0,6478,-81056
5,13,0,0,0,0,6478,0,0,0,0,0,7708,0,0,0,0,0,-22907
5,19,0,0,0,0,6478,0,0,0,0,0,0,8692,0,0,0,0,-25204
5,28,0,0,0,0,0,7708,0,0,0,0,6478,0,0,0,0,6478,-72981
5,31,0,0,0,0,0,7708,0,0,0,0,6478,0,0,0,0,0,-14832
5,37,0,0,0,0,0,7708,0,0,0,0,0,7708,0,0,0,0,-9743
5,46,0,0,0,0,0,7708,0,0,0,0,0,0,8692,0,0,0,-75070
5,55,0,0,0,0,0,0,8692,0,0,0,0,6478,0,0,0,0,-13117
5,64,0,0,0,0,0,0,8692,0,0,0,0,0,7708,0,0,0,-71606
5,73,0,0,0,0,0,0,8692,0,0,0,0,0,0,8692,0,0,-72904
6,1,0,0,0,0,3926,0,0,0,0,3926,0,0,0,0,3926,0,-92564
6,4,0,0,0,0,3926,0,0,0,0,3926,0,0,0,0,0,4706,-68999
6,7,0,0,0,0,3926,0,0,0,0,3926,0,0,0,0,0,0,-35099
6,10,0,0,0,0,3926,0,0,0,0,0,4706,0,0,0,0,3926,-65176
6,13,0,0,0,0,3926,0,0,0,0,0,4706,0,0,0,0,0,-28089
6,19,0,0,0,0,3926,0,0,0,0,0,0,5330,0,0,0,0,-29232
6,28,0,0,0,0,0,4706,0,0,0,0,3926,0,0,0,0,3926,-59559
6,31,0,0,0,0,0,4706,0,0,0,0,3926,0,0,0,0,0,-22472
6,37,0,0,0,0,0,4706,0,0,0,0,0,4706,0,0,0,0,-18932
6,46,0,0,0,0,0,4706,0,0,0,0,0,0,5330,0,0,0,-57946
6,55,0,0,0,0,0,0,5330,0,0,0,0,3926,0,0,0,0,-20614
6,64,0,0,0,0,0,0,5330,0,0,0,0,0,4706,0,0,0,-55291
6,73,0,0,0,0,0,0,5330,0,0,0,0,0,0,5330,0,0,-55317
7,1,0,0,0,0,4644,0,0,0,0,4644,0,0,0,0,4644,0,-52396
7,4,0,0,0,0,4644,0,0,0,0,4644,0,0,0,0,0,5427,-28277
7,7,0,0,0,0,4644,0,0,0,0,4644,0,0,0,0,0,0,6454
7,10,0,0,0,0,4644,0,0,0,0,0,5427,0,0,0,0,4644,-25558
7,13,0,0,0,0,4644,0,0,0,0,0,5427,0,0,0,0,0,12058
7,19,0,0,0,0,4644,0,0,0,0,0,0,6075,0,0,0,0,10339
7,28,0,0,0,0,0,5427,0,0,0,0,4644,0,0,0,0,4644,-21562
7,31,0,0,0,0,0,5427,0,0,0,0,4644,0,0,0,0,0,16054
7,37,0,0,0,0,0,5427,0,0,0,0,0,5427,0,0,0,0,18573
7,46,0,0,0,0,0,5427,0,0,0,0,0,0,6075,0,0,0,-29497
7,55,0,0,0,0,0,0,6075,0,0,0,0,4644,0,0,0,0,16045
7,64,0,0,0,0,0,0,6075,0,0,0,0,0,5427,0,0,0,-28101
7,73,0,0,0,0,0,0,6075,0,0,0,0,0,0,6075,0,0,-30498
8,1,0,0,0,0,4077,0,0,0,0,4077,0,0,0,0,4077,0,-96122
8,4,0,0,0,0,4077,0,0,0,0,4077,0,0,0,0,0,4887,-71651
8,7,0,0,0,0,4077,0,0,0,0,4077,0,0,0,0,0,0,-36447
8,10,0,0,0,0,4077,0,0,0,0,0,4887,0,0,0,0,4077,-67682
8,13,0,0,0,0,4077,0,0,0,0,0,4887,0,0,0,0,0,-29168
8,19,0,0,0,0,4077,0,0,0,0,0,0,5535,0,0,0,0,-30355
8,28,0,0,0,0,0,4887,0,0,0,0,4077,0,0,0,0,4077,-61849
8,31,0,0,0,0,0,4887,0,0,0,0,4077,0,0,0,0,0,-23335
8,37,0,0,0,0,0,4887,0,0,0,0,0,4887,0,0,0,0,-19659
8,46,0,0,0,0,0,4887,0,0,0,0,0,0,5535,0,0,0,-60172
8,55,0,0,0,0,0,0,5535,0,0,0,0,4077,0,0,0,0,-21405
8,64,0,0,0,0,0,0,5535,0,0,0,0,0,4887,0,0,0,-57414
8,73,0,0,0,0,0,0,5535,0,0,0,0,0,0,5535,0,0,-57440
9,1,0,0,0,0,3920,0,0,0,0,3920,0,0,0,0,3920,0,-1929
9,4,0,0,0,0,3920,0,0,0,0,3920,0,0,0,0,0,4480,15776
9,7,0,0,0,0,3920,0,0,0,0,3920,0,0,0,0,0,0,40850
9,10,0,0,0,0,3920,0,0,0,0,0,4480,0,0,0,0,3920,16754
9,13,0,0,0,0,3920,0,0,0,0,0,4480,0,0,0,0,0,43941
9,19,0,0,0,0,3920,0,0,0,0,0,0,4940,0,0,0,0,41740
9,28,0,0,0,0,0,4480,0,0,0,0,3920,0,0,0,0,3920,18189
9,31,0,0,0,0,0,4480,0,0,0,0,3920,0,0,0,0,0,45376
9,37,0,0,0,0,0,4480,0,0,0,0,0,4480,0,0,0,0,46280
9,46,0,0,0,0,0,4480,0,0,0,0,0,0,4940,0,0,0,3939
9,55,0,0,0,0,0,0,4940,0,0,0,0,3920,0,0,0,0,43048
9,64,0,0,0,0,0,0,4940,0,0,0,0,0,4480,0,0,0,3583
9,73,0,0,0,0,0,0,4940,0,0,0,0,0,0,4940,0,0,-638
10,1,0,0,0,0,4116,0,0,0,0,4116,0,0,0,0,4116,0,-2023
10,4,0,0,0,0,4116,0,0,0,0,4116,0,0,0,0,0,4704,16566
10,7,0,0,0,0,4116,0,0,0,0,4116,0,0,0,0,0,0,42893
10,10,0,0,0,0,4116,0,0,0,0,0,4704,0,0,0,0,4116,17592
10,13,0,0,0,0,4116,0,0,0,0,0,4704,0,0,0,0,0,46138
10,19,0,0,0,0,4116,0,0,0,0,0,0,5187,0,0,0,0,43827
10,28,0,0,0,0,0,4704,0,0,0,0,4116,0,0,0,0,4116,19099
10,31,0,0,0,0,0,4704,0,0,0,0,4116,0,0,0,0,0,47645
10,37,0,0,0,0,0,4704,0,0,0,0,0,4704,0,0,0,0,48595
10,46,0,0,0,0,0,4704,0,0,0,0,0,0,5187,0,0,0,4139
10,55,0,0,0,0,0,0,5187,0,0,0,0,4116,0,0,0,0,45200
10,64,0,0,0,0,0,0,5187,0,0,0,0,0,4704,0,0,0,3762
10,73,0,0,0,0,0,0,5187,0,0,0,0,0,0,5187,0,0,-670
11,1,0,0,0,0,5520,0,0,0,0,5520,0,0,0,0,5520,0,-30554
11,4,0,0,0,0,5520,0,0,0,0,5520,0,0,0,0,0,6390,-3597
11,7,0,0,0,0,5520,0,0,0,0,5520,0,0,0,0,0,0,34224
11,10,0,0,0,0,5520,0,0,0,0,0,6390,0,0,0,0,5520,-1242
11,13,0,0,0,0,5520,0,0,0,0,0,6390,0,0,0,0,0,40221
11,19,0,0,0,0,5520,0,0,0,0,0,0,7080,0,0,0,0,37050
11,28,0,0,0,0,0,6390,0,0,0,0,5520,0,0,0,0,5520,2217
11,31,0,0,0,0,0,6390,0,0,0,0,5520,0,0,0,0,0,43680
11,37,0,0,0,0,0,6390,0,0,0,0,0,6390,0,0,0,0,45861
11,46,0,0,0,0,0,6390,0,0,0,0,0,0,7080,0,0,0,-12922
11,55,0,0,0,0,0,0,7080,0,0,0,0,5520,0,0,0,0,41199
11,64,0,0,0,0,0,0,7080,0,0,0,0,0,6390,0,0,0,-12629
11,73,0,0,0,0,0,0,7080,0,0,0,0,0,0,7080,0,0,-17423
12,1,0,0,0,0,3630,0,0,0,0,3630,0,0,0,0,3630,0,-54565
12,4,0,0,0,0,3630,0,0,0,0,3630,0,0,0,0,0,4290,-34565
12,7,0,0,0,0,3630,0,0,0,0,3630,0,0,0,0,0,0,-6175
12,10,0,0,0,0,3630,0,0,0,0,0,4290,0,0,0,0,3630,-31901
12,13,0,0,0,0,3630,0,0,0,0,0,4290,0,0,0,0,0,-814
12,19,0,0,0,0,3630,0,0,0,0,0,0,4818,0,0,0,0,-2311
12,28,0,0,0,0,0,4290,0,0,0,0,3630,0,0,0,0,3630,-27986
12,31,0,0,0,0,0,4290,0,0,0,0,3630,0,0,0,0,0,3101
12,37,0,0,0,0,0,4290,0,0,0,0,0,4290,0,0,0,0,5566
12,46,0,0,0,0,0,4290,0,0,0,0,0,0,4818,0,0,0,-31593
12,55,0,0,0,0,0,0,4818,0,0,0,0,3630,0,0,0,0,3367
12,64,0,0,0,0,0,0,4818,0,0,0,0,0,4290,0,0,0,-30123
12,73,0,0,0,0,0,0,4818,0,0,0,0,0,0,4818,0,0,-31432
13,1,0,0,0,7035,0,0,0,0,7035,0,0,0,0,7035,0,0,163334
13,4,0,0,0,7035,0,0,0,0,7035,0,0,0,0,0,8015,0,175708
13,7,0,0,0,7035,0,0,0,0,7035,0,0,0,0,0,0,8820,202781
13,10,0,0,0,7035,0,0,0,0,0,8015,0,0,0,0,7035,0,177204
13,13,0,0,0,7035,0,0,0,0,0,8015,0,0,0,0,0,8015,208272
13,16,0,0,0,7035,0,0,0,0,0,8015,0,0,0,0,0,0,252047
13,19,0,0,0,7035,0,0,0,0,0,0,8820,0,0,0,0,7035,203789
13,22,0,0,0,7035,0,0,0,0,0,0,8820,0,0,0,0,0,251263
13,28,0,0,0,0,8015,0,0,0,0,7035,0,0,0,0,7035,0,179402
13,31,0,0,0,0,8015,0,0,0,0,7035,0,0,0,0,0,8015,210470
13,34,0,0,0,0,8015,0,0,0,0,7035,0,0,0,0,0,0,254245
13,37,0,0,0,0,8015,0,0,0,0,0,8015,0,0,0,0,7035,211855
13,40,0,0,0,0,8015,0,0,0,0,0,8015,0,0,0,0,0,259329
13,46,0,0,0,0,8015,0,0,0,0,0,0,8820,0,0,0,0,255179
13,55,0,0,0,0,0,8820,0,0,0,0,7035,0,0,0,0,7035,205269
13,58,0,0,0,0,0,8820,0,0,0,0,7035,0,0,0,0,0,252743
13,64,0,0,0,0,0,8820,0,0,0,0,0,8015,0,0,0,0,254026
13,73,0,0,0,0,0,8820,0,0,0,0,0,0,8820,0,0,0,177609
14,1,0,0,0,8745,0,0,0,0,8745,0,0,0,0,8745,0,0,84981
14,4,0,0,0,8745,0,0,0,0,8745,0,0,0,0,0,10335,0,111835
14,7,0,0,0,8745,0,0,0,0,8745,0,0,0,0,0,0,11607,153001
14,10,0,0,0,8745,0,0,0,0,0,10335,0,0,0,0,8745,0,118768
14,13,0,0,0,8745,0,0,0,0,0,10335,0,0,0,0,0,10335,166951
14,16,0,0,0,8745,0,0,0,0,0,10335,0,0,0,0,0,0,235343
14,19,0,0,0,8745,0,0,0,0,0,0,11607,0,0,0,0,8745,163057
14,22,0,0,0,8745,0,0,0,0,0,0,11607,0,0,0,0,0,237947
14,28,0,0,0,0,10335,0,0,0,0,8745,0,0,0,0,8745,0,128953
14,31,0,0,0,0,10335,0,0,0,0,8745,0,0,0,0,0,10335,177136
14,34,0,0,0,0,10335,0,0,0,0,8745,0,0,0,0,0,0,245528
14,37,0,0,0,0,10335,0,0,0,0,0,10335,0,0,0,0,8745,183552
14,40,0,0,0,0,10335,0,0,0,0,0,10335,0,0,0,0,0,258442
14,46,0,0,0,0,10335,0,0,0,0,0,0,11607,0,0,0,0,254837
14,55,0,0,0,0,0,11607,0,0,0,0,8745,0,0,0,0,8745,177831
14,58,0,0,0,0,0,11607,0,0,0,0,8745,0,0,0,0,0,252721
14,64,0,0,0,0,0,11607,0,0,0,0,0,10335,0,0,0,0,258663
14,73,0,0,0,0,0,11607,0,0,0,0,0,0,11607,0,0,0,169138
15,1,0,0,0,8040,0,0,0,0,8040,0,0,0,0,8040,0,0,186669
15,4,0,0,0,8040,0,0,0,0,8040,0,0,0,0,0,9160,0,200812
15,7,0,0,0,8040,0,0,0,0,8040,0,0,0,0,0,0,10080,231753
15,10,0,0,0,8040,0,0,0,0,0,9160,0,0,0,0,8040,0,202521
15,13,0,0,0,8040,0,0,0,0,0,9160,0,0,0,0,0,9160,238027
15,16,0,0,0,8040,0,0,0,0,0,9160,0,0,0,0,0,0,288056
15,19,0,0,0,8040,0,0,0,0,0,0,10080,0,0,0,0,8040,232903
15,22,0,0,0,8040,0,0,0,0,0,0,10080,0,0,0,0,0,287159
15,28,0,0,0,0,9160,0,0,0,0,8040,0,0,0,0,8040,0,205033
15,31,0,0,0,0,9160,0,0,0,0,8040,0,0,0,0,0,9160,240539
15,34,0,0,0,0,9160,0,0,0,0,8040,0,0,0,0,0,0,290568
15,37,0,0,0,0,9160,0,0,0,0,0,9160,0,0,0,0,8040,242122
15,40,0,0,0,0,9160,0,0,0,0,0,9160,0,0,0,0,0,296378
15,46,0,0,0,0,9160,0,0,0,0,0,0,10080,0,0,0,0,291634
15,55,0,0,0,0,0,10080,0,0,0,0,8040,0,0,0,0,8040,234594
15,58,0,0,0,0,0,10080,0,0,0,0,8040,0,0,0,0,0,288850
15,64,0,0,0,0,0,10080,0,0,0,0,0,9160,0,0,0,0,290317
15,73,0,0,0,0,0,10080,0,0,0,0,0,0,10080,0,0,0,202986
16,1,0,0,0,5520,0,0,0,0,5520,0,0,0,0,5520,0,0,96605
16,4,0,0,0,5520,0,0,0,0,5520,0,0,0,0,0,6390,0,109467
16,7,0,0,0,5520,0,0,0,0,5520,0,0,0,0,0,0,7080,132490
16,10,0,0,0,5520,0,0,0,0,0,6390,0,0,0,0,5520,0,112010
16,13,0,0,0,5520,0,0,0,0,0,6390,0,0,0,0,0,6390,138967
16,16,0,0,0,5520,0,0,0,0,0,6390,0,0,0,0,0,0,176788
16,19,0,0,0,5520,0,0,0,0,0,0,7080,0,0,0,0,5520,135542
16,22,0,0,0,5520,0,0,0,0,0,0,7080,0,0,0,0,0,177005
16,28,0,0,0,0,6390,0,0,0,0,5520,0,0,0,0,5520,0,115747
16,31,0,0,0,0,6390,0,0,0,0,5520,0,0,0,0,0,6390,142704
16,34,0,0,0,0,6390,0,0,0,0,5520,0,0,0,0,0,0,180525
16,37,0,0,0,0,6390,0,0,0,0,0,6390,0,0,0,0,5520,145059
16,40,0,0,0,0,6390,0,0,0,0,0,6390,0,0,0,0,0,186522
16,46,0,0,0,0,6390,0,0,0,0,0,0,7080,0,0,0,0,183351
16,55,0,0,0,0,0,7080,0,0,0,0,5520,0,0,0,0,5520,140025
16,58,0,0,0,0,0,7080,0,0,0,0,5520,0,0,0,0,0,181488
16,64,0,0,0,0,0,7080,0,0,0,0,0,6390,0,0,0,0,183669
16,73,0,0,0,0,0,7080,0,0,0,0,0,0,7080,0,0,0,124886
17,1,0,0,0,4898,0,0,0,0,4898,0,0,0,0,4898,0,0,31243
17,4,0,0,0,4898,0,0,0,0,4898,0,0,0,0,0,5828,0,47607
17,7,0,0,0,4898,0,0,0,0,4898,0,0,0,0,0,0,6572,71687
17,10,0,0,0,4898,0,0,0,0,0,5828,0,0,0,0,4898,0,52096
17,13,0,0,0,4898,0,0,0,0,0,5828,0,0,0,0,0,5828,80280
17,16,0,0,0,4898,0,0,0,0,0,5828,0,0,0,0,0,0,120447
17,19,0,0,0,4898,0,0,0,0,0,0,6572,0,0,0,0,4898,78407
17,22,0,0,0,4898,0,0,0,0,0,0,6572,0,0,0,0,0,122374
17,28,0,0,0,0,5828,0,0,0,0,4898,0,0,0,0,4898,0,58690
17,31,0,0,0,0,5828,0,0,0,0,4898,0,0,0,0,0,5828,86874
17,34,0,0,0,0,5828,0,0,0,0,4898,0,0,0,0,0,0,127041
17,37,0,0,0,0,5828,0,0,0,0,0,5828,0,0,0,0,4898,91032
17,40,0,0,0,0,5828,0,0,0,0,0,5828,0,0,0,0,0,134999
17,46,0,0,0,0,5828,0,0,0,0,0,0,6572,0,0,0,0,133262
17,55,0,0,0,0,0,6572,0,0,0,0,4898,0,0,0,0,4898,88278
17,58,0,0,0,0,0,6572,0,0,0,0,4898,0,0,0,0,0,132245
17,64,0,0,0,0,0,6572,0,0,0,0,0,5828,0,0,0,0,136092
17,73,0,0,0,0,0,6572,0,0,0,0,0,0,6572,0,0,0,86699
18,1,0,0,0,6600,0,0,0,0,6600,0,0,0,0,6600,0,0,64139
18,4,0,0,0,6600,0,0,0,0,6600,0,0,0,0,0,7800,0,84408
18,7,0,0,0,6600,0,0,0,0,6600,0,0,0,0,0,0,8760,115476
18,10,0,0,0,6600,0,0,0,0,0,7800,0,0,0,0,6600,0,89637
18,13,0,0,0,6600,0,0,0,0,0,7800,0,0,0,0,0,7800,126001
18,16,0,0,0,6600,0,0,0,0,0,7800,0,0,0,0,0,0,177618
18,19,0,0,0,6600,0,0,0,0,0,0,8760,0,0,0,0,6600,123063
18,22,0,0,0,6600,0,0,0,0,0,0,8760,0,0,0,0,0,179584
18,28,0,0,0,0,7800,0,0,0,0,6600,0,0,0,0,6600,0,97322
18,31,0,0,0,0,7800,0,0,0,0,6600,0,0,0,0,0,7800,133686
18,34,0,0,0,0,7800,0,0,0,0,6600,0,0,0,0,0,0,185303
18,37,0,0,0,0,7800,0,0,0,0,0,7800,0,0,0,0,6600,138530
18,40,0,0,0,0,7800,0,0,0,0,0,7800,0,0,0,0,0,195051
18,46,0,0,0,0,7800,0,0,0,0,0,0,8760,0,0,0,0,192330
18,55,0,0,0,0,0,8760,0,0,0,0,6600,0,0,0,0,6600,134213
18,58,0,0,0,0,0,8760,0,0,0,0,6600,0,0,0,0,0,190734
18,64,0,0,0,0,0,8760,0,0,0,0,0,7800,0,0,0,0,195219
18,73,0,0,0,0,0,8760,0,0,0,0,0,0,8760,0,0,0,127655
19,1,0,0,0,4806,0,0,0,0,4806,0,0,0,0,4806,0,0,73161
19,4,0,0,0,4806,0,0,0,0,4806,0,0,0,0,0,5589,0,85272
19,7,0,0,0,4806,0,0,0,0,4806,0,0,0,0,0,0,6237,106386
19,10,0,0,0,4806,0,0,0,0,0,5589,0,0,0,0,4806,0,87885
19,13,0,0,0,4806,0,0,0,0,0,5589,0,0,0,0,0,5589,112114
19,16,0,0,0,4806,0,0,0,0,0,5589,0,0,0,0,0,0,146657
19,19,0,0,0,4806,0,0,0,0,0,0,6237,0,0,0,0,4806,109957
19,22,0,0,0,4806,0,0,0,0,0,0,6237,0,0,0,0,0,147383
19,28,0,0,0,0,5589,0,0,0,0,4806,0,0,0,0,4806,0,91724
19,31,0,0,0,0,5589,0,0,0,0,4806,0,0,0,0,0,5589,115953
19,34,0,0,0,0,5589,0,0,0,0,4806,0,0,0,0,0,0,150496
19,37,0,0,0,0,5589,0,0,0,0,0,5589,0,0,0,0,4806,118372
19,40,0,0,0,0,5589,0,0,0,0,0,5589,0,0,0,0,0,155798
19,46,0,0,0,0,5589,0,0,0,0,0,0,6237,0,0,0,0,153802
19,55,0,0,0,0,0,6237,0,0,0,0,4806,0,0,0,0,4806,115202
19,58,0,0,0,0,0,6237,0,0,0,0,4806,0,0,0,0,0,152628
19,64,0,0,0,0,0,6237,0,0,0,0,0,5589,0,0,0,0,154870
19,73,0,0,0,0,0,6237,0,0,0,0,0,0,6237,0,0,0,104651
20,1,0,0,0,3738,0,0,0,0,3738,0,0,0,0,3738,0,0,56904
20,4,0,0,0,3738,0,0,0,0,3738,0,0,0,0,0,4347,0,66325
20,7,0,0,0,3738,0,0,0,0,3738,0,0,0,0,0,0,4851,82748
20,10,0,0,0,3738,0,0,0,0,0,4347,0,0,0,0,3738,0,68358
20,13,0,0,0,3738,0,0,0,0,0,4347,0,0,0,0,0,4347,87204
20,16,0,0,0,3738,0,0,0,0,0,4347,0,0,0,0,0,0,114070
20,19,0,0,0,3738,0,0,0,0,0,0,4851,0,0,0,0,3738,85525
20,22,0,0,0,3738,0,0,0,0,0,0,4851,0,0,0,0,0,114635
20,28,0,0,0,0,4347,0,0,0,0,3738,0,0,0,0,3738,0,71342
20,31,0,0,0,0,4347,0,0,0,0,3738,0,0,0,0,0,4347,90188
20,34,0,0,0,0,4347,0,0,0,0,3738,0,0,0,0,0,0,117054
20,37,0,0,0,0,4347,0,0,0,0,0,4347,0,0,0,0,3738,92069
20,40,0,0,0,0,4347,0,0,0,0,0,4347,0,0,0,0,0,121179
20,46,0,0,0,0,4347,0,0,0,0,0,0,4851,0,0,0,0,119625
20,55,0,0,0,0,0,4851,0,0,0,0,3738,0,0,0,0,3738,89602
20,58,0,0,0,0,0,4851,0,0,0,0,3738,0,0,0,0,0,118712
20,64,0,0,0,0,0,4851,0,0,0,0,0,4347,0,0,0,0,120454
20,73,0,0,0,0,0,4851,0,0,0,0,0,0,4851,0,0,0,81395
21,1,0,0,0,8740,0,0,0,0,8740,0,0,0,0,8740,0,0,171613
21,4,0,0,0,8740,0,0,0,0,8740,0,0,0,0,0,10074,0,190422
21,7,0,0,0,8740,0,0,0,0,8740,0,0,0,0,0,0,11132,225780
21,10,0,0,0,8740,0,0,0,0,0,10074,0,0,0,0,8740,0,193769
21,13,0,0,0,8740,0,0,0,0,0,10074,0,0,0,0,0,10074,235158
21,16,0,0,0,8740,0,0,0,0,0,10074,0,0,0,0,0,0,292960
21,19,0,0,0,8740,0,0,0,0,0,0,11132,0,0,0,0,8740,229393
21,22,0,0,0,8740,0,0,0,0,0,0,11132,0,0,0,0,0,292780
21,28,0,0,0,0,10074,0,0,0,0,8740,0,0,0,0,8740,0,198687
21,31,0,0,0,0,10074,0,0,0,0,8740,0,0,0,0,0,10074,240076
21,34,0,0,0,0,10074,0,0,0,0,8740,0,0,0,0,0,0,297878
21,37,0,0,0,0,10074,0,0,0,0,0,10074,0,0,0,0,8740,243175
21,40,0,0,0,0,10074,0,0,0,0,0,10074,0,0,0,0,0,306562
21,46,0,0,0,0,10074,0,0,0,0,0,0,11132,0,0,0,0,301225
21,55,0,0,0,0,0,11132,0,0,0,0,8740,0,0,0,0,8740,234705
21,58,0,0,0,0,0,11132,0,0,0,0,8740,0,0,0,0,0,298092
21,64,0,0,0,0,0,11132,0,0,0,0,0,10074,0,0,0,0,300962
21,73,0,0,0,0,0,11132,0,0,0,0,0,0,11132,0,0,0,207168
22,1,0,0,0,3476,0,0,0,0,3476,0,0,0,0,3476,0,0,22177
22,4,0,0,0,3476,0,0,0,0,3476,0,0,0,0,0,4136,0,33790
22,7,0,0,0,3476,0,0,0,0,3476,0,0,0,0,0,0,4664,50879
22,10,0,0,0,3476,0,0,0,0,0,4136,0,0,0,0,3476,0,36975
22,13,0,0,0,3476,0,0,0,0,0,4136,0,0,0,0,0,4136,56977
22,16,0,0,0,3476,0,0,0,0,0,4136,0,0,0,0,0,0,85482
22,19,0,0,0,3476,0,0,0,0,0,0,4664,0,0,0,0,3476,55647
22,22,0,0,0,3476,0,0,0,0,0,0,4664,0,0,0,0,0,86849
22,28,0,0,0,0,4136,0,0,0,0,3476,0,0,0,0,3476,0,41655
22,31,0,0,0,0,4136,0,0,0,0,3476,0,0,0,0,0,4136,61657
22,34,0,0,0,0,4136,0,0,0,0,3476,0,0,0,0,0,0,90162
22,37,0,0,0,0,4136,0,0,0,0,0,4136,0,0,0,0,3476,64607
22,40,0,0,0,0,4136,0,0,0,0,0,4136,0,0,0,0,0,95809
22,46,0,0,0,0,4136,0,0,0,0,0,0,4664,0,0,0,0,94576
22,55,0,0,0,0,0,4664,0,0,0,0,3476,0,0,0,0,3476,62651
22,58,0,0,0,0,0,4664,0,0,0,0,3476,0,0,0,0,0,93853
22,64,0,0,0,0,0,4664,0,0,0,0,0,4136,0,0,0,0,96584
22,73,0,0,0,0,0,4664,0,0,0,0,0,0,4664,0,0,0,61531
23,1,0,0,0,4898,0,0,0,0,4898,0,0,0,0,4898,0,0,31243
23,4,0,0,0,4898,0,0,0,0,4898,0,0,0,0,0,5828,0,47607
23,7,0,0,0,4898,0,0,0,0,4898,0,0,0,0,0,0,6572,71687
23,10,0,0,0,4898,0,0,0,0,0,5828,0,0,0,0,4898,0,52096
23,13,0,0,0,4898,0,0,0,0,0,5828,0,0,0,0,0,5828,80280
23,16,0,0,0,4898,0,0,0,0,0,5828,0,0,0,0,0,0,120447
23,19,0,0,0,4898,0,0,0,0,0,0,6572,0,0,0,0,4898,78407
23,22,0,0,0,4898,0,0,0,0,0,0,6572,0,0,0,0,0,122374
23,28,0,0,0,0,5828,0,0,0,0,4898,0,0,0,0,4898,0,58690
23,31,0,0,0,0,5828,0,0,0,0,4898,0,0,0,0,0,5828,86874
23,34,0,0,0,0,5828,0,0,0,0,4898,0,0,0,0,0,0,127041
23,37,0,0,0,0,5828,0,0,0,0,0,5828,0,0,0,0,4898,91032
23,40,0,0,0,0,5828,0,0,0,0,0,5828,0,0,0,0,0,134999
23,46,0,0,0,0,5828,0,0,0,0,0,0,6572,0,0,0,0,133262
23,55,0,0,0,0,0,6572,0,0,0,0,4898,0,0,0,0,4898,88278
23,58,0,0,0,0,0,6572,0,0,0,0,4898,0,0,0,0,0,132245
23,64,0,0,0,0,0,6572,0,0,0,0,0,5828,0,0,0,0,136092
23,73,0,0,0,0,0,6572,0,0,0,0,0,0,6572,0,0,0,86699
24,1,0,0,0,8442,0,0,0,0,8442,0,0,0,0,8442,0,0,195999
24,4,0,0,0,8442,0,0,0,0,8442,0,0,0,0,0,9618,0,210849
24,7,0,0,0,8442,0,0,0,0,8442,0,0,0,0,0,0,10584,243337
24,10,0,0,0,8442,0,0,0,0,0,9618,0,0,0,0,8442,0,212644
24,13,0,0,0,8442,0,0,0,0,0,9618,0,0,0,0,0,9618,249926
24,16,0,0,0,8442,0,0,0,0,0,9618,0,0,0,0,0,0,302456
24,19,0,0,0,8442,0,0,0,0,0,0,10584,0,0,0,0,8442,244547
24,22,0,0,0,8442,0,0,0,0,0,0,10584,0,0,0,0,0,301515
24,28,0,0,0,0,9618,0,0,0,0,8442,0,0,0,0,8442,0,215282
24,31,0,0,0,0,9618,0,0,0,0,8442,0,0,0,0,0,9618,252564
24,34,0,0,0,0,9618,0,0,0,0,8442,0,0,0,0,0,0,305094
24,37,0,0,0,0,9618,0,0,0,0,0,9618,0,0,0,0,8442,254226
24,40,0,0,0,0,9618,0,0,0,0,0,9618,0,0,0,0,0,311194
24,46,0,0,0,0,9618,0,0,0,0,0,0,10584,0,0,0,0,306213
24,55,0,0,0,0,0,10584,0,0,0,0,8442,0,0,0,0,8442,246324
24,58,0,0,0,0,0,10584,0,0,0,0,8442,0,0,0,0,0,303292
24,64,0,0,0,0,0,10584,0,0,0,0,0,9618,0,0,0,0,304831
24,73,0,0,0,0,0,10584,0,0,0,0,0,0,10584,0,0,0,213133
25,1,0,0,0,3920,0,0,0,0,3920,0,0,0,0,3920,0,0,84824
25,4,0,0,0,3920,0,0,0,0,3920,0,0,0,0,0,4480,0,92264
25,7,0,0,0,3920,0,0,0,0,3920,0,0,0,0,0,0,4940,107686
25,10,0,0,0,3920,0,0,0,0,0,4480,0,0,0,0,3920,0,93319
25,13,0,0,0,3920,0,0,0,0,0,4480,0,0,0,0,0,4480,111024
25,16,0,0,0,3920,0,0,0,0,0,4480,0,0,0,0,0,0,136098
25,19,0,0,0,3920,0,0,0,0,0,0,4940,0,0,0,0,3920,108649
25,22,0,0,0,3920,0,0,0,0,0,0,4940,0,0,0,0,0,135836
25,28,0,0,0,0,4480,0,0,0,0,3920,0,0,0,0,3920,0,94870
25,31,0,0,0,0,4480,0,0,0,0,3920,0,0,0,0,0,4480,112575
25,34,0,0,0,0,4480,0,0,0,0,3920,0,0,0,0,0,0,137649
25,37,0,0,0,0,4480,0,0,0,0,0,4480,0,0,0,0,3920,113553
25,40,0,0,0,0,4480,0,0,0,0,0,4480,0,0,0,0,0,140740
25,46,0,0,0,0,4480,0,0,0,0,0,0,4940,0,0,0,0,138539
25,55,0,0,0,0,0,4940,0,0,0,0,3920,0,0,0,0,3920,110061
25,58,0,0,0,0,0,4940,0,0,0,0,3920,0,0,0,0,0,137248
25,64,0,0,0,0,0,4940,0,0,0,0,0,4480,0,0,0,0,138152
25,73,0,0,0,0,0,4940,0,0,0,0,0,0,4940,0,0,0,95811
26,1,0,0,0,8232,0,0,0,0,8232,0,0,0,0,8232,0,0,178130
26,4,0,0,0,8232,0,0,0,0,8232,0,0,0,0,0,9408,0,193756
26,7,0,0,0,8232,0,0,0,0,8232,0,0,0,0,0,0,10374,226140
26,10,0,0,0,8232,0,0,0,0,0,9408,0,0,0,0,8232,0,195973
26,13,0,0,0,8232,0,0,0,0,0,9408,0,0,0,0,0,9408,233150
26,16,0,0,0,8232,0,0,0,0,0,9408,0,0,0,0,0,0,285803
26,19,0,0,0,8232,0,0,0,0,0,0,10374,0,0,0,0,8232,228159
26,22,0,0,0,8232,0,0,0,0,0,0,10374,0,0,0,0,0,285250
26,28,0,0,0,0,9408,0,0,0,0,8232,0,0,0,0,8232,0,199229
26,31,0,0,0,0,9408,0,0,0,0,8232,0,0,0,0,0,9408,236406
26,34,0,0,0,0,9408,0,0,0,0,8232,0,0,0,0,0,0,289059
26,37,0,0,0,0,9408,0,0,0,0,0,9408,0,0,0,0,8232,238458
26,40,0,0,0,0,9408,0,0,0,0,0,9408,0,0,0,0,0,295549
26,46,0,0,0,0,9408,0,0,0,0,0,0,10374,0,0,0,0,290928
26,55,0,0,0,0,0,10374,0,0,0,0,8232,0,0,0,0,8232,231126
26,58,0,0,0,0,0,10374,0,0,0,0,8232,0,0,0,0,0,288217
26,64,0,0,0,0,0,10374,0,0,0,0,0,9408,0,0,0,0,290117
26,73,0,0,0,0,0,10374,0,0,0,0,0,0,10374,0,0,0,201204
27,1,0,0,0,6992,0,0,0,0,6992,0,0,0,0,6992,0,0,122366
27,4,0,0,0,6992,0,0,0,0,6992,0,0,0,0,0,8094,0,138660
27,7,0,0,0,6992,0,0,0,0,6992,0,0,0,0,0,0,8968,167822
27,10,0,0,0,6992,0,0,0,0,0,8094,0,0,0,0,6992,0,141881
27,13,0,0,0,6992,0,0,0,0,0,8094,0,0,0,0,0,8094,176027
27,16,0,0,0,6992,0,0,0,0,0,8094,0,0,0,0,0,0,223932
27,19,0,0,0,6992,0,0,0,0,0,0,8968,0,0,0,0,6992,171687
27,22,0,0,0,6992,0,0,0,0,0,0,8968,0,0,0,0,0,224207
27,28,0,0,0,0,8094,0,0,0,0,6992,0,0,0,0,6992,0,146613
27,31,0,0,0,0,8094,0,0,0,0,6992,0,0,0,0,0,8094,180759
27,34,0,0,0,0,8094,0,0,0,0,6992,0,0,0,0,0,0,228664
27,37,0,0,0,0,8094,0,0,0,0,0,8094,0,0,0,0,6992,183742
27,40,0,0,0,0,8094,0,0,0,0,0,8094,0,0,0,0,0,236262
27,46,0,0,0,0,8094,0,0,0,0,0,0,8968,0,0,0,0,232243
27,55,0,0,0,0,0,8968,0,0,0,0,6992,0,0,0,0,6992,177366
27,58,0,0,0,0,0,8968,0,0,0,0,6992,0,0,0,0,0,229886
27,64,0,0,0,0,0,8968,0,0,0,0,0,8094,0,0,0,0,232647
27,73,0,0,0,0,0,8968,0,0,0,0,0,0,8968,0,0,0,158187
28,1,0,0,0,4228,0,0,0,0,4228,0,0,0,0,4228,0,0,11545
28,4,0,0,0,4228,0,0,0,0,4228,0,0,0,0,0,5068,0,26919
28,7,0,0,0,4228,0,0,0,0,4228,0,0,0,0,0,0,5740,48589
28,10,0,0,0,4228,0,0,0,0,0,5068,0,0,0,0,4228,0,31365
28,13,0,0,0,4228,0,0,0,0,0,5068,0,0,0,0,0,5068,56741
28,16,0,0,0,4228,0,0,0,0,0,5068,0,0,0,0,0,0,93249
28,19,0,0,0,4228,0,0,0,0,0,0,5740,0,0,0,0,4228,55411
28,22,0,0,0,4228,0,0,0,0,0,0,5740,0,0,0,0,0,95352
28,28,0,0,0,0,5068,0,0,0,0,4228,0,0,0,0,4228,0,37896
28,31,0,0,0,0,5068,0,0,0,0,4228,0,0,0,0,0,5068,63272
28,34,0,0,0,0,5068,0,0,0,0,4228,0,0,0,0,0,0,99780
28,37,0,0,0,0,5068,0,0,0,0,0,5068,0,0,0,0,4228,67389
28,40,0,0,0,0,5068,0,0,0,0,0,5068,0,0,0,0,0,107330
28,46,0,0,0,0,5068,0,0,0,0,0,0,5740,0,0,0,0,106099
28,55,0,0,0,0,0,5740,0,0,0,0,4228,0,0,0,0,4228,65434
28,58,0,0,0,0,0,5740,0,0,0,0,4228,0,0,0,0,0,105375
28,64,0,0,0,0,0,5740,0,0,0,0,0,5068,0,0,0,0,109188
28,73,0,0,0,0,0,5740,0,0,0,0,0,0,5740,0,0,0,67173
29,1,0,0,0,9682,0,0,0,0,9682,0,0,0,0,9682,0,0,239332
29,4,0,0,0,9682,0,0,0,0,9682,0,0,0,0,0,10998,0,255080
29,7,0,0,0,9682,0,0,0,0,9682,0,0,0,0,0,0,12032,290810
29,10,0,0,0,9682,0,0,0,0,0,10998,0,0,0,0,9682,0,256618
29,13,0,0,0,9682,0,0,0,0,0,10998,0,0,0,0,0,10998,298453
29,16,0,0,0,9682,0,0,0,0,0,10998,0,0,0,0,0,0,356414
29,19,0,0,0,9682,0,0,0,0,0,0,12032,0,0,0,0,9682,290910
29,22,0,0,0,9682,0,0,0,0,0,0,12032,0,0,0,0,0,354524
29,28,0,0,0,0,10998,0,0,0,0,9682,0,0,0,0,9682,0,258880
29,31,0,0,0,0,10998,0,0,0,0,9682,0,0,0,0,0,10998,300715
29,34,0,0,0,0,10998,0,0,0,0,9682,0,0,0,0,0,0,358676
29,37,0,0,0,0,10998,0,0,0,0,0,10998,0,0,0,0,9682,302141
29,40,0,0,0,0,10998,0,0,0,0,0,10998,0,0,0,0,0,365755
29,46,0,0,0,0,10998,0,0,0,0,0,0,12032,0,0,0,0,358770
29,55,0,0,0,0,0,12032,0,0,0,0,9682,0,0,0,0,9682,291055
29,58,0,0,0,0,0,12032,0,0,0,0,9682,0,0,0,0,0,354669
29,64,0,0,0,0,0,12032,0,0,0,0,0,10998,0,0,0,0,355989
29,73,0,0,0,0,0,12032,0,0,0,0,0,0,12032,0,0,0,249458
30,1,0,0,0,5340,0,0,0,0,5340,0,0,0,0,5340,0,0,81288
30,4,0,0,0,5340,0,0,0,0,5340,0,0,0,0,0,6210,0,94747
30,7,0,0,0,5340,0,0,0,0,5340,0,0,0,0,0,0,6930,118207
30,10,0,0,0,5340,0,0,0,0,0,6210,0,0,0,0,5340,0,97650
30,13,0,0,0,5340,0,0,0,0,0,6210,0,0,0,0,0,6210,124571
30,16,0,0,0,5340,0,0,0,0,0,6210,0,0,0,0,0,0,162952
30,19,0,0,0,5340,0,0,0,0,0,0,6930,0,0,0,0,5340,122174
30,22,0,0,0,5340,0,0,0,0,0,0,6930,0,0,0,0,0,163759
30,28,0,0,0,0,6210,0,0,0,0,5340,0,0,0,0,5340,0,101916
30,31,0,0,0,0,6210,0,0,0,0,5340,0,0,0,0,0,6210,128837
30,34,0,0,0,0,6210,0,0,0,0,5340,0,0,0,0,0,0,167218
30,37,0,0,0,0,6210,0,0,0,0,0,6210,0,0,0,0,5340,131526
30,40,0,0,0,0,6210,0,0,0,0,0,6210,0,0,0,0,0,173111
30,46,0,0,0,0,6210,0,0,0,0,0,0,6930,0,0,0,0,170892
30,55,0,0,0,0,0,6930,0,0,0,0,5340,0,0,0,0,5340,128002
30,58,0,0,0,0,0,6930,0,0,0,0,5340,0,0,0,0,0,169587
30,64,0,0,0,0,0,6930,0,0,0,0,0,6210,0,0,0,0,172078
30,73,0,0,0,0,0,6930,0,0,0,0,0,0,6930,0,0,0,116277
31,1,0,0,0,3775,0,0,0,0,3775,0,0,0,0,3775,0,0,10306
31,4,0,0,0,3775,0,0,0,0,3775,0,0,0,0,0,4525,0,24034
31,7,0,0,0,3775,0,0,0,0,3775,0,0,0,0,0,0,5125,43382
31,10,0,0,0,3775,0,0,0,0,0,4525,0,0,0,0,3775,0,28003
31,13,0,0,0,3775,0,0,0,0,0,4525,0,0,0,0,0,4525,50661
31,16,0,0,0,3775,0,0,0,0,0,4525,0,0,0,0,0,0,83258
31,19,0,0,0,3775,0,0,0,0,0,0,5125,0,0,0,0,3775,49473
31,22,0,0,0,3775,0,0,0,0,0,0,5125,0,0,0,0,0,85135
31,28,0,0,0,0,4525,0,0,0,0,3775,0,0,0,0,3775,0,33834
31,31,0,0,0,0,4525,0,0,0,0,3775,0,0,0,0,0,4525,56492
31,34,0,0,0,0,4525,0,0,0,0,3775,0,0,0,0,0,0,89089
31,37,0,0,0,0,4525,0,0,0,0,0,4525,0,0,0,0,3775,60167
31,40,0,0,0,0,4525,0,0,0,0,0,4525,0,0,0,0,0,95829
31,46,0,0,0,0,4525,0,0,0,0,0,0,5125,0,0,0,0,94730
31,55,0,0,0,0,0,5125,0,0,0,0,3775,0,0,0,0,3775,58422
31,58,0,0,0,0,0,5125,0,0,0,0,3775,0,0,0,0,0,94084
31,64,0,0,0,0,0,5125,0,0,0,0,0,4525,0,0,0,0,97489
31,73,0,0,0,0,0,5125,0,0,0,0,0,0,5125,0,0,0,59976
32,1,0,0,0,6708,0,0,0,0,6708,0,0,0,0,6708,0,0,85766
32,4,0,0,0,6708,0,0,0,0,6708,0,0,0,0,0,7839,0,104037
32,7,0,0,0,6708,0,0,0,0,6708,0,0,0,0,0,0,8775,134375
32,10,0,0,0,6708,0,0,0,0,0,7839,0,0,0,0,6708,0,108279
32,13,0,0,0,6708,0,0,0,0,0,7839,0,0,0,0,0,7839,143117
32,16,0,0,0,6708,0,0,0,0,0,7839,0,0,0,0,0,0,193284
32,19,0,0,0,6708,0,0,0,0,0,0,8775,0,0,0,0,6708,140433
32,22,0,0,0,6708,0,0,0,0,0,0,8775,0,0,0,0,0,194766
32,28,0,0,0,0,7839,0,0,0,0,6708,0,0,0,0,6708,0,114511
32,31,0,0,0,0,7839,0,0,0,0,6708,0,0,0,0,0,7839,149349
32,34,0,0,0,0,7839,0,0,0,0,6708,0,0,0,0,0,0,199516
32,37,0,0,0,0,7839,0,0,0,0,0,7839,0,0,0,0,6708,153276
32,40,0,0,0,0,7839,0,0,0,0,0,7839,0,0,0,0,0,207609
32,46,0,0,0,0,7839,0,0,0,0,0,0,8775,0,0,0,0,205124
32,55,0,0,0,0,0,8775,0,0,0,0,6708,0,0,0,0,6708,149334
32,58,0,0,0,0,0,8775,0,0,0,0,6708,0,0,0,0,0,203667
32,64,0,0,0,0,0,8775,0,0,0,0,0,7839,0,0,0,0,207303
32,73,0,0,0,0,0,8775,0,0,0,0,0,0,8775,0,0,0,137867
33,1,0,0,0,5688,0,0,0,0,5688,0,0,0,0,5688,0,0,36281
33,4,0,0,0,5688,0,0,0,0,5688,0,0,0,0,0,6768,0,55285
33,7,0,0,0,5688,0,0,0,0,5688,0,0,0,0,0,0,7632,83249
33,10,0,0,0,5688,0,0,0,0,0,6768,0,0,0,0,5688,0,60496
33,13,0,0,0,5688,0,0,0,0,0,6768,0,0,0,0,0,6768,93227
33,16,0,0,0,5688,0,0,0,0,0,6768,0,0,0,0,0,0,139871
33,19,0,0,0,5688,0,0,0,0,0,0,7632,0,0,0,0,5688,91050
33,22,0,0,0,5688,0,0,0,0,0,0,7632,0,0,0,0,0,142108
33,28,0,0,0,0,6768,0,0,0,0,5688,0,0,0,0,5688,0,68155
33,31,0,0,0,0,6768,0,0,0,0,5688,0,0,0,0,0,6768,100886
33,34,0,0,0,0,6768,0,0,0,0,5688,0,0,0,0,0,0,147530
33,37,0,0,0,0,6768,0,0,0,0,0,6768,0,0,0,0,5688,105712
33,40,0,0,0,0,6768,0,0,0,0,0,6768,0,0,0,0,0,156770
33,46,0,0,0,0,6768,0,0,0,0,0,0,7632,0,0,0,0,154754
33,55,0,0,0,0,0,7632,0,0,0,0,5688,0,0,0,0,5688,102512
33,58,0,0,0,0,0,7632,0,0,0,0,5688,0,0,0,0,0,153570
33,64,0,0,0,0,0,7632,0,0,0,0,0,6768,0,0,0,0,158038
33,73,0,0,0,0,0,7632,0,0,0,0,0,0,7632,0,0,0,100677
34,1,0,0,0,8550,0,0,0,0,8550,0,0,0,0,8550,0,0,167881
34,4,0,0,0,8550,0,0,0,0,8550,0,0,0,0,0,9855,0,186283
34,7,0,0,0,8550,0,0,0,0,8550,0,0,0,0,0,0,10890,220871
34,10,0,0,0,8550,0,0,0,0,0,9855,0,0,0,0,8550,0,189558
34,13,0,0,0,8550,0,0,0,0,0,9855,0,0,0,0,0,9855,230047
34,16,0,0,0,8550,0,0,0,0,0,9855,0,0,0,0,0,0,286593
34,19,0,0,0,8550,0,0,0,0,0,0,10890,0,0,0,0,8550,224408
34,22,0,0,0,8550,0,0,0,0,0,0,10890,0,0,0,0,0,286418
34,28,0,0,0,0,9855,0,0,0,0,8550,0,0,0,0,8550,0,194368
34,31,0,0,0,0,9855,0,0,0,0,8550,0,0,0,0,0,9855,234857
34,34,0,0,0,0,9855,0,0,0,0,8550,0,0,0,0,0,0,291403
34,37,0,0,0,0,9855,0,0,0,0,0,9855,0,0,0,0,8550,237889
34,40,0,0,0,0,9855,0,0,0,0,0,9855,0,0,0,0,0,299899
34,46,0,0,0,0,9855,0,0,0,0,0,0,10890,0,0,0,0,294676
34,55,0,0,0,0,0,10890,0,0,0,0,8550,0,0,0,0,8550,229603
34,58,0,0,0,0,0,10890,0,0,0,0,8550,0,0,0,0,0,291613
34,64,0,0,0,0,0,10890,0,0,0,0,0,9855,0,0,0,0,294418
34,73,0,0,0,0,0,10890,0,0,0,0,0,0,10890,0,0,0,202663
35,1,0,0,7839,0,0,0,0,7839,0,0,0,0,7839,0,0,0,282904
35,4,0,0,7839,0,0,0,0,7839,0,0,0,0,0,8931,0,0,279011
35,7,0,0,7839,0,0,0,0,7839,0,0,0,0,0,0,9828,0,287995
35,10,0,0,7839,0,0,0,0,0,8931,0,0,0,0,7839,0,0,280814
35,13,0,0,7839,0,0,0,0,0,8931,0,0,0,0,0,8931,0,294604
35,16,0,0,7839,0,0,0,0,0,8931,0,0,0,0,0,0,9828,324771
35,19,0,0,7839,0,0,0,0,0,0,9828,0,0,0,0,7839,0,289208
35,22,0,0,7839,0,0,0,0,0,0,9828,0,0,0,0,0,8931,323825
35,25,0,0,7839,0,0,0,0,0,0,9828,0,0,0,0,0,0,372604
35,28,0,0,0,8931,0,0,0,0,7839,0,0,0,0,7839,0,0,283459
35,31,0,0,0,8931,0,0,0,0,7839,0,0,0,0,0,8931,0,297249
35,34,0,0,0,8931,0,0,0,0,7839,0,0,0,0,0,0,9828,327416
35,37,0,0,0,8931,0,0,0,0,0,8931,0,0,0,0,7839,0,298916
35,40,0,0,0,8931,0,0,0,0,0,8931,0,0,0,0,0,8931,333533
35,43,0,0,0,8931,0,0,0,0,0,8931,0,0,0,0,0,0,382312
35,46,0,0,0,8931,0,0,0,0,0,0,9828,0,0,0,0,7839,328538
35,49,0,0,0,8931,0,0,0,0,0,0,9828,0,0,0,0,0,381438
35,55,0,0,0,0,9828,0,0,0,0,7839,0,0,0,0,7839,0,290989
35,58,0,0,0,0,9828,0,0,0,0,7839,0,0,0,0,0,8931,325606
35,61,0,0,0,0,9828,0,0,0,0,7839,0,0,0,0,0,0,374385
35,64,0,0,0,0,9828,0,0,0,0,0,8931,0,0,0,0,7839,327149
35,67,0,0,0,0,9828,0,0,0,0,0,8931,0,0,0,0,0,380049
35,73,0,0,0,0,9828,0,0,0,0,0,0,9828,0,0,0,0,375422
36,1,0,0,7912,0,0,0,0,7912,0,0,0,0,7912,0,0,0,242608
36,4,0,0,7912,0,0,0,0,7912,0,0,0,0,0,9159,0,0,242315
36,7,0,0,7912,0,0,0,0,7912,0,0,0,0,0,0,10148,0,254661
36,10,0,0,7912,0,0,0,0,0,9159,0,0,0,0,7912,0,0,246251
36,13,0,0,7912,0,0,0,0,0,9159,0,0,0,0,0,9159,0,264687
36,16,0,0,7912,0,0,0,0,0,9159,0,0,0,0,0,0,10148,297687
36,19,0,0,7912,0,0,0,0,0,0,10148,0,0,0,0,7912,0,259384
36,22,0,0,7912,0,0,0,0,0,0,10148,0,0,0,0,0,9159,298023
36,25,0,0,7912,0,0,0,0,0,0,10148,0,0,0,0,0,0,352232
36,28,0,0,0,9159,0,0,0,0,7912,0,0,0,0,7912,0,0,252036
36,31,0,0,0,9159,0,0,0,0,7912,0,0,0,0,0,9159,0,270472
36,34,0,0,0,9159,0,0,0,0,7912,0,0,0,0,0,0,10148,303472
36,37,0,0,0,9159,0,0,0,0,0,9159,0,0,0,0,7912,0,274117
36,40,0,0,0,9159,0,0,0,0,0,9159,0,0,0,0,0,9159,312756
36,43,0,0,0,9159,0,0,0,0,0,9159,0,0,0,0,0,0,366965
36,46,0,0,0,9159,0,0,0,0,0,0,10148,0,0,0,0,7912,307845
36,49,0,0,0,9159,0,0,0,0,0,0,10148,0,0,0,0,0,367275
36,55,0,0,0,0,10148,0,0,0,0,7912,0,0,0,0,7912,0,266323
36,58,0,0,0,0,10148,0,0,0,0,7912,0,0,0,0,0,9159,304962
36,61,0,0,0,0,10148,0,0,0,0,7912,0,0,0,0,0,0,359171
36,64,0,0,0,0,10148,0,0,0,0,0,9159,0,0,0,0,7912,308336
36,67,0,0,0,0,10148,0,0,0,0,0,9159,0,0,0,0,0,367766
36,73,0,0,0,0,10148,0,0,0,0,0,0,10148,0,0,0,0,363220
37,1,0,0,5888,0,0,0,0,5888,0,0,0,0,5888,0,0,0,180552
37,4,0,0,5888,0,0,0,0,5888,0,0,0,0,0,6816,0,0,180333
37,7,0,0,5888,0,0,0,0,5888,0,0,0,0,0,0,7552,0,189521
37,10,0,0,5888,0,0,0,0,0,6816,0,0,0,0,5888,0,0,183262
37,13,0,0,5888,0,0,0,0,0,6816,0,0,0,0,0,6816,0,196982
37,16,0,0,5888,0,0,0,0,0,6816,0,0,0,0,0,0,7552,221541
37,19,0,0,5888,0,0,0,0,0,0,7552,0,0,0,0,5888,0,193034
37,22,0,0,5888,0,0,0,0,0,0,7552,0,0,0,0,0,6816,221789
37,25,0,0,5888,0,0,0,0,0,0,7552,0,0,0,0,0,0,262129
37,28,0,0,0,6816,0,0,0,0,5888,0,0,0,0,5888,0,0,187565
37,31,0,0,0,6816,0,0,0,0,5888,0,0,0,0,0,6816,0,201285
37,34,0,0,0,6816,0,0,0,0,5888,0,0,0,0,0,0,7552,225844
37,37,0,0,0,6816,0,0,0,0,0,6816,0,0,0,0,5888,0,203997
37,40,0,0,0,6816,0,0,0,0,0,6816,0,0,0,0,0,6816,232752
37,43,0,0,0,6816,0,0,0,0,0,6816,0,0,0,0,0,0,273092
37,46,0,0,0,6816,0,0,0,0,0,0,7552,0,0,0,0,5888,229098
37,49,0,0,0,6816,0,0,0,0,0,0,7552,0,0,0,0,0,273324
37,55,0,0,0,0,7552,0,0,0,0,5888,0,0,0,0,5888,0,198197
37,58,0,0,0,0,7552,0,0,0,0,5888,0,0,0,0,0,6816,226952
37,61,0,0,0,0,7552,0,0,0,0,5888,0,0,0,0,0,0,267292
37,64,0,0,0,0,7552,0,0,0,0,0,6816,0,0,0,0,5888,229465
37,67,0,0,0,0,7552,0,0,0,0,0,6816,0,0,0,0,0,273691
37,73,0,0,0,0,7552,0,0,0,0,0,0,7552,0,0,0,0,270306
38,1,0,0,6105,0,0,0,0,6105,0,0,0,0,6105,0,0,0,142102
38,4,0,0,6105,0,0,0,0,6105,0,0,0,0,0,7215,0,0,145615
38,7,0,0,6105,0,0,0,0,6105,0,0,0,0,0,0,8103,0,159072
38,10,0,0,6105,0,0,0,0,0,7215,0,0,0,0,6105,0,0,150842
38,13,0,0,6105,0,0,0,0,0,7215,0,0,0,0,0,7215,0,169589
38,16,0,0,6105,0,0,0,0,0,7215,0,0,0,0,0,0,8103,198327
38,19,0,0,6105,0,0,0,0,0,0,8103,0,0,0,0,6105,0,166654
38,22,0,0,6105,0,0,0,0,0,0,8103,0,0,0,0,0,7215,200291
38,25,0,0,6105,0,0,0,0,0,0,8103,0,0,0,0,0,0,248036
38,28,0,0,0,7215,0,0,0,0,6105,0,0,0,0,6105,0,0,158519
38,31,0,0,0,7215,0,0,0,0,6105,0,0,0,0,0,7215,0,177266
38,34,0,0,0,7215,0,0,0,0,6105,0,0,0,0,0,0,8103,206004
38,37,0,0,0,7215,0,0,0,0,0,7215,0,0,0,0,6105,0,182105
38,40,0,0,0,7215,0,0,0,0,0,7215,0,0,0,0,0,7215,215742
38,43,0,0,0,7215,0,0,0,0,0,7215,0,0,0,0,0,0,263487
38,46,0,0,0,7215,0,0,0,0,0,0,8103,0,0,0,0,6105,213025
38,49,0,0,0,7215,0,0,0,0,0,0,8103,0,0,0,0,0,265306
38,55,0,0,0,0,8103,0,0,0,0,6105,0,0,0,0,6105,0,177791
38,58,0,0,0,0,8103,0,0,0,0,6105,0,0,0,0,0,7215,211428
38,61,0,0,0,0,8103,0,0,0,0,6105,0,0,0,0,0,0,259173
38,64,0,0,0,0,8103,0,0,0,0,0,7215,0,0,0,0,6105,215909
38,67,0,0,0,0,8103,0,0,0,0,0,7215,0,0,0,0,0,268190
38,73,0,0,0,0,8103,0,0,0,0,0,0,8103,0,0,0,0,265673
39,1,0,0,7544,0,0,0,0,7544,0,0,0,0,7544,0,0,0,231328
39,4,0,0,7544,0,0,0,0,7544,0,0,0,0,0,8733,0,0,231048
39,7,0,0,7544,0,0,0,0,7544,0,0,0,0,0,0,9676,0,242819
39,10,0,0,7544,0,0,0,0,0,8733,0,0,0,0,7544,0,0,234800
39,13,0,0,7544,0,0,0,0,0,8733,0,0,0,0,0,8733,0,252378
39,16,0,0,7544,0,0,0,0,0,8733,0,0,0,0,0,0,9676,283844
39,19,0,0,7544,0,0,0,0,0,0,9676,0,0,0,0,7544,0,247322
39,22,0,0,7544,0,0,0,0,0,0,9676,0,0,0,0,0,8733,284165
39,25,0,0,7544,0,0,0,0,0,0,9676,0,0,0,0,0,0,335851
39,28,0,0,0,8733,0,0,0,0,7544,0,0,0,0,7544,0,0,240314
39,31,0,0,0,8733,0,0,0,0,7544,0,0,0,0,0,8733,0,257892
39,34,0,0,0,8733,0,0,0,0,7544,0,0,0,0,0,0,9676,289358
39,37,0,0,0,8733,0,0,0,0,0,8733,0,0,0,0,7544,0,261369
39,40,0,0,0,8733,0,0,0,0,0,8733,0,0,0,0,0,8733,298212
39,43,0,0,0,8733,0,0,0,0,0,8733,0,0,0,0,0,0,349898
39,46,0,0,0,8733,0,0,0,0,0,0,9676,0,0,0,0,7544,293529
39,49,0,0,0,8733,0,0,0,0,0,0,9676,0,0,0,0,0,350195
39,55,0,0,0,0,9676,0,0,0,0,7544,0,0,0,0,7544,0,253939
39,58,0,0,0,0,9676,0,0,0,0,7544,0,0,0,0,0,8733,290782
39,61,0,0,0,0,9676,0,0,0,0,7544,0,0,0,0,0,0,342468
39,64,0,0,0,0,9676,0,0,0,0,0,8733,0,0,0,0,7544,293999
39,67,0,0,0,0,9676,0,0,0,0,0,8733,0,0,0,0,0,350665
39,73,0,0,0,0,9676,0,0,0,0,0,0,9676,0,0,0,0,346329
40,1,0,0,5880,0,0,0,0,5880,0,0,0,0,5880,0,0,0,203398
40,4,0,0,5880,0,0,0,0,5880,0,0,0,0,0,6720,0,0,201061
40,7,0,0,5880,0,0,0,0,5880,0,0,0,0,0,0,7410,0,208525
40,10,0,0,5880,0,0,0,0,0,6720,0,0,0,0,5880,0,0,202769
40,13,0,0,5880,0,0,0,0,0,6720,0,0,0,0,0,6720,0,213931
40,16,0,0,5880,0,0,0,0,0,6720,0,0,0,0,0,0,7410,237063
40,19,0,0,5880,0,0,0,0,0,0,7410,0,0,0,0,5880,0,210082
40,22,0,0,5880,0,0,0,0,0,0,7410,0,0,0,0,0,6720,236637
40,25,0,0,5880,0,0,0,0,0,0,7410,0,0,0,0,0,0,274247
40,28,0,0,0,6720,0,0,0,0,5880,0,0,0,0,5880,0,0,205281
40,31,0,0,0,6720,0,0,0,0,5880,0,0,0,0,0,6720,0,216443
40,34,0,0,0,6720,0,0,0,0,5880,0,0,0,0,0,0,7410,239575
40,37,0,0,0,6720,0,0,0,0,0,6720,0,0,0,0,5880,0,218026
40,40,0,0,0,6720,0,0,0,0,0,6720,0,0,0,0,0,6720,244581
40,43,0,0,0,6720,0,0,0,0,0,6720,0,0,0,0,0,0,282191
40,46,0,0,0,6720,0,0,0,0,0,0,7410,0,0,0,0,5880,241018
40,49,0,0,0,6720,0,0,0,0,0,0,7410,0,0,0,0,0,281798
40,55,0,0,0,0,7410,0,0,0,0,5880,0,0,0,0,5880,0,212370
40,58,0,0,0,0,7410,0,0,0,0,5880,0,0,0,0,0,6720,238925
40,61,0,0,0,0,7410,0,0,0,0,5880,0,0,0,0,0,0,276535
40,64,0,0,0,0,7410,0,0,0,0,0,6720,0,0,0,0,5880,240392
40,67,0,0,0,0,7410,0,0,0,0,0,6720,0,0,0,0,0,281172
40,73,0,0,0,0,7410,0,0,0,0,0,0,7410,0,0,0,0,277871
41,1,0,0,4968,0,0,0,0,4968,0,0,0,0,4968,0,0,0,152339
41,4,0,0,4968,0,0,0,0,4968,0,0,0,0,0,5751,0,0,152154
41,7,0,0,4968,0,0,0,0,4968,0,0,0,0,0,0,6372,0,159905
41,10,0,0,4968,0,0,0,0,0,5751,0,0,0,0,4968,0,0,154625
41,13,0,0,4968,0,0,0,0,0,5751,0,0,0,0,0,5751,0,166201
41,16,0,0,4968,0,0,0,0,0,5751,0,0,0,0,0,0,6372,186922
41,19,0,0,4968,0,0,0,0,0,0,6372,0,0,0,0,4968,0,162871
41,22,0,0,4968,0,0,0,0,0,0,6372,0,0,0,0,0,5751,187133
41,25,0,0,4968,0,0,0,0,0,0,6372,0,0,0,0,0,0,221170
41,28,0,0,0,5751,0,0,0,0,4968,0,0,0,0,4968,0,0,158255
41,31,0,0,0,5751,0,0,0,0,4968,0,0,0,0,0,5751,0,169831
41,34,0,0,0,5751,0,0,0,0,4968,0,0,0,0,0,0,6372,190552
41,37,0,0,0,5751,0,0,0,0,0,5751,0,0,0,0,4968,0,172120
41,40,0,0,0,5751,0,0,0,0,0,5751,0,0,0,0,0,5751,196382
41,43,0,0,0,5751,0,0,0,0,0,5751,0,0,0,0,0,0,230419
41,46,0,0,0,5751,0,0,0,0,0,0,6372,0,0,0,0,4968,193298
41,49,0,0,0,5751,0,0,0,0,0,0,6372,0,0,0,0,0,230614
41,55,0,0,0,0,6372,0,0,0,0,4968,0,0,0,0,4968,0,167227
41,58,0,0,0,0,6372,0,0,0,0,4968,0,0,0,0,0,5751,191489
41,61,0,0,0,0,6372,0,0,0,0,4968,0,0,0,0,0,0,225526
41,64,0,0,0,0,6372,0,0,0,0,0,5751,0,0,0,0,4968,193607
41,67,0,0,0,0,6372,0,0,0,0,0,5751,0,0,0,0,0,230923
41,73,0,0,0,0,6372,0,0,0,0,0,0,6372,0,0,0,0,228069
42,1,0,0,7425,0,0,0,0,7425,0,0,0,0,7425,0,0,0,172824
42,4,0,0,7425,0,0,0,0,7425,0,0,0,0,0,8775,0,0,177095
42,7,0,0,7425,0,0,0,0,7425,0,0,0,0,0,0,9855,0,193462
42,10,0,0,7425,0,0,0,0,0,8775,0,0,0,0,7425,0,0,183452
42,13,0,0,7425,0,0,0,0,0,8775,0,0,0,0,0,8775,0,206253
42,16,0,0,7425,0,0,0,0,0,8775,0,0,0,0,0,0,9855,241205
42,19,0,0,7425,0,0,0,0,0,0,9855,0,0,0,0,7425,0,202684
42,22,0,0,7425,0,0,0,0,0,0,9855,0,0,0,0,0,8775,243594
42,25,0,0,7425,0,0,0,0,0,0,9855,0,0,0,0,0,0,301664
42,28,0,0,0,8775,0,0,0,0,7425,0,0,0,0,7425,0,0,192792
42,31,0,0,0,8775,0,0,0,0,7425,0,0,0,0,0,8775,0,215593
42,34,0,0,0,8775,0,0,0,0,7425,0,0,0,0,0,0,9855,250545
42,37,0,0,0,8775,0,0,0,0,0,8775,0,0,0,0,7425,0,221479
42,40,0,0,0,8775,0,0,0,0,0,8775,0,0,0,0,0,8775,262389
42,43,0,0,0,8775,0,0,0,0,0,8775,0,0,0,0,0,0,320459
42,46,0,0,0,8775,0,0,0,0,0,0,9855,0,0,0,0,7425,259083
42,49,0,0,0,8775,0,0,0,0,0,0,9855,0,0,0,0,0,322670
42,55,0,0,0,0,9855,0,0,0,0,7425,0,0,0,0,7425,0,216233
42,58,0,0,0,0,9855,0,0,0,0,7425,0,0,0,0,0,8775,257143
42,61,0,0,0,0,9855,0,0,0,0,7425,0,0,0,0,0,0,315213
42,64,0,0,0,0,9855,0,0,0,0,0,8775,0,0,0,0,7425,262592
42,67,0,0,0,0,9855,0,0,0,0,0,8775,0,0,0,0,0,326179
42,73,0,0,0,0,9855,0,0,0,0,0,0,9855,0,0,0,0,323116
43,1,0,0,3960,0,0,0,0,3960,0,0,0,0,3960,0,0,0,92180
43,4,0,0,3960,0,0,0,0,3960,0,0,0,0,0,4680,0,0,94459
43,7,0,0,3960,0,0,0,0,3960,0,0,0,0,0,0,5256,0,103188
43,10,0,0,3960,0,0,0,0,0,4680,0,0,0,0,3960,0,0,97848
43,13,0,0,3960,0,0,0,0,0,4680,0,0,0,0,0,4680,0,110009
43,16,0,0,3960,0,0,0,0,0,4680,0,0,0,0,0,0,5256,128650
43,19,0,0,3960,0,0,0,0,0,0,5256,0,0,0,0,3960,0,108106
43,22,0,0,3960,0,0,0,0,0,0,5256,0,0,0,0,0,4680,129924
43,25,0,0,3960,0,0,0,0,0,0,5256,0,0,0,0,0,0,160895
43,28,0,0,0,4680,0,0,0,0,3960,0,0,0,0,3960,0,0,102829
43,31,0,0,0,4680,0,0,0,0,3960,0,0,0,0,0,4680,0,114990
43,34,0,0,0,4680,0,0,0,0,3960,0,0,0,0,0,0,5256,133631
43,37,0,0,0,4680,0,0,0,0,0,4680,0,0,0,0,3960,0,118130
43,40,0,0,0,4680,0,0,0,0,0,4680,0,0,0,0,0,4680,139948
43,43,0,0,0,4680,0,0,0,0,0,4680,0,0,0,0,0,0,170919
43,46,0,0,0,4680,0,0,0,0,0,0,5256,0,0,0,0,3960,138184
43,49,0,0,0,4680,0,0,0,0,0,0,5256,0,0,0,0,0,172097
43,55,0,0,0,0,5256,0,0,0,0,3960,0,0,0,0,3960,0,115331
43,58,0,0,0,0,5256,0,0,0,0,3960,0,0,0,0,0,4680,137149
43,61,0,0,0,0,5256,0,0,0,0,3960,0,0,0,0,0,0,168120
43,64,0,0,0,0,5256,0,0,0,0,0,4680,0,0,0,0,3960,140054
43,67,0,0,0,0,5256,0,0,0,0,0,4680,0,0,0,0,0,173967
43,73,0,0,0,0,5256,0,0,0,0,0,0,5256,0,0,0,0,172334
44,1,0,0,6364,0,0,0,0,6364,0,0,0,0,6364,0,0,0,166659
44,4,0,0,6364,0,0,0,0,6364,0,0,0,0,0,7437,0,0,168355
44,7,0,0,6364,0,0,0,0,6364,0,0,0,0,0,0,8325,0,181077
44,10,0,0,6364,0,0,0,0,0,7437,0,0,0,0,6364,0,0,172703
44,13,0,0,6364,0,0,0,0,0,7437,0,0,0,0,0,7437,0,190035
44,16,0,0,6364,0,0,0,0,0,7437,0,0,0,0,0,0,8325,218818
44,19,0,0,6364,0,0,0,0,0,0,8325,0,0,0,0,6364,0,187286
44,22,0,0,6364,0,0,0,0,0,0,8325,0,0,0,0,0,7437,220337
44,25,0,0,6364,0,0,0,0,0,0,8325,0,0,0,0,0,0,267931
44,28,0,0,0,7437,0,0,0,0,6364,0,0,0,0,6364,0,0,179089
44,31,0,0,0,7437,0,0,0,0,6364,0,0,0,0,0,7437,0,196421
44,34,0,0,0,7437,0,0,0,0,6364,0,0,0,0,0,0,8325,225204
44,37,0,0,0,7437,0,0,0,0,0,7437,0,0,0,0,6364,0,200447
44,40,0,0,0,7437,0,0,0,0,0,7437,0,0,0,0,0,7437,233498
44,43,0,0,0,7437,0,0,0,0,0,7437,0,0,0,0,0,0,281092
44,46,0,0,0,7437,0,0,0,0,0,0,8325,0,0,0,0,6364,230952
44,49,0,0,0,7437,0,0,0,0,0,0,8325,0,0,0,0,0,282499
44,55,0,0,0,0,8325,0,0,0,0,6364,0,0,0,0,6364,0,196405
44,58,0,0,0,0,8325,0,0,0,0,6364,0,0,0,0,0,7437,229456
44,61,0,0,0,0,8325,0,0,0,0,6364,0,0,0,0,0,0,277050
44,64,0,0,0,0,8325,0,0,0,0,0,7437,0,0,0,0,6364,233183
44,67,0,0,0,0,8325,0,0,0,0,0,7437,0,0,0,0,0,284730
44,73,0,0,0,0,8325,0,0,0,0,0,0,8325,0,0,0,0,282372
45,1,0,0,3920,0,0,0,0,3920,0,0,0,0,3920,0,0,0,135597
45,4,0,0,3920,0,0,0,0,3920,0,0,0,0,0,4480,0,0,134038
45,7,0,0,3920,0,0,0,0,3920,0,0,0,0,0,0,4940,0,139014
45,10,0,0,3920,0,0,0,0,0,4480,0,0,0,0,3920,0,0,135179
45,13,0,0,3920,0,0,0,0,0,4480,0,0,0,0,0,4480,0,142619
45,16,0,0,3920,0,0,0,0,0,4480,0,0,0,0,0,0,4940,158041
45,19,0,0,3920,0,0,0,0,0,0,4940,0,0,0,0,3920,0,140053
45,22,0,0,3920,0,0,0,0,0,0,4940,0,0,0,0,0,4480,157758
45,25,0,0,3920,0,0,0,0,0,0,4940,0,0,0,0,0,0,182832
45,28,0,0,0,4480,0,0,0,0,3920,0,0,0,0,3920,0,0,136854
45,31,0,0,0,4480,0,0,0,0,3920,0,0,0,0,0,4480,0,144294
45,34,0,0,0,4480,0,0,0,0,3920,0,0,0,0,0,0,4940,159716
45,37,0,0,0,4480,0,0,0,0,0,4480,0,0,0,0,3920,0,145349
45,40,0,0,0,4480,0,0,0,0,0,4480,0,0,0,0,0,4480,163054
45,43,0,0,0,4480,0,0,0,0,0,4480,0,0,0,0,0,0,188128
45,46,0,0,0,4480,0,0,0,0,0,0,4940,0,0,0,0,3920,160679
45,49,0,0,0,4480,0,0,0,0,0,0,4940,0,0,0,0,0,187866
45,55,0,0,0,0,4940,0,0,0,0,3920,0,0,0,0,3920,0,141577
45,58,0,0,0,0,4940,0,0,0,0,3920,0,0,0,0,0,4480,159282
45,61,0,0,0,0,4940,0,0,0,0,3920,0,0,0,0,0,0,184356
45,64,0,0,0,0,4940,0,0,0,0,0,4480,0,0,0,0,3920,160260
45,67,0,0,0,0,4940,0,0,0,0,0,4480,0,0,0,0,0,187447
45,73,0,0,0,0,4940,0,0,0,0,0,0,4940,0,0,0,0,185246
46,1,0,0,4816,0,0,0,0,4816,0,0,0,0,4816,0,0,0,126122
46,4,0,0,4816,0,0,0,0,4816,0,0,0,0,0,5628,0,0,127407
46,7,0,0,4816,0,0,0,0,4816,0,0,0,0,0,0,6300,0,137034
46,10,0,0,4816,0,0,0,0,0,5628,0,0,0,0,4816,0,0,130697
46,13,0,0,4816,0,0,0,0,0,5628,0,0,0,0,0,5628,0,143813
46,16,0,0,4816,0,0,0,0,0,5628,0,0,0,0,0,0,6300,165593
46,19,0,0,4816,0,0,0,0,0,0,6300,0,0,0,0,4816,0,141731
46,22,0,0,4816,0,0,0,0,0,0,6300,0,0,0,0,0,5628,166742
46,25,0,0,4816,0,0,0,0,0,0,6300,0,0,0,0,0,0,202759
46,28,0,0,0,5628,0,0,0,0,4816,0,0,0,0,4816,0,0,135530
46,31,0,0,0,5628,0,0,0,0,4816,0,0,0,0,0,5628,0,148646
46,34,0,0,0,5628,0,0,0,0,4816,0,0,0,0,0,0,6300,170426
46,37,0,0,0,5628,0,0,0,0,0,5628,0,0,0,0,4816,0,151691
46,40,0,0,0,5628,0,0,0,0,0,5628,0,0,0,0,0,5628,176702
46,43,0,0,0,5628,0,0,0,0,0,5628,0,0,0,0,0,0,212719
46,46,0,0,0,5628,0,0,0,0,0,0,6300,0,0,0,0,4816,174775
46,49,0,0,0,5628,0,0,0,0,0,0,6300,0,0,0,0,0,213784
46,55,0,0,0,0,6300,0,0,0,0,4816,0,0,0,0,4816,0,148633
46,58,0,0,0,0,6300,0,0,0,0,4816,0,0,0,0,0,5628,173644
46,61,0,0,0,0,6300,0,0,0,0,4816,0,0,0,0,0,0,209661
46,64,0,0,0,0,6300,0,0,0,0,0,5628,0,0,0,0,4816,176464
46,67,0,0,0,0,6300,0,0,0,0,0,5628,0,0,0,0,0,215473
46,73,0,0,0,0,6300,0,0,0,0,0,0,6300,0,0,0,0,213689
47,1,0,0,4623,0,0,0,0,4623,0,0,0,0,4623,0,0,0,166844
47,4,0,0,4623,0,0,0,0,4623,0,0,0,0,0,5267,0,0,164548
47,7,0,0,4623,0,0,0,0,4623,0,0,0,0,0,0,5796,0,169846
47,10,0,0,4623,0,0,0,0,0,5267,0,0,0,0,4623,0,0,165610
47,13,0,0,4623,0,0,0,0,0,5267,0,0,0,0,0,5267,0,173743
47,16,0,0,4623,0,0,0,0,0,5267,0,0,0,0,0,0,5796,191533
47,19,0,0,4623,0,0,0,0,0,0,5796,0,0,0,0,4623,0,170561
47,22,0,0,4623,0,0,0,0,0,0,5796,0,0,0,0,0,5267,190976
47,25,0,0,4623,0,0,0,0,0,0,5796,0,0,0,0,0,0,219742
47,28,0,0,0,5267,0,0,0,0,4623,0,0,0,0,4623,0,0,167172
47,31,0,0,0,5267,0,0,0,0,4623,0,0,0,0,0,5267,0,175305
47,34,0,0,0,5267,0,0,0,0,4623,0,0,0,0,0,0,5796,193095
47,37,0,0,0,5267,0,0,0,0,0,5267,0,0,0,0,4623,0,176287
47,40,0,0,0,5267,0,0,0,0,0,5267,0,0,0,0,0,5267,196702
47,43,0,0,0,5267,0,0,0,0,0,5267,0,0,0,0,0,0,225468
47,46,0,0,0,5267,0,0,0,0,0,0,5796,0,0,0,0,4623,193754
47,49,0,0,0,5267,0,0,0,0,0,0,5796,0,0,0,0,0,224951
47,55,0,0,0,0,5796,0,0,0,0,4623,0,0,0,0,4623,0,171612
47,58,0,0,0,0,5796,0,0,0,0,4623,0,0,0,0,0,5267,192027
47,61,0,0,0,0,5796,0,0,0,0,4623,0,0,0,0,0,0,220793
47,64,0,0,0,0,5796,0,0,0,0,0,5267,0,0,0,0,4623,192936
47,67,0,0,0,0,5796,0,0,0,0,0,5267,0,0,0,0,0,224133
47,73,0,0,0,0,5796,0,0,0,0,0,0,5796,0,0,0,0,221406
48,1,0,0,6468,0,0,0,0,6468,0,0,0,0,6468,0,0,0,223738
48,4,0,0,6468,0,0,0,0,6468,0,0,0,0,0,7392,0,0,221168
48,7,0,0,6468,0,0,0,0,6468,0,0,0,0,0,0,8151,0,229379
48,10,0,0,6468,0,0,0,0,0,7392,0,0,0,0,6468,0,0,223050
48,13,0,0,6468,0,0,0,0,0,7392,0,0,0,0,0,7392,0,235328
48,16,0,0,6468,0,0,0,0,0,7392,0,0,0,0,0,0,8151,260773
48,19,0,0,6468,0,0,0,0,0,0,8151,0,0,0,0,6468,0,231090
48,22,0,0,6468,0,0,0,0,0,0,8151,0,0,0,0,0,7392,260302
48,25,0,0,6468,0,0,0,0,0,0,8151,0,0,0,0,0,0,301672
48,28,0,0,0,7392,0,0,0,0,6468,0,0,0,0,6468,0,0,225813
48,31,0,0,0,7392,0,0,0,0,6468,0,0,0,0,0,7392,0,238091
48,34,0,0,0,7392,0,0,0,0,6468,0,0,0,0,0,0,8151,263536
48,37,0,0,0,7392,0,0,0,0,0,7392,0,0,0,0,6468,0,239830
48,40,0,0,0,7392,0,0,0,0,0,7392,0,0,0,0,0,7392,269042
48,43,0,0,0,7392,0,0,0,0,0,7392,0,0,0,0,0,0,310412
48,46,0,0,0,7392,0,0,0,0,0,0,8151,0,0,0,0,6468,265121
48,49,0,0,0,7392,0,0,0,0,0,0,8151,0,0,0,0,0,309978
48,55,0,0,0,0,8151,0,0,0,0,6468,0,0,0,0,6468,0,233607
48,58,0,0,0,0,8151,0,0,0,0,6468,0,0,0,0,0,7392,262819
48,61,0,0,0,0,8151,0,0,0,0,6468,0,0,0,0,0,0,304189
48,64,0,0,0,0,8151,0,0,0,0,0,7392,0,0,0,0,6468,264432
48,67,0,0,0,0,8151,0,0,0,0,0,7392,0,0,0,0,0,309289
48,73,0,0,0,0,8151,0,0,0,0,0,0,8151,0,0,0,0,305657
49,1,0,0,7600,0,0,0,0,7600,0,0,0,0,7600,0,0,0,248440
49,4,0,0,7600,0,0,0,0,7600,0,0,0,0,0,8760,0,0,247112
49,7,0,0,7600,0,0,0,0,7600,0,0,0,0,0,0,9680,0,257804
49,10,0,0,7600,0,0,0,0,0,8760,0,0,0,0,7600,0,0,250255
49,13,0,0,7600,0,0,0,0,0,8760,0,0,0,0,0,8760,0,266613
49,16,0,0,7600,0,0,0,0,0,8760,0,0,0,0,0,0,9680,297358
49,19,0,0,7600,0,0,0,0,0,0,9680,0,0,0,0,7600,0,261198
49,22,0,0,7600,0,0,0,0,0,0,9680,0,0,0,0,0,8760,297189
49,25,0,0,7600,0,0,0,0,0,0,9680,0,0,0,0,0,0,347451
49,28,0,0,0,8760,0,0,0,0,7600,0,0,0,0,7600,0,0,254874
49,31,0,0,0,8760,0,0,0,0,7600,0,0,0,0,0,8760,0,271232
49,34,0,0,0,8760,0,0,0,0,7600,0,0,0,0,0,0,9680,301977
49,37,0,0,0,8760,0,0,0,0,0,8760,0,0,0,0,7600,0,274141
49,40,0,0,0,8760,0,0,0,0,0,8760,0,0,0,0,0,8760,310132
49,43,0,0,0,8760,0,0,0,0,0,8760,0,0,0,0,0,0,360394
49,46,0,0,0,8760,0,0,0,0,0,0,9680,0,0,0,0,7600,305119
49,49,0,0,0,8760,0,0,0,0,0,0,9680,0,0,0,0,0,360238
49,55,0,0,0,0,9680,0,0,0,0,7600,0,0,0,0,7600,0,266186
49,58,0,0,0,0,9680,0,0,0,0,7600,0,0,0,0,0,8760,302177
49,61,0,0,0,0,9680,0,0,0,0,7600,0,0,0,0,0,0,352439
49,64,0,0,0,0,9680,0,0,0,0,0,8760,0,0,0,0,7600,304871
49,67,0,0,0,0,9680,0,0,0,0,0,8760,0,0,0,0,0,359990
49,73,0,0,0,0,9680,0,0,0,0,0,0,9680,0,0,0,0,355350
50,1,0,0,7095,0,0,0,0,7095,0,0,0,0,7095,0,0,0,165142
50,4,0,0,7095,0,0,0,0,7095,0,0,0,0,0,8385,0,0,169226
50,7,0,0,7095,0,0,0,0,7095,0,0,0,0,0,0,9417,0,184865
50,10,0,0,7095,0,0,0,0,0,8385,0,0,0,0,7095,0,0,175300
50,13,0,0,7095,0,0,0,0,0,8385,0,0,0,0,0,8385,0,197087
50,16,0,0,7095,0,0,0,0,0,8385,0,0,0,0,0,0,9417,230485
50,19,0,0,7095,0,0,0,0,0,0,9417,0,0,0,0,7095,0,193676
50,22,0,0,7095,0,0,0,0,0,0,9417,0,0,0,0,0,8385,232768
50,25,0,0,7095,0,0,0,0,0,0,9417,0,0,0,0,0,0,288257
50,28,0,0,0,8385,0,0,0,0,7095,0,0,0,0,7095,0,0,184224
50,31,0,0,0,8385,0,0,0,0,7095,0,0,0,0,0,8385,0,206011
50,34,0,0,0,8385,0,0,0,0,7095,0,0,0,0,0,0,9417,239409
50,37,0,0,0,8385,0,0,0,0,0,8385,0,0,0,0,7095,0,211635
50,40,0,0,0,8385,0,0,0,0,0,8385,0,0,0,0,0,8385,250727
50,43,0,0,0,8385,0,0,0,0,0,8385,0,0,0,0,0,0,306216
50,46,0,0,0,8385,0,0,0,0,0,0,9417,0,0,0,0,7095,247567
50,49,0,0,0,8385,0,0,0,0,0,0,9417,0,0,0,0,0,308328
50,55,0,0,0,0,9417,0,0,0,0,7095,0,0,0,0,7095,0,206622
50,58,0,0,0,0,9417,0,0,0,0,7095,0,0,0,0,0,8385,245714
50,61,0,0,0,0,9417,0,0,0,0,7095,0,0,0,0,0,0,301203
50,64,0,0,0,0,9417,0,0,0,0,0,8385,0,0,0,0,7095,250919
50,67,0,0,0,0,9417,0,0,0,0,0,8385,0,0,0,0,0,311680
50,73,0,0,0,0,9417,0,0,0,0,0,0,9417,0,0,0,0,308755
51,1,0,0,3020,0,0,0,0,3020,0,0,0,0,3020,0,0,0,50321
51,4,0,0,3020,0,0,0,0,3020,0,0,0,0,0,3620,0,0,53390
51,7,0,0,3020,0,0,0,0,3020,0,0,0,0,0,0,4100,0,61513
51,10,0,0,3020,0,0,0,0,0,3620,0,0,0,0,3020,0,0,56821
51,13,0,0,3020,0,0,0,0,0,3620,0,0,0,0,0,3620,0,67804
51,16,0,0,3020,0,0,0,0,0,3620,0,0,0,0,0,0,4100,83282
51,19,0,0,3020,0,0,0,0,0,0,4100,0,0,0,0,3020,0,66778
51,22,0,0,3020,0,0,0,0,0,0,4100,0,0,0,0,0,3620,84904
51,25,0,0,3020,0,0,0,0,0,0,4100,0,0,0,0,0,0,110982
51,28,0,0,0,3620,0,0,0,0,3020,0,0,0,0,3020,0,0,61860
51,31,0,0,0,3620,0,0,0,0,3020,0,0,0,0,0,3620,0,72843
51,34,0,0,0,3620,0,0,0,0,3020,0,0,0,0,0,0,4100,88321
51,37,0,0,0,3620,0,0,0,0,0,3620,0,0,0,0,3020,0,76019
51,40,0,0,0,3620,0,0,0,0,0,3620,0,0,0,0,0,3620,94145
51,43,0,0,0,3620,0,0,0,0,0,3620,0,0,0,0,0,0,120223
51,46,0,0,0,3620,0,0,0,0,0,0,4100,0,0,0,0,3020,93195
51,49,0,0,0,3620,0,0,0,0,0,0,4100,0,0,0,0,0,121725
51,55,0,0,0,0,4100,0,0,0,0,3020,0,0,0,0,3020,0,74510
51,58,0,0,0,0,4100,0,0,0,0,3020,0,0,0,0,0,3620,92636
51,61,0,0,0,0,4100,0,0,0,0,3020,0,0,0,0,0,0,118714
51,64,0,0,0,0,4100,0,0,0,0,0,3620,0,0,0,0,3020,95578
51,67,0,0,0,0,4100,0,0,0,0,0,3620,0,0,0,0,0,124108
51,73,0,0,0,0,4100,0,0,0,0,0,0,4100,0,0,0,0,123227
52,1,0,0,3473,0,0,0,0,3473,0,0,0,0,3473,0,0,0,57872
52,4,0,0,3473,0,0,0,0,3473,0,0,0,0,0,4163,0,0,61403
52,7,0,0,3473,0,0,0,0,3473,0,0,0,0,0,0,4715,0,70744
52,10,0,0,3473,0,0,0,0,0,4163,0,0,0,0,3473,0,0,65348
52,13,0,0,3473,0,0,0,0,0,4163,0,0,0,0,0,4163,0,77977
52,16,0,0,3473,0,0,0,0,0,4163,0,0,0,0,0,0,4715,95777
52,19,0,0,3473,0,0,0,0,0,0,4715,0,0,0,0,3473,0,76796
52,22,0,0,3473,0,0,0,0,0,0,4715,0,0,0,0,0,4163,97641
52,25,0,0,3473,0,0,0,0,0,0,4715,0,0,0,0,0,0,127630
52,28,0,0,0,4163,0,0,0,0,3473,0,0,0,0,3473,0,0,71145
52,31,0,0,0,4163,0,0,0,0,3473,0,0,0,0,0,4163,0,83774
52,34,0,0,0,4163,0,0,0,0,3473,0,0,0,0,0,0,4715,101574
52,37,0,0,0,4163,0,0,0,0,0,4163,0,0,0,0,3473,0,87425
52,40,0,0,0,4163,0,0,0,0,0,4163,0,0,0,0,0,4163,108270
52,43,0,0,0,4163,0,0,0,0,0,4163,0,0,0,0,0,0,138259
52,46,0,0,0,4163,0,0,0,0,0,0,4715,0,0,0,0,3473,107175
52,49,0,0,0,4163,0,0,0,0,0,0,4715,0,0,0,0,0,139984
52,55,0,0,0,0,4715,0,0,0,0,3473,0,0,0,0,3473,0,85691
52,58,0,0,0,0,4715,0,0,0,0,3473,0,0,0,0,0,4163,106536
52,61,0,0,0,0,4715,0,0,0,0,3473,0,0,0,0,0,0,136525
52,64,0,0,0,0,4715,0,0,0,0,0,4163,0,0,0,0,3473,109915
52,67,0,0,0,0,4715,0,0,0,0,0,4163,0,0,0,0,0,142724
52,73,0,0,0,0,4715,0,0,0,0,0,0,4715,0,0,0,0,141713
53,1,0,0,6942,0,0,0,0,6942,0,0,0,0,6942,0,0,0,197855
53,4,0,0,6942,0,0,0,0,6942,0,0,0,0,0,8073,0,0,198616
53,7,0,0,6942,0,0,0,0,6942,0,0,0,0,0,0,9009,0,211253
53,10,0,0,6942,0,0,0,0,0,8073,0,0,0,0,6942,0,0,202692
53,13,0,0,6942,0,0,0,0,0,8073,0,0,0,0,0,8073,0,220189
53,16,0,0,6942,0,0,0,0,0,8073,0,0,0,0,0,0,9009,250687
53,19,0,0,6942,0,0,0,0,0,0,9009,0,0,0,0,6942,0,216822
53,22,0,0,6942,0,0,0,0,0,0,9009,0,0,0,0,0,8073,251820
53,25,0,0,6942,0,0,0,0,0,0,9009,0,0,0,0,0,0,301714
53,28,0,0,0,8073,0,0,0,0,6942,0,0,0,0,6942,0,0,208681
53,31,0,0,0,8073,0,0,0,0,6942,0,0,0,0,0,8073,0,226178
53,34,0,0,0,8073,0,0,0,0,6942,0,0,0,0,0,0,9009,256676
53,37,0,0,0,8073,0,0,0,0,0,8073,0,0,0,0,6942,0,229952
53,40,0,0,0,8073,0,0,0,0,0,8073,0,0,0,0,0,8073,264950
53,43,0,0,0,8073,0,0,0,0,0,8073,0,0,0,0,0,0,314844
53,46,0,0,0,8073,0,0,0,0,0,0,9009,0,0,0,0,6942,261832
53,49,0,0,0,8073,0,0,0,0,0,0,9009,0,0,0,0,0,315893
53,55,0,0,0,0,9009,0,0,0,0,6942,0,0,0,0,6942,0,225004
53,58,0,0,0,0,9009,0,0,0,0,6942,0,0,0,0,0,8073,260002
53,61,0,0,0,0,9009,0,0,0,0,6942,0,0,0,0,0,0,309896
53,64,0,0,0,0,9009,0,0,0,0,0,8073,0,0,0,0,6942,263496
53,67,0,0,0,0,9009,0,0,0,0,0,8073,0,0,0,0,0,317557
53,73,0,0,0,0,9009,0,0,0,0,0,0,9009,0,0,0,0,314670
54,1,0,0,6600,0,0,0,0,6600,0,0,0,0,6600,0,0,0,153625
54,4,0,0,6600,0,0,0,0,6600,0,0,0,0,0,7800,0,0,157422
54,7,0,0,6600,0,0,0,0,6600,0,0,0,0,0,0,8760,0,171971
54,10,0,0,6600,0,0,0,0,0,7800,0,0,0,0,6600,0,0,163071
54,13,0,0,6600,0,0,0,0,0,7800,0,0,0,0,0,7800,0,183340
54,16,0,0,6600,0,0,0,0,0,7800,0,0,0,0,0,0,8760,214408
54,19,0,0,6600,0,0,0,0,0,0,8760,0,0,0,0,6600,0,180165
54,22,0,0,6600,0,0,0,0,0,0,8760,0,0,0,0,0,7800,216529
54,25,0,0,6600,0,0,0,0,0,0,8760,0,0,0,0,0,0,268146
54,28,0,0,0,7800,0,0,0,0,6600,0,0,0,0,6600,0,0,171372
54,31,0,0,0,7800,0,0,0,0,6600,0,0,0,0,0,7800,0,191641
54,34,0,0,0,7800,0,0,0,0,6600,0,0,0,0,0,0,8760,222709
54,37,0,0,0,7800,0,0,0,0,0,7800,0,0,0,0,6600,0,196870
54,40,0,0,0,7800,0,0,0,0,0,7800,0,0,0,0,0,7800,233234
54,43,0,0,0,7800,0,0,0,0,0,7800,0,0,0,0,0,0,284851
54,46,0,0,0,7800,0,0,0,0,0,0,8760,0,0,0,0,6600,230296
54,49,0,0,0,7800,0,0,0,0,0,0,8760,0,0,0,0,0,286817
54,55,0,0,0,0,8760,0,0,0,0,6600,0,0,0,0,6600,0,192207
54,58,0,0,0,0,8760,0,0,0,0,6600,0,0,0,0,0,7800,228571
54,61,0,0,0,0,8760,0,0,0,0,6600,0,0,0,0,0,0,280188
54,64,0,0,0,0,8760,0,0,0,0,0,7800,0,0,0,0,6600,233415
54,67,0,0,0,0,8760,0,0,0,0,0,7800,0,0,0,0,0,289936
54,73,0,0,0,0,8760,0,0,0,0,0,0,8760,0,0,0,0,287215
55,1,0,0,4232,0,0,0,0,4232,0,0,0,0,4232,0,0,0,129771
55,4,0,0,4232,0,0,0,0,4232,0,0,0,0,0,4899,0,0,129614
55,7,0,0,4232,0,0,0,0,4232,0,0,0,0,0,0,5428,0,136217
55,10,0,0,4232,0,0,0,0,0,4899,0,0,0,0,4232,0,0,131720
55,13,0,0,4232,0,0,0,0,0,4899,0,0,0,0,0,4899,0,141581
55,16,0,0,4232,0,0,0,0,0,4899,0,0,0,0,0,0,5428,159232
55,19,0,0,4232,0,0,0,0,0,0,5428,0,0,0,0,4232,0,138744
55,22,0,0,4232,0,0,0,0,0,0,5428,0,0,0,0,0,4899,159411
55,25,0,0,4232,0,0,0,0,0,0,5428,0,0,0,0,0,0,188406
55,28,0,0,0,4899,0,0,0,0,4232,0,0,0,0,4232,0,0,134815
55,31,0,0,0,4899,0,0,0,0,4232,0,0,0,0,0,4899,0,144676
55,34,0,0,0,4899,0,0,0,0,4232,0,0,0,0,0,0,5428,162327
55,37,0,0,0,4899,0,0,0,0,0,4899,0,0,0,0,4232,0,146625
55,40,0,0,0,4899,0,0,0,0,0,4899,0,0,0,0,0,4899,167292
55,43,0,0,0,4899,0,0,0,0,0,4899,0,0,0,0,0,0,196287
55,46,0,0,0,4899,0,0,0,0,0,0,5428,0,0,0,0,4232,164663
55,49,0,0,0,4899,0,0,0,0,0,0,5428,0,0,0,0,0,196451
55,55,0,0,0,0,5428,0,0,0,0,4232,0,0,0,0,4232,0,142457
55,58,0,0,0,0,5428,0,0,0,0,4232,0,0,0,0,0,4899,163124
55,61,0,0,0,0,5428,0,0,0,0,4232,0,0,0,0,0,0,192119
55,64,0,0,0,0,5428,0,0,0,0,0,4899,0,0,0,0,4232,164927
55,67,0,0,0,0,5428,0,0,0,0,0,4899,0,0,0,0,0,196715
55,73,0,0,0,0,5428,0,0,0,0,0,0,5428,0,0,0,0,194285
56,1,0,0,6180,0,0,0,0,6180,0,0,0,0,6180,0,0,0,231931
56,4,0,0,6180,0,0,0,0,6180,0,0,0,0,0,7020,0,0,228188
56,7,0,0,6180,0,0,0,0,6180,0,0,0,0,0,0,7680,0,234032
56,10,0,0,6180,0,0,0,0,0,7020,0,0,0,0,6180,0,0,229249
56,13,0,0,6180,0,0,0,0,0,7020,0,0,0,0,0,7020,0,239301
56,16,0,0,6180,0,0,0,0,0,7020,0,0,0,0,0,0,7680,262108
56,19,0,0,6180,0,0,0,0,0,0,7680,0,0,0,0,6180,0,234101
56,22,0,0,6180,0,0,0,0,0,0,7680,0,0,0,0,0,7020,260804
56,25,0,0,6180,0,0,0,0,0,0,7680,0,0,0,0,0,0,297800
56,28,0,0,0,7020,0,0,0,0,6180,0,0,0,0,6180,0,0,230808
56,31,0,0,0,7020,0,0,0,0,6180,0,0,0,0,0,7020,0,240860
56,34,0,0,0,7020,0,0,0,0,6180,0,0,0,0,0,0,7680,263667
56,37,0,0,0,7020,0,0,0,0,0,7020,0,0,0,0,6180,0,241843
56,40,0,0,0,7020,0,0,0,0,0,7020,0,0,0,0,0,7020,268546
56,43,0,0,0,7020,0,0,0,0,0,7020,0,0,0,0,0,0,305542
56,46,0,0,0,7020,0,0,0,0,0,0,7680,0,0,0,0,6180,263731
56,49,0,0,0,7020,0,0,0,0,0,0,7680,0,0,0,0,0,304336
56,55,0,0,0,0,7680,0,0,0,0,6180,0,0,0,0,6180,0,234203
56,58,0,0,0,0,7680,0,0,0,0,6180,0,0,0,0,0,7020,260906
56,61,0,0,0,0,7680,0,0,0,0,6180,0,0,0,0,0,0,297902
56,64,0,0,0,0,7680,0,0,0,0,0,7020,0,0,0,0,6180,261816
56,67,0,0,0,0,7680,0,0,0,0,0,7020,0,0,0,0,0,302421
56,73,0,0,0,0,7680,0,0,0,0,0,0,7680,0,0,0,0,297963
57,1,0,0,6004,0,0,0,0,6004,0,0,0,0,6004,0,0,0,120832
57,4,0,0,6004,0,0,0,0,6004,0,0,0,0,0,7144,0,0,125497
57,7,0,0,6004,0,0,0,0,6004,0,0,0,0,0,0,8056,0,140124
57,10,0,0,6004,0,0,0,0,0,7144,0,0,0,0,6004,0,0,131438
57,13,0,0,6004,0,0,0,0,0,7144,0,0,0,0,0,7144,0,151499
57,16,0,0,6004,0,0,0,0,0,7144,0,0,0,0,0,0,8056,181016
57,19,0,0,6004,0,0,0,0,0,0,8056,0,0,0,0,6004,0,149016
57,22,0,0,6004,0,0,0,0,0,0,8056,0,0,0,0,0,7144,183565
57,25,0,0,6004,0,0,0,0,0,0,8056,0,0,0,0,0,0,232801
57,28,0,0,0,7144,0,0,0,0,6004,0,0,0,0,6004,0,0,140169
57,31,0,0,0,7144,0,0,0,0,6004,0,0,0,0,0,7144,0,160230
57,34,0,0,0,7144,0,0,0,0,6004,0,0,0,0,0,0,8056,189747
57,37,0,0,0,7144,0,0,0,0,0,7144,0,0,0,0,6004,0,165731
57,40,0,0,0,7144,0,0,0,0,0,7144,0,0,0,0,0,7144,200280
57,43,0,0,0,7144,0,0,0,0,0,7144,0,0,0,0,0,0,249516
57,46,0,0,0,7144,0,0,0,0,0,0,8056,0,0,0,0,6004,197981
57,49,0,0,0,7144,0,0,0,0,0,0,8056,0,0,0,0,0,251876
57,55,0,0,0,0,8056,0,0,0,0,6004,0,0,0,0,6004,0,162083
57,58,0,0,0,0,8056,0,0,0,0,6004,0,0,0,0,0,7144,196632
57,61,0,0,0,0,8056,0,0,0,0,6004,0,0,0,0,0,0,245868
57,64,0,0,0,0,8056,0,0,0,0,0,7144,0,0,0,0,6004,201726
57,67,0,0,0,0,8056,0,0,0,0,0,7144,0,0,0,0,0,255621
57,73,0,0,0,0,8056,0,0,0,0,0,0,8056,0,0,0,0,253492
58,1,0,0,4623,0,0,0,0,4623,0,0,0,0,4623,0,0,0,166844
58,4,0,0,4623,0,0,0,0,4623,0,0,0,0,0,5267,0,0,164548
58,7,0,0,4623,0,0,0,0,4623,0,0,0,0,0,0,5796,0,169846
58,10,0,0,4623,0,0,0,0,0,5267,0,0,0,0,4623,0,0,165610
58,13,0,0,4623,0,0,0,0,0,5267,0,0,0,0,0,5267,0,173743
58,16,0,0,4623,0,0,0,0,0,5267,0,0,0,0,0,0,5796,191533
58,19,0,0,4623,0,0,0,0,0,0,5796,0,0,0,0,4623,0,170561
58,22,0,0,4623,0,0,0,0,0,0,5796,0,0,0,0,0,5267,190976
58,25,0,0,4623,0,0,0,0,0,0,5796,0,0,0,0,0,0,219742
58,28,0,0,0,5267,0,0,0,0,4623,0,0,0,0,4623,0,0,167172
58,31,0,0,0,5267,0,0,0,0,4623,0,0,0,0,0,5267,0,175305
58,34,0,0,0,5267,0,0,0,0,4623,0,0,0,0,0,0,5796,193095
58,37,0,0,0,5267,0,0,0,0,0,5267,0,0,0,0,4623,0,176287
58,40,0,0,0,5267,0,0,0,0,0,5267,0,0,0,0,0,5267,196702
58,43,0,0,0,5267,0,0,0,0,0,5267,0,0,0,0,0,0,225468
58,46,0,0,0,5267,0,0,0,0,0,0,5796,0,0,0,0,4623,193754
58,49,0,0,0,5267,0,0,0,0,0,0,5796,0,0,0,0,0,224951
58,55,0,0,0,0,5796,0,0,0,0,4623,0,0,0,0,4623,0,171612
58,58,0,0,0,0,5796,0,0,0,0,4623,0,0,0,0,0,5267,192027
58,61,0,0,0,0,5796,0,0,0,0,4623,0,0,0,0,0,0,220793
58,64,0,0,0,0,5796,0,0,0,0,0,5267,0,0,0,0,4623,192936
58,67,0,0,0,0,5796,0,0,0,0,0,5267,0,0,0,0,0,224133
58,73,0,0,0,0,5796,0,0,0,0,0,0,5796,0,0,0,0,221406
59,1,0,0,8256,0,0,0,0,8256,0,0,0,0,8256,0,0,0,216207
59,4,0,0,8256,0,0,0,0,8256,0,0,0,0,0,9648,0,0,218409
59,7,0,0,8256,0,0,0,0,8256,0,0,0,0,0,0,10800,0,234913
59,10,0,0,8256,0,0,0,0,0,9648,0,0,0,0,8256,0,0,224049
59,13,0,0,8256,0,0,0,0,0,9648,0,0,0,0,0,9648,0,246534
59,16,0,0,8256,0,0,0,0,0,9648,0,0,0,0,0,0,10800,283872
59,19,0,0,8256,0,0,0,0,0,0,10800,0,0,0,0,8256,0,242965
59,22,0,0,8256,0,0,0,0,0,0,10800,0,0,0,0,0,9648,285842
59,25,0,0,8256,0,0,0,0,0,0,10800,0,0,0,0,0,0,347587
59,28,0,0,0,9648,0,0,0,0,8256,0,0,0,0,8256,0,0,232333
59,31,0,0,0,9648,0,0,0,0,8256,0,0,0,0,0,9648,0,254818
59,34,0,0,0,9648,0,0,0,0,8256,0,0,0,0,0,0,10800,292156
59,37,0,0,0,9648,0,0,0,0,0,9648,0,0,0,0,8256,0,260037
59,40,0,0,0,9648,0,0,0,0,0,9648,0,0,0,0,0,9648,302914
59,43,0,0,0,9648,0,0,0,0,0,9648,0,0,0,0,0,0,364659
59,46,0,0,0,9648,0,0,0,0,0,0,10800,0,0,0,0,8256,299612
59,49,0,0,0,9648,0,0,0,0,0,0,10800,0,0,0,0,0,366484
59,55,0,0,0,0,10800,0,0,0,0,8256,0,0,0,0,8256,0,254796
59,58,0,0,0,0,10800,0,0,0,0,8256,0,0,0,0,0,9648,297673
59,61,0,0,0,0,10800,0,0,0,0,8256,0,0,0,0,0,0,359418
59,64,0,0,0,0,10800,0,0,0,0,0,9648,0,0,0,0,8256,302508
59,67,0,0,0,0,10800,0,0,0,0,0,9648,0,0,0,0,0,369380
59,73,0,0,0,0,10800,0,0,0,0,0,0,10800,0,0,0,0,366322
60,1,0,0,4416,0,0,0,0,4416,0,0,0,0,4416,0,0,0,135415
60,4,0,0,4416,0,0,0,0,4416,0,0,0,0,0,5112,0,0,135251
60,7,0,0,4416,0,0,0,0,4416,0,0,0,0,0,0,5664,0,142143
60,10,0,0,4416,0,0,0,0,0,5112,0,0,0,0,4416,0,0,137448
60,13,0,0,4416,0,0,0,0,0,5112,0,0,0,0,0,5112,0,147739
60,16,0,0,4416,0,0,0,0,0,5112,0,0,0,0,0,0,5664,166158
60,19,0,0,4416,0,0,0,0,0,0,5664,0,0,0,0,4416,0,144779
60,22,0,0,4416,0,0,0,0,0,0,5664,0,0,0,0,0,5112,166345
60,25,0,0,4416,0,0,0,0,0,0,5664,0,0,0,0,0,0,196601
60,28,0,0,0,5112,0,0,0,0,4416,0,0,0,0,4416,0,0,140676
60,31,0,0,0,5112,0,0,0,0,4416,0,0,0,0,0,5112,0,150967
60,34,0,0,0,5112,0,0,0,0,4416,0,0,0,0,0,0,5664,169386
60,37,0,0,0,5112,0,0,0,0,0,5112,0,0,0,0,4416,0,153002
60,40,0,0,0,5112,0,0,0,0,0,5112,0,0,0,0,0,5112,174568
60,43,0,0,0,5112,0,0,0,0,0,5112,0,0,0,0,0,0,204824
60,46,0,0,0,5112,0,0,0,0,0,0,5664,0,0,0,0,4416,171827
60,49,0,0,0,5112,0,0,0,0,0,0,5664,0,0,0,0,0,204997
60,55,0,0,0,0,5664,0,0,0,0,4416,0,0,0,0,4416,0,148652
60,58,0,0,0,0,5664,0,0,0,0,4416,0,0,0,0,0,5112,170218
60,61,0,0,0,0,5664,0,0,0,0,4416,0,0,0,0,0,0,200474
60,64,0,0,0,0,5664,0,0,0,0,0,5112,0,0,0,0,4416,172102
60,67,0,0,0,0,5664,0,0,0,0,0,5112,0,0,0,0,0,205272
60,73,0,0,0,0,5664,0,0,0,0,0,0,5664,0,0,0,0,202733
61,1,0,0,5768,0,0,0,0,5768,0,0,0,0,5768,0,0,0,216469
61,4,0,0,5768,0,0,0,0,5768,0,0,0,0,0,6552,0,0,212978
61,7,0,0,5768,0,0,0,0,5768,0,0,0,0,0,0,7168,0,218431
61,10,0,0,5768,0,0,0,0,0,6552,0,0,0,0,5768,0,0,213968
61,13,0,0,5768,0,0,0,0,0,6552,0,0,0,0,0,6552,0,223349
61,16,0,0,5768,0,0,0,0,0,6552,0,0,0,0,0,0,7168,244635
61,19,0,0,5768,0,0,0,0,0,0,7168,0,0,0,0,5768,0,218495
61,22,0,0,5768,0,0,0,0,0,0,7168,0,0,0,0,0,6552,243417
61,25,0,0,5768,0,0,0,0,0,0,7168,0,0,0,0,0,0,277947
61,28,0,0,0,6552,0,0,0,0,5768,0,0,0,0,5768,0,0,215424
61,31,0,0,0,6552,0,0,0,0,5768,0,0,0,0,0,6552,0,224805
61,34,0,0,0,6552,0,0,0,0,5768,0,0,0,0,0,0,7168,246091
61,37,0,0,0,6552,0,0,0,0,0,6552,0,0,0,0,5768,0,225721
61,40,0,0,0,6552,0,0,0,0,0,6552,0,0,0,0,0,6552,250643
61,43,0,0,0,6552,0,0,0,0,0,6552,0,0,0,0,0,0,285173
61,46,0,0,0,6552,0,0,0,0,0,0,7168,0,0,0,0,5768,246150
61,49,0,0,0,6552,0,0,0,0,0,0,7168,0,0,0,0,0,284047
61,55,0,0,0,0,7168,0,0,0,0,5768,0,0,0,0,5768,0,218589
61,58,0,0,0,0,7168,0,0,0,0,5768,0,0,0,0,0,6552,243511
61,61,0,0,0,0,7168,0,0,0,0,5768,0,0,0,0,0,0,278041
61,64,0,0,0,0,7168,0,0,0,0,0,6552,0,0,0,0,5768,244360
61,67,0,0,0,0,7168,0,0,0,0,0,6552,0,0,0,0,0,282257
61,73,0,0,0,0,7168,0,0,0,0,0,0,7168,0,0,0,0,278096
62,1,0,0,6256,0,0,0,0,6256,0,0,0,0,6256,0,0,0,191830
62,4,0,0,6256,0,0,0,0,6256,0,0,0,0,0,7242,0,0,191599
62,7,0,0,6256,0,0,0,0,6256,0,0,0,0,0,0,8024,0,201360
62,10,0,0,6256,0,0,0,0,0,7242,0,0,0,0,6256,0,0,194711
62,13,0,0,6256,0,0,0,0,0,7242,0,0,0,0,0,7242,0,209288
62,16,0,0,6256,0,0,0,0,0,7242,0,0,0,0,0,0,8024,235381
62,19,0,0,6256,0,0,0,0,0,0,8024,0,0,0,0,6256,0,205092
62,22,0,0,6256,0,0,0,0,0,0,8024,0,0,0,0,0,7242,235644
62,25,0,0,6256,0,0,0,0,0,0,8024,0,0,0,0,0,0,278507
62,28,0,0,0,7242,0,0,0,0,6256,0,0,0,0,6256,0,0,199283
62,31,0,0,0,7242,0,0,0,0,6256,0,0,0,0,0,7242,0,213860
62,34,0,0,0,7242,0,0,0,0,6256,0,0,0,0,0,0,8024,239953
62,37,0,0,0,7242,0,0,0,0,0,7242,0,0,0,0,6256,0,216740
62,40,0,0,0,7242,0,0,0,0,0,7242,0,0,0,0,0,7242,247292
62,43,0,0,0,7242,0,0,0,0,0,7242,0,0,0,0,0,0,290155
62,46,0,0,0,7242,0,0,0,0,0,0,8024,0,0,0,0,6256,243410
62,49,0,0,0,7242,0,0,0,0,0,0,8024,0,0,0,0,0,290401
62,55,0,0,0,0,8024,0,0,0,0,6256,0,0,0,0,6256,0,210578
62,58,0,0,0,0,8024,0,0,0,0,6256,0,0,0,0,0,7242,241130
62,61,0,0,0,0,8024,0,0,0,0,6256,0,0,0,0,0,0,283993
62,64,0,0,0,0,8024,0,0,0,0,0,7242,0,0,0,0,6256,243800
62,67,0,0,0,0,8024,0,0,0,0,0,7242,0,0,0,0,0,290791
62,73,0,0,0,0,8024,0,0,0,0,0,0,8024,0,0,0,0,287196
63,1,0,0,6592,0,0,0,0,6592,0,0,0,0,6592,0,0,0,247395
63,4,0,0,6592,0,0,0,0,6592,0,0,0,0,0,7488,0,0,243404
63,7,0,0,6592,0,0,0,0,6592,0,0,0,0,0,0,8192,0,249639
63,10,0,0,6592,0,0,0,0,0,7488,0,0,0,0,6592,0,0,244536
63,13,0,0,6592,0,0,0,0,0,7488,0,0,0,0,0,7488,0,255259
63,16,0,0,6592,0,0,0,0,0,7488,0,0,0,0,0,0,8192,279585
63,19,0,0,6592,0,0,0,0,0,0,8192,0,0,0,0,6592,0,249710
63,22,0,0,6592,0,0,0,0,0,0,8192,0,0,0,0,0,7488,278193
63,25,0,0,6592,0,0,0,0,0,0,8192,0,0,0,0,0,0,317655
63,28,0,0,0,7488,0,0,0,0,6592,0,0,0,0,6592,0,0,246199
63,31,0,0,0,7488,0,0,0,0,6592,0,0,0,0,0,7488,0,256922
63,34,0,0,0,7488,0,0,0,0,6592,0,0,0,0,0,0,8192,281248
63,37,0,0,0,7488,0,0,0,0,0,7488,0,0,0,0,6592,0,257968
63,40,0,0,0,7488,0,0,0,0,0,7488,0,0,0,0,0,7488,286451
63,43,0,0,0,7488,0,0,0,0,0,7488,0,0,0,0,0,0,325913
63,46,0,0,0,7488,0,0,0,0,0,0,8192,0,0,0,0,6592,281316
63,49,0,0,0,7488,0,0,0,0,0,0,8192,0,0,0,0,0,324627
63,55,0,0,0,0,8192,0,0,0,0,6592,0,0,0,0,6592,0,249817
63,58,0,0,0,0,8192,0,0,0,0,6592,0,0,0,0,0,7488,278300
63,61,0,0,0,0,8192,0,0,0,0,6592,0,0,0,0,0,0,317762
63,64,0,0,0,0,8192,0,0,0,0,0,7488,0,0,0,0,6592,279272
63,67,0,0,0,0,8192,0,0,0,0,0,7488,0,0,0,0,0,322583
63,73,0,0,0,0,8192,0,0,0,0,0,0,8192,0,0,0,0,317825
64,1,0,0,3990,0,0,0,0,3990,0,0,0,0,3990,0,0,0,130433
64,4,0,0,3990,0,0,0,0,3990,0,0,0,0,0,4599,0,0,129736
64,7,0,0,3990,0,0,0,0,3990,0,0,0,0,0,0,5082,0,135349
64,10,0,0,3990,0,0,0,0,0,4599,0,0,0,0,3990,0,0,131386
64,13,0,0,3990,0,0,0,0,0,4599,0,0,0,0,0,4599,0,139974
64,16,0,0,3990,0,0,0,0,0,4599,0,0,0,0,0,0,5082,156115
64,19,0,0,3990,0,0,0,0,0,0,5082,0,0,0,0,3990,0,137133
64,22,0,0,3990,0,0,0,0,0,0,5082,0,0,0,0,0,4599,156028
64,25,0,0,3990,0,0,0,0,0,0,5082,0,0,0,0,0,0,182416
64,28,0,0,0,4599,0,0,0,0,3990,0,0,0,0,3990,0,0,133810
64,31,0,0,0,4599,0,0,0,0,3990,0,0,0,0,0,4599,0,142398
64,34,0,0,0,4599,0,0,0,0,3990,0,0,0,0,0,0,5082,158539
64,37,0,0,0,4599,0,0,0,0,0,4599,0,0,0,0,3990,0,143927
64,40,0,0,0,4599,0,0,0,0,0,4599,0,0,0,0,0,4599,162822
64,43,0,0,0,4599,0,0,0,0,0,4599,0,0,0,0,0,0,189210
64,46,0,0,0,4599,0,0,0,0,0,0,5082,0,0,0,0,3990,160190
64,49,0,0,0,4599,0,0,0,0,0,0,5082,0,0,0,0,0,189129
64,55,0,0,0,0,5082,0,0,0,0,3990,0,0,0,0,3990,0,139749
64,58,0,0,0,0,5082,0,0,0,0,3990,0,0,0,0,0,4599,158644
64,61,0,0,0,0,5082,0,0,0,0,3990,0,0,0,0,0,0,185032
64,64,0,0,0,0,5082,0,0,0,0,0,4599,0,0,0,0,3990,160058
64,67,0,0,0,0,5082,0,0,0,0,0,4599,0,0,0,0,0,188997
64,73,0,0,0,0,5082,0,0,0,0,0,0,5082,0,0,0,0,186561
65,1,0,0,8240,0,0,0,0,8240,0,0,0,0,8240,0,0,0,309239
65,4,0,0,8240,0,0,0,0,8240,0,0,0,0,0,9360,0,0,304250
65,7,0,0,8240,0,0,0,0,8240,0,0,0,0,0,0,10240,0,312043
65,10,0,0,8240,0,0,0,0,0,9360,0,0,0,0,8240,0,0,305665
65,13,0,0,8240,0,0,0,0,0,9360,0,0,0,0,0,9360,0,319069
65,16,0,0,8240,0,0,0,0,0,9360,0,0,0,0,0,0,10240,349477
65,19,0,0,8240,0,0,0,0,0,0,10240,0,0,0,0,8240,0,312134
65,22,0,0,8240,0,0,0,0,0,0,10240,0,0,0,0,0,9360,347737
65,25,0,0,8240,0,0,0,0,0,0,10240,0,0,0,0,0,0,397066
65,28,0,0,0,9360,0,0,0,0,8240,0,0,0,0,8240,0,0,307745
65,31,0,0,0,9360,0,0,0,0,8240,0,0,0,0,0,9360,0,321149
65,34,0,0,0,9360,0,0,0,0,8240,0,0,0,0,0,0,10240,351557
65,37,0,0,0,9360,0,0,0,0,0,9360,0,0,0,0,8240,0,322458
65,40,0,0,0,9360,0,0,0,0,0,9360,0,0,0,0,0,9360,358061
65,43,0,0,0,9360,0,0,0,0,0,9360,0,0,0,0,0,0,407390
65,46,0,0,0,9360,0,0,0,0,0,0,10240,0,0,0,0,8240,351641
65,49,0,0,0,9360,0,0,0,0,0,0,10240,0,0,0,0,0,405780
65,55,0,0,0,0,10240,0,0,0,0,8240,0,0,0,0,8240,0,312269
65,58,0,0,0,0,10240,0,0,0,0,8240,0,0,0,0,0,9360,347872
65,61,0,0,0,0,10240,0,0,0,0,8240,0,0,0,0,0,0,397201
65,64,0,0,0,0,10240,0,0,0,0,0,9360,0,0,0,0,8240,349085
65,67,0,0,0,0,10240,0,0,0,0,0,9360,0,0,0,0,0,403224
65,73,0,0,0,0,10240,0,0,0,0,0,0,10240,0,0,0,0,397280
66,1,0,0,5096,0,0,0,0,5096,0,0,0,0,5096,0,0,0,176277
66,4,0,0,5096,0,0,0,0,5096,0,0,0,0,0,5824,0,0,174250
66,7,0,0,5096,0,0,0,0,5096,0,0,0,0,0,0,6422,0,180720
66,10,0,0,5096,0,0,0,0,0,5824,0,0,0,0,5096,0,0,175730
66,13,0,0,5096,0,0,0,0,0,5824,0,0,0,0,0,5824,0,185404
66,16,0,0,5096,0,0,0,0,0,5824,0,0,0,0,0,0,6422,205452
66,19,0,0,5096,0,0,0,0,0,0,6422,0,0,0,0,5096,0,182068
66,22,0,0,5096,0,0,0,0,0,0,6422,0,0,0,0,0,5824,205083
66,25,0,0,5096,0,0,0,0,0,0,6422,0,0,0,0,0,0,237678
66,28,0,0,0,5824,0,0,0,0,5096,0,0,0,0,5096,0,0,177909
66,31,0,0,0,5824,0,0,0,0,5096,0,0,0,0,0,5824,0,187583
66,34,0,0,0,5824,0,0,0,0,5096,0,0,0,0,0,0,6422,207631
66,37,0,0,0,5824,0,0,0,0,0,5824,0,0,0,0,5096,0,188954
66,40,0,0,0,5824,0,0,0,0,0,5824,0,0,0,0,0,5824,211969
66,43,0,0,0,5824,0,0,0,0,0,5824,0,0,0,0,0,0,244564
66,46,0,0,0,5824,0,0,0,0,0,0,6422,0,0,0,0,5096,208880
66,49,0,0,0,5824,0,0,0,0,0,0,6422,0,0,0,0,0,244223
66,55,0,0,0,0,6422,0,0,0,0,5096,0,0,0,0,5096,0,184051
66,58,0,0,0,0,6422,0,0,0,0,5096,0,0,0,0,0,5824,207066
66,61,0,0,0,0,6422,0,0,0,0,5096,0,0,0,0,0,0,239661
66,64,0,0,0,0,6422,0,0,0,0,0,5824,0,0,0,0,5096,208337
66,67,0,0,0,0,6422,0,0,0,0,0,5824,0,0,0,0,0,243680
66,73,0,0,0,0,6422,0,0,0,0,0,0,6422,0,0,0,0,240820
67,1,0,8240,0,0,0,0,8240,0,0,0,0,8240,0,0,0,0,464387
67,4,0,8240,0,0,0,0,8240,0,0,0,0,0,9360,0,0,0,380271
67,7,0,8240,0,0,0,0,8240,0,0,0,0,0,0,10240,0,0,369221
67,10,0,8240,0,0,0,0,0,9360,0,0,0,0,8240,0,0,0,381799
67,13,0,8240,0,0,0,0,0,9360,0,0,0,0,0,9360,0,0,376810
67,16,0,8240,0,0,0,0,0,9360,0,0,0,0,0,0,10240,0,384603
67,19,0,8240,0,0,0,0,0,0,10240,0,0,0,0,8240,0,0,369322
67,22,0,8240,0,0,0,0,0,0,10240,0,0,0,0,0,9360,0,382726
67,25,0,8240,0,0,0,0,0,0,10240,0,0,0,0,0,0,10240,413134
67,28,0,0,9360,0,0,0,0,8240,0,0,0,0,8240,0,0,0,384044
67,31,0,0,9360,0,0,0,0,8240,0,0,0,0,0,9360,0,0,379055
67,34,0,0,9360,0,0,0,0,8240,0,0,0,0,0,0,10240,0,386848
67,37,0,0,9360,0,0,0,0,0,9360,0,0,0,0,8240,0,0,380470
67,40,0,0,9360,0,0,0,0,0,9360,0,0,0,0,0,9360,0,393874
67,43,0,0,9360,0,0,0,0,0,9360,0,0,0,0,0,0,10240,424282
67,46,0,0,9360,0,0,0,0,0,0,10240,0,0,0,0,8240,0,386939
67,49,0,0,9360,0,0,0,0,0,0,10240,0,0,0,0,0,9360,422542
67,52,0,0,9360,0,0,0,0,0,0,10240,0,0,0,0,0,0,471871
67,55,0,0,0,10240,0,0,0,0,8240,0,0,0,0,8240,0,0,369468
67,58,0,0,0,10240,0,0,0,0,8240,0,0,0,0,0,9360,0,382872
67,61,0,0,0,10240,0,0,0,0,8240,0,0,0,0,0,0,10240,413280
67,64,0,0,0,10240,0,0,0,0,0,9360,0,0,0,0,8240,0,384181
67,67,0,0,0,10240,0,0,0,0,0,9360,0,0,0,0,0,9360,419784
67,70,0,0,0,10240,0,0,0,0,0,9360,0,0,0,0,0,0,469113
67,73,0,0,0,10240,0,0,0,0,0,0,10240,0,0,0,0,8240,413364
67,76,0,0,0,10240,0,0,0,0,0,0,10240,0,0,0,0,0,467503
68,1,0,6592,0,0,0,0,6592,0,0,0,0,6592,0,0,0,0,371512
68,4,0,6592,0,0,0,0,6592,0,0,0,0,0,7488,0,0,0,304218
68,7,0,6592,0,0,0,0,6592,0,0,0,0,0,0,8192,0,0,295379
68,10,0,6592,0,0,0,0,0,7488,0,0,0,0,6592,0,0,0,305442
68,13,0,6592,0,0,0,0,0,7488,0,0,0,0,0,7488,0,0,301451
68,16,0,6592,0,0,0,0,0,7488,0,0,0,0,0,0,8192,0,307686
68,19,0,6592,0,0,0,0,0,0,8192,0,0,0,0,6592,0,0,295460
68,22,0,6592,0,0,0,0,0,0,8192,0,0,0,0,0,7488,0,306183
68,25,0,6592,0,0,0,0,0,0,8192,0,0,0,0,0,0,8192,330509
68,28,0,0,7488,0,0,0,0,6592,0,0,0,0,6592,0,0,0,307239
68,31,0,0,7488,0,0,0,0,6592,0,0,0,0,0,7488,0,0,303248
68,34,0,0,7488,0,0,0,0,6592,0,0,0,0,0,0,8192,0,309483
68,37,0,0,7488,0,0,0,0,0,7488,0,0,0,0,6592,0,0,304380
68,40,0,0,7488,0,0,0,0,0,7488,0,0,0,0,0,7488,0,315103
68,43,0,0,7488,0,0,0,0,0,7488,0,0,0,0,0,0,8192,339429
68,46,0,0,7488,0,0,0,0,0,0,8192,0,0,0,0,6592,0,309554
68,49,0,0,7488,0,0,0,0,0,0,8192,0,0,0,0,0,7488,338037
68,52,0,0,7488,0,0,0,0,0,0,8192,0,0,0,0,0,0,377499
68,55,0,0,0,8192,0,0,0,0,6592,0,0,0,0,6592,0,0,295577
68,58,0,0,0,8192,0,0,0,0,6592,0,0,0,0,0,7488,0,306300
68,61,0,0,0,8192,0,0,0,0,6592,0,0,0,0,0,0,8192,330626
68,64,0,0,0,8192,0,0,0,0,0,7488,0,0,0,0,6592,0,307346
68,67,0,0,0,8192,0,0,0,0,0,7488,0,0,0,0,0,7488,335829
68,70,0,0,0,8192,0,0,0,0,0,7488,0,0,0,0,0,0,375291
68,73,0,0,0,8192,0,0,0,0,0,0,8192,0,0,0,0,6592,330694
68,76,0,0,0,8192,0,0,0,0,0,0,8192,0,0,0,0,0,374005
69,1,0,10506,0,0,0,0,10506,0,0,0,0,10506,0,0,0,0,592089
69,4,0,10506,0,0,0,0,10506,0,0,0,0,0,11934,0,0,0,484840
69,7,0,10506,0,0,0,0,10506,0,0,0,0,0,0,13056,0,0,470753
69,10,0,10506,0,0,0,0,0,11934,0,0,0,0,10506,0,0,0,486787
69,13,0,10506,0,0,0,0,0,11934,0,0,0,0,0,11934,0,0,480426
69,16,0,10506,0,0,0,0,0,11934,0,0,0,0,0,0,13056,0,490362
69,19,0,10506,0,0,0,0,0,0,13056,0,0,0,0,10506,0,0,470879
69,22,0,10506,0,0,0,0,0,0,13056,0,0,0,0,0,11934,0,487969
69,25,0,10506,0,0,0,0,0,0,13056,0,0,0,0,0,0,13056,526740
69,28,0,0,11934,0,0,0,0,10506,0,0,0,0,10506,0,0,0,489650
69,31,0,0,11934,0,0,0,0,10506,0,0,0,0,0,11934,0,0,483289
69,34,0,0,11934,0,0,0,0,10506,0,0,0,0,0,0,13056,0,493225
69,37,0,0,11934,0,0,0,0,0,11934,0,0,0,0,10506,0,0,485094
69,40,0,0,11934,0,0,0,0,0,11934,0,0,0,0,0,11934,0,502184
69,43,0,0,11934,0,0,0,0,0,11934,0,0,0,0,0,0,13056,540955
69,46,0,0,11934,0,0,0,0,0,0,13056,0,0,0,0,10506,0,493343
69,49,0,0,11934,0,0,0,0,0,0,13056,0,0,0,0,0,11934,538738
69,52,0,0,11934,0,0,0,0,0,0,13056,0,0,0,0,0,0,601631
69,55,0,0,0,13056,0,0,0,0,10506,0,0,0,0,10506,0,0,471065
69,58,0,0,0,13056,0,0,0,0,10506,0,0,0,0,0,11934,0,488155
69,61,0,0,0,13056,0,0,0,0,10506,0,0,0,0,0,0,13056,526926
69,64,0,0,0,13056,0,0,0,0,0,11934,0,0,0,0,10506,0,489825
69,67,0,0,0,13056,0,0,0,0,0,11934,0,0,0,0,0,11934,535220
69,70,0,0,0,13056,0,0,0,0,0,11934,0,0,0,0,0,0,598113
69,73,0,0,0,13056,0,0,0,0,0,0,13056,0,0,0,0,10506,527034
69,76,0,0,0,13056,0,0,0,0,0,0,13056,0,0,0,0,0,596060
70,1,0,5880,0,0,0,0,5880,0,0,0,0,5880,0,0,0,0,314140
70,4,0,5880,0,0,0,0,5880,0,0,0,0,0,6720,0,0,0,254942
70,7,0,5880,0,0,0,0,5880,0,0,0,0,0,0,7410,0,0,248611
70,10,0,5880,0,0,0,0,0,6720,0,0,0,0,5880,0,0,0,256788
70,13,0,5880,0,0,0,0,0,6720,0,0,0,0,0,6720,0,0,254451
70,16,0,5880,0,0,0,0,0,6720,0,0,0,0,0,0,7410,0,261915
70,19,0,5880,0,0,0,0,0,0,7410,0,0,0,0,5880,0,0,250292
70,22,0,5880,0,0,0,0,0,0,7410,0,0,0,0,0,6720,0,261454
70,25,0,5880,0,0,0,0,0,0,7410,0,0,0,0,0,0,7410,284586
70,28,0,0,6720,0,0,0,0,5880,0,0,0,0,5880,0,0,0,259501
70,31,0,0,6720,0,0,0,0,5880,0,0,0,0,0,6720,0,0,257164
70,34,0,0,6720,0,0,0,0,5880,0,0,0,0,0,0,7410,0,264628
70,37,0,0,6720,0,0,0,0,0,6720,0,0,0,0,5880,0,0,258872
70,40,0,0,6720,0,0,0,0,0,6720,0,0,0,0,0,6720,0,270034
70,43,0,0,6720,0,0,0,0,0,6720,0,0,0,0,0,0,7410,293166
70,46,0,0,6720,0,0,0,0,0,0,7410,0,0,0,0,5880,0,266185
70,49,0,0,6720,0,0,0,0,0,0,7410,0,0,0,0,0,6720,292740
70,52,0,0,6720,0,0,0,0,0,0,7410,0,0,0,0,0,0,330350
70,55,0,0,0,7410,0,0,0,0,5880,0,0,0,0,5880,0,0,252763
70,58,0,0,0,7410,0,0,0,0,5880,0,0,0,0,0,6720,0,263925
70,61,0,0,0,7410,0,0,0,0,5880,0,0,0,0,0,0,7410,287057
70,64,0,0,0,7410,0,0,0,0,0,6720,0,0,0,0,5880,0,265508
70,67,0,0,0,7410,0,0,0,0,0,6720,0,0,0,0,0,6720,292063
70,70,0,0,0,7410,0,0,0,0,0,6720,0,0,0,0,0,0,329673
70,73,0,0,0,7410,0,0,0,0,0,0,7410,0,0,0,0,5880,288500
70,76,0,0,0,7410,0,0,0,0,0,0,7410,0,0,0,0,0,329280
71,1,0,9880,0,0,0,0,9880,0,0,0,0,9880,0,0,0,0,508984
71,4,0,9880,0,0,0,0,9880,0,0,0,0,0,11388,0,0,0,411546
71,7,0,9880,0,0,0,0,9880,0,0,0,0,0,0,12584,0,0,401868
71,10,0,9880,0,0,0,0,0,11388,0,0,0,0,9880,0,0,0,415959
71,13,0,9880,0,0,0,0,0,11388,0,0,0,0,0,11388,0,0,414234
71,16,0,9880,0,0,0,0,0,11388,0,0,0,0,0,0,12584,0,428132
71,19,0,9880,0,0,0,0,0,0,12584,0,0,0,0,9880,0,0,406633
71,22,0,9880,0,0,0,0,0,0,12584,0,0,0,0,0,11388,0,427895
71,25,0,9880,0,0,0,0,0,0,12584,0,0,0,0,0,0,12584,467865
71,28,0,0,11388,0,0,0,0,9880,0,0,0,0,9880,0,0,0,422442
71,31,0,0,11388,0,0,0,0,9880,0,0,0,0,0,11388,0,0,420717
71,34,0,0,11388,0,0,0,0,9880,0,0,0,0,0,0,12584,0,434615
71,37,0,0,11388,0,0,0,0,0,11388,0,0,0,0,9880,0,0,424802
71,40,0,0,11388,0,0,0,0,0,11388,0,0,0,0,0,11388,0,446064
71,43,0,0,11388,0,0,0,0,0,11388,0,0,0,0,0,0,12584,486034
71,46,0,0,11388,0,0,0,0,0,0,12584,0,0,0,0,9880,0,439028
71,49,0,0,11388,0,0,0,0,0,0,12584,0,0,0,0,0,11388,485816
71,52,0,0,11388,0,0,0,0,0,0,12584,0,0,0,0,0,0,551158
71,55,0,0,0,12584,0,0,0,0,9880,0,0,0,0,9880,0,0,413633
71,58,0,0,0,12584,0,0,0,0,9880,0,0,0,0,0,11388,0,434895
71,61,0,0,0,12584,0,0,0,0,9880,0,0,0,0,0,0,12584,474865
71,64,0,0,0,12584,0,0,0,0,0,11388,0,0,0,0,9880,0,438681
71,67,0,0,0,12584,0,0,0,0,0,11388,0,0,0,0,0,11388,485469
71,70,0,0,0,12584,0,0,0,0,0,11388,0,0,0,0,0,0,550811
71,73,0,0,0,12584,0,0,0,0,0,0,12584,0,0,0,0,9880,478952
71,76,0,0,0,12584,0,0,0,0,0,0,12584,0,0,0,0,0,550608
72,1,0,6633,0,0,0,0,6633,0,0,0,0,6633,0,0,0,0,364339
72,4,0,6633,0,0,0,0,6633,0,0,0,0,0,7557,0,0,0,297034
72,7,0,6633,0,0,0,0,6633,0,0,0,0,0,0,8316,0,0,289347
72,10,0,6633,0,0,0,0,0,7557,0,0,0,0,6633,0,0,0,298680
72,13,0,6633,0,0,0,0,0,7557,0,0,0,0,0,7557,0,0,295386
72,16,0,6633,0,0,0,0,0,7557,0,0,0,0,0,0,8316,0,302986
72,19,0,6633,0,0,0,0,0,0,8316,0,0,0,0,6633,0,0,290456
72,22,0,6633,0,0,0,0,0,0,8316,0,0,0,0,0,7557,0,302123
72,25,0,6633,0,0,0,0,0,0,8316,0,0,0,0,0,0,8316,327650
72,28,0,0,7557,0,0,0,0,6633,0,0,0,0,6633,0,0,0,301096
72,31,0,0,7557,0,0,0,0,6633,0,0,0,0,0,7557,0,0,297802
72,34,0,0,7557,0,0,0,0,6633,0,0,0,0,0,0,8316,0,305402
72,37,0,0,7557,0,0,0,0,0,7557,0,0,0,0,6633,0,0,299327
72,40,0,0,7557,0,0,0,0,0,7557,0,0,0,0,0,7557,0,310994
72,43,0,0,7557,0,0,0,0,0,7557,0,0,0,0,0,0,8316,336521
72,46,0,0,7557,0,0,0,0,0,0,8316,0,0,0,0,6633,0,306427
72,49,0,0,7557,0,0,0,0,0,0,8316,0,0,0,0,0,7557,335720
72,52,0,0,7557,0,0,0,0,0,0,8316,0,0,0,0,0,0,376994
72,55,0,0,0,8316,0,0,0,0,6633,0,0,0,0,6633,0,0,292084
72,58,0,0,0,8316,0,0,0,0,6633,0,0,0,0,0,7557,0,303751
72,61,0,0,0,8316,0,0,0,0,6633,0,0,0,0,0,0,8316,329278
72,64,0,0,0,8316,0,0,0,0,0,7557,0,0,0,0,6633,0,305160
72,67,0,0,0,8316,0,0,0,0,0,7557,0,0,0,0,0,7557,334453
72,70,0,0,0,8316,0,0,0,0,0,7557,0,0,0,0,0,0,375727
72,73,0,0,0,8316,0,0,0,0,0,0,8316,0,0,0,0,6633,330225
72,76,0,0,0,8316,0,0,0,0,0,0,8316,0,0,0,0,0,374987
73,1,0,9880,0,0,0,0,9880,0,0,0,0,9880,0,0,0,0,508984
73,4,0,9880,0,0,0,0,9880,0,0,0,0,0,11388,0,0,0,411546
73,7,0,9880,0,0,0,0,9880,0,0,0,0,0,0,12584,0,0,401868
73,10,0,9880,0,0,0,0,0,11388,0,0,0,0,9880,0,0,0,415959
73,13,0,9880,0,0,0,0,0,11388,0,0,0,0,0,11388,0,0,414234
73,16,0,9880,0,0,0,0,0,11388,0,0,0,0,0,0,12584,0,428132
73,19,0,9880,0,0,0,0,0,0,12584,0,0,0,0,9880,0,0,406633
73,22,0,9880,0,0,0,0,0,0,12584,0,0,0,0,0,11388,0,427895
73,25,0,9880,0,0,0,0,0,0,12584,0,0,0,0,0,0,12584,467865
73,28,0,0,11388,0,0,0,0,9880,0,0,0,0,9880,0,0,0,422442
73,31,0,0,11388,0,0,0,0,9880,0,0,0,0,0,11388,0,0,420717
73,34,0,0,11388,0,0,0,0,9880,0,0,0,0,0,0,12584,0,434615
73,37,0,0,11388,0,0,0,0,0,11388,0,0,0,0,9880,0,0,424802
73,40,0,0,11388,0,0,0,0,0,11388,0,0,0,0,0,11388,0,446064
73,43,0,0,11388,0,0,0,0,0,11388,0,0,0,0,0,0,12584,486034
73,46,0,0,11388,0,0,0,0,0,0,12584,0,0,0,0,9880,0,439028
73,49,0,0,11388,0,0,0,0,0,0,12584,0,0,0,0,0,11388,485816
73,52,0,0,11388,0,0,0,0,0,0,12584,0,0,0,0,0,0,551158
73,55,0,0,0,12584,0,0,0,0,9880,0,0,0,0,9880,0,0,413633
73,58,0,0,0,12584,0,0,0,0,9880,0,0,0,0,0,11388,0,434895
73,61,0,0,0,12584,0,0,0,0,9880,0,0,0,0,0,0,12584,474865
73,64,0,0,0,12584,0,0,0,0,0,11388,0,0,0,0,9880,0,438681
73,67,0,0,0,12584,0,0,0,0,0,11388,0,0,0,0,0,11388,485469
73,70,0,0,0,12584,0,0,0,0,0,11388,0,0,0,0,0,0,550811
73,73,0,0,0,12584,0,0,0,0,0,0,12584,0,0,0,0,9880,478952
73,76,0,0,0,12584,0,0,0,0,0,0,12584,0,0,0,0,0,550608
74,1,0,5488,0,0,0,0,5488,0,0,0,0,5488,0,0,0,0,293198
74,4,0,5488,0,0,0,0,5488,0,0,0,0,0,6272,0,0,0,237947
74,7,0,5488,0,0,0,0,5488,0,0,0,0,0,0,6916,0,0,232040
74,10,0,5488,0,0,0,0,0,6272,0,0,0,0,5488,0,0,0,239669
74,13,0,5488,0,0,0,0,0,6272,0,0,0,0,0,6272,0,0,237489
74,16,0,5488,0,0,0,0,0,6272,0,0,0,0,0,0,6916,0,244454
74,19,0,5488,0,0,0,0,0,0,6916,0,0,0,0,5488,0,0,233608
74,22,0,5488,0,0,0,0,0,0,6916,0,0,0,0,0,6272,0,244025
74,25,0,5488,0,0,0,0,0,0,6916,0,0,0,0,0,0,6916,265615
74,28,0,0,6272,0,0,0,0,5488,0,0,0,0,5488,0,0,0,242201
74,31,0,0,6272,0,0,0,0,5488,0,0,0,0,0,6272,0,0,240021
74,34,0,0,6272,0,0,0,0,5488,0,0,0,0,0,0,6916,0,246986
74,37,0,0,6272,0,0,0,0,0,6272,0,0,0,0,5488,0,0,241616
74,40,0,0,6272,0,0,0,0,0,6272,0,0,0,0,0,6272,0,252033
74,43,0,0,6272,0,0,0,0,0,6272,0,0,0,0,0,0,6916,273623
74,46,0,0,6272,0,0,0,0,0,0,6916,0,0,0,0,5488,0,248440
74,49,0,0,6272,0,0,0,0,0,0,6916,0,0,0,0,0,6272,273225
74,52,0,0,6272,0,0,0,0,0,0,6916,0,0,0,0,0,0,308327
74,55,0,0,0,6916,0,0,0,0,5488,0,0,0,0,5488,0,0,235915
74,58,0,0,0,6916,0,0,0,0,5488,0,0,0,0,0,6272,0,246332
74,61,0,0,0,6916,0,0,0,0,5488,0,0,0,0,0,0,6916,267922
74,64,0,0,0,6916,0,0,0,0,0,6272,0,0,0,0,5488,0,247809
74,67,0,0,0,6916,0,0,0,0,0,6272,0,0,0,0,0,6272,272594
74,70,0,0,0,6916,0,0,0,0,0,6272,0,0,0,0,0,0,307696
74,73,0,0,0,6916,0,0,0,0,0,0,6916,0,0,0,0,5488,269268
74,76,0,0,0,6916,0,0,0,0,0,0,6916,0,0,0,0,0,307328
75,1,0,6408,0,0,0,0,6408,0,0,0,0,6408,0,0,0,0,303195
75,4,0,6408,0,0,0,0,6408,0,0,0,0,0,7452,0,0,0,241468
75,7,0,6408,0,0,0,0,6408,0,0,0,0,0,0,8316,0,0,237324
75,10,0,6408,0,0,0,0,0,7452,0,0,0,0,6408,0,0,0,245532
75,13,0,6408,0,0,0,0,0,7452,0,0,0,0,0,7452,0,0,246233
75,16,0,6408,0,0,0,0,0,7452,0,0,0,0,0,0,8316,0,257897
75,19,0,6408,0,0,0,0,0,0,8316,0,0,0,0,6408,0,0,242876
75,22,0,6408,0,0,0,0,0,0,8316,0,0,0,0,0,7452,0,259026
75,25,0,6408,0,0,0,0,0,0,8316,0,0,0,0,0,0,8316,287178
75,28,0,0,7452,0,0,0,0,6408,0,0,0,0,6408,0,0,0,251502
75,31,0,0,7452,0,0,0,0,6408,0,0,0,0,0,7452,0,0,252203
75,34,0,0,7452,0,0,0,0,6408,0,0,0,0,0,0,8316,0,263867
75,37,0,0,7452,0,0,0,0,0,7452,0,0,0,0,6408,0,0,255965
75,40,0,0,7452,0,0,0,0,0,7452,0,0,0,0,0,7452,0,272115
75,43,0,0,7452,0,0,0,0,0,7452,0,0,0,0,0,0,8316,300267
75,46,0,0,7452,0,0,0,0,0,0,8316,0,0,0,0,6408,0,269008
75,49,0,0,7452,0,0,0,0,0,0,8316,0,0,0,0,0,7452,301314
75,52,0,0,7452,0,0,0,0,0,0,8316,0,0,0,0,0,0,347370
75,55,0,0,0,8316,0,0,0,0,6408,0,0,0,0,6408,0,0,251033
75,58,0,0,0,8316,0,0,0,0,6408,0,0,0,0,0,7452,0,267183
75,61,0,0,0,8316,0,0,0,0,6408,0,0,0,0,0,0,8316,295335
75,64,0,0,0,8316,0,0,0,0,0,7452,0,0,0,0,6408,0,270667
75,67,0,0,0,8316,0,0,0,0,0,7452,0,0,0,0,0,7452,302973
75,70,0,0,0,8316,0,0,0,0,0,7452,0,0,0,0,0,0,349029
75,73,0,0,0,8316,0,0,0,0,0,0,8316,0,0,0,0,6408,300096
75,76,0,0,0,8316,0,0,0,0,0,0,8316,0,0,0,0,0,349998
76,1,0,6708,0,0,0,0,6708,0,0,0,0,6708,0,0,0,0,301825
76,4,0,6708,0,0,0,0,6708,0,0,0,0,0,7839,0,0,0,238057
76,7,0,6708,0,0,0,0,6708,0,0,0,0,0,0,8775,0,0,234597
76,10,0,6708,0,0,0,0,0,7839,0,0,0,0,6708,0,0,0,243004
76,13,0,6708,0,0,0,0,0,7839,0,0,0,0,0,7839,0,0,244793
76,16,0,6708,0,0,0,0,0,7839,0,0,0,0,0,0,8775,0,258203
76,19,0,6708,0,0,0,0,0,0,8775,0,0,0,0,6708,0,0,241664
76,22,0,6708,0,0,0,0,0,0,8775,0,0,0,0,0,7839,0,259935
76,25,0,6708,0,0,0,0,0,0,8775,0,0,0,0,0,0,8775,290273
76,28,0,0,7839,0,0,0,0,6708,0,0,0,0,6708,0,0,0,250274
76,31,0,0,7839,0,0,0,0,6708,0,0,0,0,0,7839,0,0,252063
76,34,0,0,7839,0,0,0,0,6708,0,0,0,0,0,0,8775,0,265473
76,37,0,0,7839,0,0,0,0,0,7839,0,0,0,0,6708,0,0,256645
76,40,0,0,7839,0,0,0,0,0,7839,0,0,0,0,0,7839,0,274916
76,43,0,0,7839,0,0,0,0,0,7839,0,0,0,0,0,0,8775,305254
76,46,0,0,7839,0,0,0,0,0,0,8775,0,0,0,0,6708,0,272017
76,49,0,0,7839,0,0,0,0,0,0,8775,0,0,0,0,0,7839,306855
76,52,0,0,7839,0,0,0,0,0,0,8775,0,0,0,0,0,0,357022
76,55,0,0,0,8775,0,0,0,0,6708,0,0,0,0,6708,0,0,252045
76,58,0,0,0,8775,0,0,0,0,6708,0,0,0,0,0,7839,0,270316
76,61,0,0,0,8775,0,0,0,0,6708,0,0,0,0,0,0,8775,300654
76,64,0,0,0,8775,0,0,0,0,0,7839,0,0,0,0,6708,0,274558
76,67,0,0,0,8775,0,0,0,0,0,7839,0,0,0,0,0,7839,309396
76,70,0,0,0,8775,0,0,0,0,0,7839,0,0,0,0,0,0,359563
76,73,0,0,0,8775,0,0,0,0,0,0,8775,0,0,0,0,6708,306712
76,76,0,0,0,8775,0,0,0,0,0,0,8775,0,0,0,0,0,361045
77,1,0,5130,0,0,0,0,5130,0,0,0,0,5130,0,0,0,0,264282
77,4,0,5130,0,0,0,0,5130,0,0,0,0,0,5913,0,0,0,213690
77,7,0,5130,0,0,0,0,5130,0,0,0,0,0,0,6534,0,0,208664
77,10,0,5130,0,0,0,0,0,5913,0,0,0,0,5130,0,0,0,215982
77,13,0,5130,0,0,0,0,0,5913,0,0,0,0,0,5913,0,0,215086
77,16,0,5130,0,0,0,0,0,5913,0,0,0,0,0,0,6534,0,222302
77,19,0,5130,0,0,0,0,0,0,6534,0,0,0,0,5130,0,0,211139
77,22,0,5130,0,0,0,0,0,0,6534,0,0,0,0,0,5913,0,222178
77,25,0,5130,0,0,0,0,0,0,6534,0,0,0,0,0,0,6534,242931
77,28,0,0,5913,0,0,0,0,5130,0,0,0,0,5130,0,0,0,219349
77,31,0,0,5913,0,0,0,0,5130,0,0,0,0,0,5913,0,0,218453
77,34,0,0,5913,0,0,0,0,5130,0,0,0,0,0,0,6534,0,225669
77,37,0,0,5913,0,0,0,0,0,5913,0,0,0,0,5130,0,0,220575
77,40,0,0,5913,0,0,0,0,0,5913,0,0,0,0,0,5913,0,231614
77,43,0,0,5913,0,0,0,0,0,5913,0,0,0,0,0,0,6534,252367
77,46,0,0,5913,0,0,0,0,0,0,6534,0,0,0,0,5130,0,227960
77,49,0,0,5913,0,0,0,0,0,0,6534,0,0,0,0,0,5913,252254
77,52,0,0,5913,0,0,0,0,0,0,6534,0,0,0,0,0,0,286181
77,55,0,0,0,6534,0,0,0,0,5130,0,0,0,0,5130,0,0,214774
77,58,0,0,0,6534,0,0,0,0,5130,0,0,0,0,0,5913,0,225813
77,61,0,0,0,6534,0,0,0,0,5130,0,0,0,0,0,0,6534,246566
77,64,0,0,0,6534,0,0,0,0,0,5913,0,0,0,0,5130,0,227777
77,67,0,0,0,6534,0,0,0,0,0,5913,0,0,0,0,0,5913,252071
77,70,0,0,0,6534,0,0,0,0,0,5913,0,0,0,0,0,0,285998
77,73,0,0,0,6534,0,0,0,0,0,0,6534,0,0,0,0,5130,248687
77,76,0,0,0,6534,0,0,0,0,0,0,6534,0,0,0,0,0,285893
78,1,0,9500,0,0,0,0,9500,0,0,0,0,9500,0,0,0,0,489407
78,4,0,9500,0,0,0,0,9500,0,0,0,0,0,10950,0,0,0,395715
78,7,0,9500,0,0,0,0,9500,0,0,0,0,0,0,12100,0,0,386408
78,10,0,9500,0,0,0,0,0,10950,0,0,0,0,9500,0,0,0,399957
78,13,0,9500,0,0,0,0,0,10950,0,0,0,0,0,10950,0,0,398298
78,16,0,9500,0,0,0,0,0,10950,0,0,0,0,0,0,12100,0,411663
78,19,0,9500,0,0,0,0,0,0,12100,0,0,0,0,9500,0,0,390991
78,22,0,9500,0,0,0,0,0,0,12100,0,0,0,0,0,10950,0,411437
78,25,0,9500,0,0,0,0,0,0,12100,0,0,0,0,0,0,12100,449869
78,28,0,0,10950,0,0,0,0,9500,0,0,0,0,9500,0,0,0,406192
78,31,0,0,10950,0,0,0,0,9500,0,0,0,0,0,10950,0,0,404533
78,34,0,0,10950,0,0,0,0,9500,0,0,0,0,0,0,12100,0,417898
78,37,0,0,10950,0,0,0,0,0,10950,0,0,0,0,9500,0,0,408464
78,40,0,0,10950,0,0,0,0,0,10950,0,0,0,0,0,10950,0,428910
78,43,0,0,10950,0,0,0,0,0,10950,0,0,0,0,0,0,12100,467342
78,46,0,0,10950,0,0,0,0,0,0,12100,0,0,0,0,9500,0,422142
78,49,0,0,10950,0,0,0,0,0,0,12100,0,0,0,0,0,10950,467131
78,52,0,0,10950,0,0,0,0,0,0,12100,0,0,0,0,0,0,529959
78,55,0,0,0,12100,0,0,0,0,9500,0,0,0,0,9500,0,0,397724
78,58,0,0,0,12100,0,0,0,0,9500,0,0,0,0,0,10950,0,418170
78,61,0,0,0,12100,0,0,0,0,9500,0,0,0,0,0,0,12100,456602
78,64,0,0,0,12100,0,0,0,0,0,10950,0,0,0,0,9500,0,421808
78,67,0,0,0,12100,0,0,0,0,0,10950,0,0,0,0,0,10950,466797
78,70,0,0,0,12100,0,0,0,0,0,10950,0,0,0,0,0,0,529625
78,73,0,0,0,12100,0,0,0,0,0,0,12100,0,0,0,0,9500,460530
78,76,0,0,0,12100,0,0,0,0,0,0,12100,0,0,0,0,0,529429
79,1,0,8844,0,0,0,0,8844,0,0,0,0,8844,0,0,0,0,485778
79,4,0,8844,0,0,0,0,8844,0,0,0,0,0,10076,0,0,0,396038
79,7,0,8844,0,0,0,0,8844,0,0,0,0,0,0,11088,0,0,385787
79,10,0,8844,0,0,0,0,0,10076,0,0,0,0,8844,0,0,0,398233
79,13,0,8844,0,0,0,0,0,10076,0,0,0,0,0,10076,0,0,393839
79,16,0,8844,0,0,0,0,0,10076,0,0,0,0,0,0,11088,0,403972
79,19,0,8844,0,0,0,0,0,0,11088,0,0,0,0,8844,0,0,387265
79,22,0,8844,0,0,0,0,0,0,11088,0,0,0,0,0,10076,0,402821
79,25,0,8844,0,0,0,0,0,0,11088,0,0,0,0,0,0,11088,436858
79,28,0,0,10076,0,0,0,0,8844,0,0,0,0,8844,0,0,0,401457
79,31,0,0,10076,0,0,0,0,8844,0,0,0,0,0,10076,0,0,397063
79,34,0,0,10076,0,0,0,0,8844,0,0,0,0,0,0,11088,0,407196
79,37,0,0,10076,0,0,0,0,0,10076,0,0,0,0,8844,0,0,399095
79,40,0,0,10076,0,0,0,0,0,10076,0,0,0,0,0,10076,0,414651
79,43,0,0,10076,0,0,0,0,0,10076,0,0,0,0,0,0,11088,448688
79,46,0,0,10076,0,0,0,0,0,0,11088,0,0,0,0,8844,0,408564
79,49,0,0,10076,0,0,0,0,0,0,11088,0,0,0,0,0,10076,447621
79,52,0,0,10076,0,0,0,0,0,0,11088,0,0,0,0,0,0,502653
79,55,0,0,0,11088,0,0,0,0,8844,0,0,0,0,8844,0,0,389436
79,58,0,0,0,11088,0,0,0,0,8844,0,0,0,0,0,10076,0,404992
79,61,0,0,0,11088,0,0,0,0,8844,0,0,0,0,0,0,11088,439029
79,64,0,0,0,11088,0,0,0,0,0,10076,0,0,0,0,8844,0,406874
79,67,0,0,0,11088,0,0,0,0,0,10076,0,0,0,0,0,10076,445931
79,70,0,0,0,11088,0,0,0,0,0,10076,0,0,0,0,0,0,500963
79,73,0,0,0,11088,0,0,0,0,0,0,11088,0,0,0,0,8844,440297
79,76,0,0,0,11088,0,0,0,0,0,0,11088,0,0,0,0,0,499978
80,1,0,4785,0,0,0,0,4785,0,0,0,0,4785,0,0,0,0,201323
80,4,0,4785,0,0,0,0,4785,0,0,0,0,0,5655,0,0,0,157175
80,7,0,4785,0,0,0,0,4785,0,0,0,0,0,0,6351,0,0,155450
80,10,0,4785,0,0,0,0,0,5655,0,0,0,0,4785,0,0,0,161598
80,13,0,4785,0,0,0,0,0,5655,0,0,0,0,0,5655,0,0,164351
80,16,0,4785,0,0,0,0,0,5655,0,0,0,0,0,0,6351,0,174897
80,19,0,4785,0,0,0,0,0,0,6351,0,0,0,0,4785,0,0,161866
80,22,0,4785,0,0,0,0,0,0,6351,0,0,0,0,0,5655,0,176559
80,25,0,4785,0,0,0,0,0,0,6351,0,0,0,0,0,0,6351,199085
80,28,0,0,5655,0,0,0,0,4785,0,0,0,0,4785,0,0,0,168097
80,31,0,0,5655,0,0,0,0,4785,0,0,0,0,0,5655,0,0,170850
80,34,0,0,5655,0,0,0,0,4785,0,0,0,0,0,0,6351,0,181396
80,37,0,0,5655,0,0,0,0,0,5655,0,0,0,0,4785,0,0,174946
80,40,0,0,5655,0,0,0,0,0,5655,0,0,0,0,0,5655,0,189639
80,43,0,0,5655,0,0,0,0,0,5655,0,0,0,0,0,0,6351,212165
80,46,0,0,5655,0,0,0,0,0,0,6351,0,0,0,0,4785,0,187339
80,49,0,0,5655,0,0,0,0,0,0,6351,0,0,0,0,0,5655,213704
80,52,0,0,5655,0,0,0,0,0,0,6351,0,0,0,0,0,0,251127
80,55,0,0,0,6351,0,0,0,0,4785,0,0,0,0,4785,0,0,171294
80,58,0,0,0,6351,0,0,0,0,4785,0,0,0,0,0,5655,0,185987
80,61,0,0,0,6351,0,0,0,0,4785,0,0,0,0,0,0,6351,208513
80,64,0,0,0,6351,0,0,0,0,0,5655,0,0,0,0,4785,0,189780
80,67,0,0,0,6351,0,0,0,0,0,5655,0,0,0,0,0,5655,216145
80,70,0,0,0,6351,0,0,0,0,0,5655,0,0,0,0,0,0,253568
80,73,0,0,0,6351,0,0,0,0,0,0,6351,0,0,0,0,4785,214015
80,76,0,0,0,6351,0,0,0,0,0,0,6351,0,0,0,0,0,254993
81,1,0,5874,0,0,0,0,5874,0,0,0,0,5874,0,0,0,0,277932
81,4,0,5874,0,0,0,0,5874,0,0,0,0,0,6831,0,0,0,221349
81,7,0,5874,0,0,0,0,5874,0,0,0,0,0,0,7623,0,0,217552
81,10,0,5874,0,0,0,0,0,6831,0,0,0,0,5874,0,0,0,225074
81,13,0,5874,0,0,0,0,0,6831,0,0,0,0,0,6831,0,0,225718
81,16,0,5874,0,0,0,0,0,6831,0,0,0,0,0,0,7623,0,236411
81,19,0,5874,0,0,0,0,0,0,7623,0,0,0,0,5874,0,0,222643
81,22,0,5874,0,0,0,0,0,0,7623,0,0,0,0,0,6831,0,237448
81,25,0,5874,0,0,0,0,0,0,7623,0,0,0,0,0,0,7623,263254
81,28,0,0,6831,0,0,0,0,5874,0,0,0,0,5874,0,0,0,230546
81,31,0,0,6831,0,0,0,0,5874,0,0,0,0,0,6831,0,0,231190
81,34,0,0,6831,0,0,0,0,5874,0,0,0,0,0,0,7623,0,241883
81,37,0,0,6831,0,0,0,0,0,6831,0,0,0,0,5874,0,0,234640
81,40,0,0,6831,0,0,0,0,0,6831,0,0,0,0,0,6831,0,249445
81,43,0,0,6831,0,0,0,0,0,6831,0,0,0,0,0,0,7623,275251
81,46,0,0,6831,0,0,0,0,0,0,7623,0,0,0,0,5874,0,246595
81,49,0,0,6831,0,0,0,0,0,0,7623,0,0,0,0,0,6831,276208
81,52,0,0,6831,0,0,0,0,0,0,7623,0,0,0,0,0,0,318426
81,55,0,0,0,7623,0,0,0,0,5874,0,0,0,0,5874,0,0,230119
81,58,0,0,0,7623,0,0,0,0,5874,0,0,0,0,0,6831,0,244924
81,61,0,0,0,7623,0,0,0,0,5874,0,0,0,0,0,0,7623,270730
81,64,0,0,0,7623,0,0,0,0,0,6831,0,0,0,0,5874,0,248116
81,67,0,0,0,7623,0,0,0,0,0,6831,0,0,0,0,0,6831,277729
81,70,0,0,0,7623,0,0,0,0,0,6831,0,0,0,0,0,0,319947
81,73,0,0,0,7623,0,0,0,0,0,0,7623,0,0,0,0,5874,275092
81,76,0,0,0,7623,0,0,0,0,0,0,7623,0,0,0,0,0,320836
82,1,0,4750,0,0,0,0,4750,0,0,0,0,4750,0,0,0,0,244708
82,4,0,4750,0,0,0,0,4750,0,0,0,0,0,5475,0,0,0,197862
82,7,0,4750,0,0,0,0,4750,0,0,0,0,0,0,6050,0,0,193207
82,10,0,4750,0,0,0,0,0,5475,0,0,0,0,4750,0,0,0,199983
82,13,0,4750,0,0,0,0,0,5475,0,0,0,0,0,5475,0,0,199151
82,16,0,4750,0,0,0,0,0,5475,0,0,0,0,0,0,6050,0,205834
82,19,0,4750,0,0,0,0,0,0,6050,0,0,0,0,4750,0,0,195498
82,22,0,4750,0,0,0,0,0,0,6050,0,0,0,0,0,5475,0,205722
82,25,0,4750,0,0,0,0,0,0,6050,0,0,0,0,0,0,6050,224937
82,28,0,0,5475,0,0,0,0,4750,0,0,0,0,4750,0,0,0,203099
82,31,0,0,5475,0,0,0,0,4750,0,0,0,0,0,5475,0,0,202267
82,34,0,0,5475,0,0,0,0,4750,0,0,0,0,0,0,6050,0,208950
82,37,0,0,5475,0,0,0,0,0,5475,0,0,0,0,4750,0,0,204232
82,40,0,0,5475,0,0,0,0,0,5475,0,0,0,0,0,5475,0,214456
82,43,0,0,5475,0,0,0,0,0,5475,0,0,0,0,0,0,6050,233671
82,46,0,0,5475,0,0,0,0,0,0,6050,0,0,0,0,4750,0,211072
82,49,0,0,5475,0,0,0,0,0,0,6050,0,0,0,0,0,5475,233566
82,52,0,0,5475,0,0,0,0,0,0,6050,0,0,0,0,0,0,264981
82,55,0,0,0,6050,0,0,0,0,4750,0,0,0,0,4750,0,0,198863
82,58,0,0,0,6050,0,0,0,0,4750,0,0,0,0,0,5475,0,209087
82,61,0,0,0,6050,0,0,0,0,4750,0,0,0,0,0,0,6050,228302
82,64,0,0,0,6050,0,0,0,0,0,5475,0,0,0,0,4750,0,210905
82,67,0,0,0,6050,0,0,0,0,0,5475,0,0,0,0,0,5475,233399
82,70,0,0,0,6050,0,0,0,0,0,5475,0,0,0,0,0,0,264814
82,73,0,0,0,6050,0,0,0,0,0,0,6050,0,0,0,0,4750,230266
82,76,0,0,0,6050,0,0,0,0,0,0,6050,0,0,0,0,0,264717
83,1,8643,0,0,0,0,8643,0,0,0,0,8643,0,0,0,0,8643,464861
83,2,8643,0,0,0,0,8643,0,0,0,0,8643,0,0,0,0,0,523186
83,4,8643,0,0,0,0,8643,0,0,0,0,0,9847,0,0,0,0,524762
83,7,8643,0,0,0,0,8643,0,0,0,0,0,0,10836,0,0,0,430879
83,10,8643,0,0,0,0,0,9847,0,0,0,0,8643,0,0,0,0,527077
83,13,8643,0,0,0,0,0,9847,0,0,0,0,0,9847,0,0,0,439375
83,16,8643,0,0,0,0,0,9847,0,0,0,0,0,0,10836,0,0,429358
83,19,8643,0,0,0,0,0,0,10836,0,0,0,0,8643,0,0,0,432437
83,22,8643,0,0,0,0,0,0,10836,0,0,0,0,0,9847,0,0,428144
83,25,8643,0,0,0,0,0,0,10836,0,0,0,0,0,0,10836,0,438047
83,28,0,9847,0,0,0,0,8643,0,0,0,0,8643,0,0,0,0,530480
83,31,0,9847,0,0,0,0,8643,0,0,0,0,0,9847,0,0,0,442778
83,34,0,9847,0,0,0,0,8643,0,0,0,0,0,0,10836,0,0,432761
83,37,0,9847,0,0,0,0,0,9847,0,0,0,0,8643,0,0,0,444923
83,40,0,9847,0,0,0,0,0,9847,0,0,0,0,0,9847,0,0,440630
83,43,0,9847,0,0,0,0,0,9847,0,0,0,0,0,0,10836,0,450533
83,46,0,9847,0,0,0,0,0,0,10836,0,0,0,0,8643,0,0,434205
83,49,0,9847,0,0,0,0,0,0,10836,0,0,0,0,0,9847,0,449408
83,52,0,9847,0,0,0,0,0,0,10836,0,0,0,0,0,0,10836,482670
83,55,0,0,10836,0,0,0,0,8643,0,0,0,0,8643,0,0,0,434728
83,58,0,0,10836,0,0,0,0,8643,0,0,0,0,0,9847,0,0,430435
83,61,0,0,10836,0,0,0,0,8643,0,0,0,0,0,0,10836,0,440338
83,64,0,0,10836,0,0,0,0,0,9847,0,0,0,0,8643,0,0,432420
83,67,0,0,10836,0,0,0,0,0,9847,0,0,0,0,0,9847,0,447623
83,70,0,0,10836,0,0,0,0,0,9847,0,0,0,0,0,0,10836,480885
83,73,0,0,10836,0,0,0,0,0,0,10836,0,0,0,0,8643,0,441675
83,76,0,0,10836,0,0,0,0,0,0,10836,0,0,0,0,0,9847,479845
83,79,0,0,10836,0,0,0,0,0,0,10836,0,0,0,0,0,0,533626
84,1,4228,0,0,0,0,4228,0,0,0,0,4228,0,0,0,0,4228,131059
84,2,4228,0,0,0,0,4228,0,0,0,0,4228,0,0,0,0,0,171000
84,4,4228,0,0,0,0,4228,0,0,0,0,0,5068,0,0,0,0,174813
84,7,4228,0,0,0,0,4228,0,0,0,0,0,0,5740,0,0,0,132798
84,10,4228,0,0,0,0,0,5068,0,0,0,0,4228,0,0,0,0,180415
84,13,4228,0,0,0,0,0,5068,0,0,0,0,0,5068,0,0,0,143070
84,16,4228,0,0,0,0,0,5068,0,0,0,0,0,0,5740,0,0,143044
84,19,4228,0,0,0,0,0,0,5740,0,0,0,0,4228,0,0,0,141393
84,22,4228,0,0,0,0,0,0,5740,0,0,0,0,0,5068,0,0,145691
84,25,4228,0,0,0,0,0,0,5740,0,0,0,0,0,0,5740,0,157061
84,28,0,5068,0,0,0,0,4228,0,0,0,0,4228,0,0,0,0,188644
84,31,0,5068,0,0,0,0,4228,0,0,0,0,0,5068,0,0,0,151299
84,34,0,5068,0,0,0,0,4228,0,0,0,0,0,0,5740,0,0,151273
84,37,0,5068,0,0,0,0,0,5068,0,0,0,0,4228,0,0,0,156484
84,40,0,5068,0,0,0,0,0,5068,0,0,0,0,0,5068,0,0,160782
84,43,0,5068,0,0,0,0,0,5068,0,0,0,0,0,0,5740,0,172152
84,46,0,5068,0,0,0,0,0,0,5740,0,0,0,0,4228,0,0,159230
84,49,0,5068,0,0,0,0,0,0,5740,0,0,0,0,0,5068,0,174604
84,52,0,5068,0,0,0,0,0,0,5740,0,0,0,0,0,0,5740,196274
84,55,0,0,5740,0,0,0,0,4228,0,0,0,0,4228,0,0,0,154022
84,58,0,0,5740,0,0,0,0,4228,0,0,0,0,0,5068,0,0,158320
84,61,0,0,5740,0,0,0,0,4228,0,0,0,0,0,0,5740,0,169690
84,64,0,0,5740,0,0,0,0,0,5068,0,0,0,0,4228,0,0,163122
84,67,0,0,5740,0,0,0,0,0,5068,0,0,0,0,0,5068,0,178496
84,70,0,0,5740,0,0,0,0,0,5068,0,0,0,0,0,0,5740,200166
84,73,0,0,5740,0,0,0,0,0,0,5740,0,0,0,0,4228,0,177059
84,76,0,0,5740,0,0,0,0,0,0,5740,0,0,0,0,0,5068,202435
84,79,0,0,5740,0,0,0,0,0,0,5740,0,0,0,0,0,0,238943
85,1,7584,0,0,0,0,7584,0,0,0,0,7584,0,0,0,0,7584,265987
85,2,7584,0,0,0,0,7584,0,0,0,0,7584,0,0,0,0,0,334064
85,4,7584,0,0,0,0,7584,0,0,0,0,0,9024,0,0,0,0,340022
85,7,7584,0,0,0,0,7584,0,0,0,0,0,0,10176,0,0,0,263540
85,10,7584,0,0,0,0,0,9024,0,0,0,0,7584,0,0,0,0,348776
85,13,7584,0,0,0,0,0,9024,0,0,0,0,0,9024,0,0,0,280299
85,16,7584,0,0,0,0,0,9024,0,0,0,0,0,0,10176,0,0,278781
85,19,7584,0,0,0,0,0,0,10176,0,0,0,0,7584,0,0,0,276643
85,22,7584,0,0,0,0,0,0,10176,0,0,0,0,0,9024,0,0,282537
85,25,7584,0,0,0,0,0,0,10176,0,0,0,0,0,0,10176,0,301012
85,28,0,9024,0,0,0,0,7584,0,0,0,0,7584,0,0,0,0,361638
85,31,0,9024,0,0,0,0,7584,0,0,0,0,0,9024,0,0,0,293161
85,34,0,9024,0,0,0,0,7584,0,0,0,0,0,0,10176,0,0,291643
85,37,0,9024,0,0,0,0,0,9024,0,0,0,0,7584,0,0,0,301268
85,40,0,9024,0,0,0,0,0,9024,0,0,0,0,0,9024,0,0,307162
85,43,0,9024,0,0,0,0,0,9024,0,0,0,0,0,0,10176,0,325637
85,46,0,9024,0,0,0,0,0,0,10176,0,0,0,0,7584,0,0,303776
85,49,0,9024,0,0,0,0,0,0,10176,0,0,0,0,0,9024,0,329114
85,52,0,9024,0,0,0,0,0,0,10176,0,0,0,0,0,0,10176,366400
85,55,0,0,10176,0,0,0,0,7584,0,0,0,0,7584,0,0,0,295894
85,58,0,0,10176,0,0,0,0,7584,0,0,0,0,0,9024,0,0,301788
85,61,0,0,10176,0,0,0,0,7584,0,0,0,0,0,0,10176,0,320263
85,64,0,0,10176,0,0,0,0,0,9024,0,0,0,0,7584,0,0,309293
85,67,0,0,10176,0,0,0,0,0,9024,0,0,0,0,0,9024,0,334631
85,70,0,0,10176,0,0,0,0,0,9024,0,0,0,0,0,0,10176,371917
85,73,0,0,10176,0,0,0,0,0,0,10176,0,0,0,0,7584,0,331495
85,76,0,0,10176,0,0,0,0,0,0,10176,0,0,0,0,0,9024,375136
85,79,0,0,10176,0,0,0,0,0,0,10176,0,0,0,0,0,0,437328
86,1,6364,0,0,0,0,6364,0,0,0,0,6364,0,0,0,0,6364,268506
86,2,6364,0,0,0,0,6364,0,0,0,0,6364,0,0,0,0,0,320053
86,4,6364,0,0,0,0,6364,0,0,0,0,0,7437,0,0,0,0,323503
86,7,6364,0,0,0,0,6364,0,0,0,0,0,0,8325,0,0,0,257629
86,10,6364,0,0,0,0,0,7437,0,0,0,0,6364,0,0,0,0,328571
86,13,6364,0,0,0,0,0,7437,0,0,0,0,0,7437,0,0,0,268075
86,16,6364,0,0,0,0,0,7437,0,0,0,0,0,0,8325,0,0,264791
86,19,6364,0,0,0,0,0,0,8325,0,0,0,0,6364,0,0,0,264868
86,22,6364,0,0,0,0,0,0,8325,0,0,0,0,0,7437,0,0,266564
86,25,6364,0,0,0,0,0,0,8325,0,0,0,0,0,0,8325,0,279286
86,28,0,7437,0,0,0,0,6364,0,0,0,0,6364,0,0,0,0,336020
86,31,0,7437,0,0,0,0,6364,0,0,0,0,0,7437,0,0,0,275524
86,34,0,7437,0,0,0,0,6364,0,0,0,0,0,0,8325,0,0,272240
86,37,0,7437,0,0,0,0,0,7437,0,0,0,0,6364,0,0,0,280218
86,40,0,7437,0,0,0,0,0,7437,0,0,0,0,0,7437,0,0,281914
86,43,0,7437,0,0,0,0,0,7437,0,0,0,0,0,0,8325,0,294636
86,46,0,7437,0,0,0,0,0,0,8325,0,0,0,0,6364,0,0,278945
86,49,0,7437,0,0,0,0,0,0,8325,0,0,0,0,0,7437,0,296277
86,52,0,7437,0,0,0,0,0,0,8325,0,0,0,0,0,0,8325,325060
86,55,0,0,8325,0,0,0,0,6364,0,0,0,0,6364,0,0,0,275505
86,58,0,0,8325,0,0,0,0,6364,0,0,0,0,0,7437,0,0,277201
86,61,0,0,8325,0,0,0,0,6364,0,0,0,0,0,0,8325,0,289923
86,64,0,0,8325,0,0,0,0,0,7437,0,0,0,0,6364,0,0,281549
86,67,0,0,8325,0,0,0,0,0,7437,0,0,0,0,0,7437,0,298881
86,70,0,0,8325,0,0,0,0,0,7437,0,0,0,0,0,0,8325,327664
86,73,0,0,8325,0,0,0,0,0,0,8325,0,0,0,0,6364,0,296132
86,76,0,0,8325,0,0,0,0,0,0,8325,0,0,0,0,0,7437,329183
86,79,0,0,8325,0,0,0,0,0,0,8325,0,0,0,0,0,0,376777
87,1,4750,0,0,0,0,4750,0,0,0,0,4750,0,0,0,0,4750,236602
87,2,4750,0,0,0,0,4750,0,0,0,0,4750,0,0,0,0,0,271053
87,4,4750,0,0,0,0,4750,0,0,0,0,0,5475,0,0,0,0,272614
87,7,4750,0,0,0,0,4750,0,0,0,0,0,0,6050,0,0,0,221638
87,10,4750,0,0,0,0,0,5475,0,0,0,0,4750,0,0,0,0,274906
87,13,4750,0,0,0,0,0,5475,0,0,0,0,0,5475,0,0,0,228060
87,16,4750,0,0,0,0,0,5475,0,0,0,0,0,0,6050,0,0,223405
87,19,4750,0,0,0,0,0,0,6050,0,0,0,0,4750,0,0,0,224112
87,22,4750,0,0,0,0,0,0,6050,0,0,0,0,0,5475,0,0,223280
87,25,4750,0,0,0,0,0,0,6050,0,0,0,0,0,0,6050,0,229963
87,28,0,5475,0,0,0,0,4750,0,0,0,0,4750,0,0,0,0,278272
87,31,0,5475,0,0,0,0,4750,0,0,0,0,0,5475,0,0,0,231426
87,34,0,5475,0,0,0,0,4750,0,0,0,0,0,0,6050,0,0,226771
87,37,0,5475,0,0,0,0,0,5475,0,0,0,0,4750,0,0,0,233547
87,40,0,5475,0,0,0,0,0,5475,0,0,0,0,0,5475,0,0,232715
87,43,0,5475,0,0,0,0,0,5475,0,0,0,0,0,0,6050,0,239398
87,46,0,5475,0,0,0,0,0,0,6050,0,0,0,0,4750,0,0,229062
87,49,0,5475,0,0,0,0,0,0,6050,0,0,0,0,0,5475,0,239286
87,52,0,5475,0,0,0,0,0,0,6050,0,0,0,0,0,0,6050,258501
87,55,0,0,6050,0,0,0,0,4750,0,0,0,0,4750,0,0,0,227747
87,58,0,0,6050,0,0,0,0,4750,0,0,0,0,0,5475,0,0,226915
87,61,0,0,6050,0,0,0,0,4750,0,0,0,0,0,0,6050,0,233598
87,64,0,0,6050,0,0,0,0,0,5475,0,0,0,0,4750,0,0,228880
87,67,0,0,6050,0,0,0,0,0,5475,0,0,0,0,0,5475,0,239104
87,70,0,0,6050,0,0,0,0,0,5475,0,0,0,0,0,0,6050,258319
87,73,0,0,6050,0,0,0,0,0,0,6050,0,0,0,0,4750,0,235720
87,76,0,0,6050,0,0,0,0,0,0,6050,0,0,0,0,0,5475,258214
87,79,0,0,6050,0,0,0,0,0,0,6050,0,0,0,0,0,0,289629
88,1,7701,0,0,0,0,7701,0,0,0,0,7701,0,0,0,0,7701,238713
88,2,7701,0,0,0,0,7701,0,0,0,0,7701,0,0,0,0,0,311461
88,4,7701,0,0,0,0,7701,0,0,0,0,0,9231,0,0,0,0,318402
88,7,7701,0,0,0,0,7701,0,0,0,0,0,0,10455,0,0,0,241877
88,10,7701,0,0,0,0,0,9231,0,0,0,0,7701,0,0,0,0,328603
88,13,7701,0,0,0,0,0,9231,0,0,0,0,0,9231,0,0,0,260584
88,16,7701,0,0,0,0,0,9231,0,0,0,0,0,0,10455,0,0,260536
88,19,7701,0,0,0,0,0,0,10455,0,0,0,0,7701,0,0,0,257530
88,22,7701,0,0,0,0,0,0,10455,0,0,0,0,0,9231,0,0,265357
88,25,7701,0,0,0,0,0,0,10455,0,0,0,0,0,0,10455,0,286070
88,28,0,9231,0,0,0,0,7701,0,0,0,0,7701,0,0,0,0,343592
88,31,0,9231,0,0,0,0,7701,0,0,0,0,0,9231,0,0,0,275573
88,34,0,9231,0,0,0,0,7701,0,0,0,0,0,0,10455,0,0,275525
88,37,0,9231,0,0,0,0,0,9231,0,0,0,0,7701,0,0,0,285018
88,40,0,9231,0,0,0,0,0,9231,0,0,0,0,0,9231,0,0,292845
88,43,0,9231,0,0,0,0,0,9231,0,0,0,0,0,0,10455,0,313558
88,46,0,9231,0,0,0,0,0,0,10455,0,0,0,0,7701,0,0,290021
88,49,0,9231,0,0,0,0,0,0,10455,0,0,0,0,0,9231,0,318026
88,52,0,9231,0,0,0,0,0,0,10455,0,0,0,0,0,0,10455,357496
88,55,0,0,10455,0,0,0,0,7701,0,0,0,0,7701,0,0,0,280533
88,58,0,0,10455,0,0,0,0,7701,0,0,0,0,0,9231,0,0,288360
88,61,0,0,10455,0,0,0,0,7701,0,0,0,0,0,0,10455,0,309073
88,64,0,0,10455,0,0,0,0,0,9231,0,0,0,0,7701,0,0,297108
88,67,0,0,10455,0,0,0,0,0,9231,0,0,0,0,0,9231,0,325113
88,70,0,0,10455,0,0,0,0,0,9231,0,0,0,0,0,0,10455,364583
88,73,0,0,10455,0,0,0,0,0,0,10455,0,0,0,0,7701,0,322495
88,76,0,0,10455,0,0,0,0,0,0,10455,0,0,0,0,0,9231,368718
88,79,0,0,10455,0,0,0,0,0,0,10455,0,0,0,0,0,0,435214
89,1,8600,0,0,0,0,8600,0,0,0,0,8600,0,0,0,0,8600,362837
89,2,8600,0,0,0,0,8600,0,0,0,0,8600,0,0,0,0,0,432495
89,4,8600,0,0,0,0,8600,0,0,0,0,0,10050,0,0,0,0,437159
89,7,8600,0,0,0,0,8600,0,0,0,0,0,0,11250,0,0,0,348138
89,10,8600,0,0,0,0,0,10050,0,0,0,0,8600,0,0,0,0,444010
89,13,8600,0,0,0,0,0,10050,0,0,0,0,0,10050,0,0,0,362256
89,16,8600,0,0,0,0,0,10050,0,0,0,0,0,0,11250,0,0,357819
89,19,8600,0,0,0,0,0,0,11250,0,0,0,0,8600,0,0,0,357920
89,22,8600,0,0,0,0,0,0,11250,0,0,0,0,0,10050,0,0,360212
89,25,8600,0,0,0,0,0,0,11250,0,0,0,0,0,0,11250,0,377404
89,28,0,10050,0,0,0,0,8600,0,0,0,0,8600,0,0,0,0,454077
89,31,0,10050,0,0,0,0,8600,0,0,0,0,0,10050,0,0,0,372323
89,34,0,10050,0,0,0,0,8600,0,0,0,0,0,0,11250,0,0,367886
89,37,0,10050,0,0,0,0,0,10050,0,0,0,0,8600,0,0,0,378666
89,40,0,10050,0,0,0,0,0,10050,0,0,0,0,0,10050,0,0,380958
89,43,0,10050,0,0,0,0,0,10050,0,0,0,0,0,0,11250,0,398150
89,46,0,10050,0,0,0,0,0,0,11250,0,0,0,0,8600,0,0,376947
89,49,0,10050,0,0,0,0,0,0,11250,0,0,0,0,0,10050,0,400370
89,52,0,10050,0,0,0,0,0,0,11250,0,0,0,0,0,0,11250,439265
89,55,0,0,11250,0,0,0,0,8600,0,0,0,0,8600,0,0,0,372298
89,58,0,0,11250,0,0,0,0,8600,0,0,0,0,0,10050,0,0,374590
89,61,0,0,11250,0,0,0,0,8600,0,0,0,0,0,0,11250,0,391782
89,64,0,0,11250,0,0,0,0,0,10050,0,0,0,0,8600,0,0,380466
89,67,0,0,11250,0,0,0,0,0,10050,0,0,0,0,0,10050,0,403889
89,70,0,0,11250,0,0,0,0,0,10050,0,0,0,0,0,0,11250,442784
89,73,0,0,11250,0,0,0,0,0,0,11250,0,0,0,0,8600,0,400172
89,76,0,0,11250,0,0,0,0,0,0,11250,0,0,0,0,0,10050,444837
89,79,0,0,11250,0,0,0,0,0,0,11250,0,0,0,0,0,0,509153
90,1,10050,0,0,0,0,10050,0,0,0,0,10050,0,0,0,0,10050,540532
90,2,10050,0,0,0,0,10050,0,0,0,0,10050,0,0,0,0,0,608351
90,4,10050,0,0,0,0,10050,0,0,0,0,0,11450,0,0,0,0,610185
90,7,10050,0,0,0,0,10050,0,0,0,0,0,0,12600,0,0,0,501018
90,10,10050,0,0,0,0,0,11450,0,0,0,0,10050,0,0,0,0,612877
90,13,10050,0,0,0,0,0,11450,0,0,0,0,0,11450,0,0,0,510898
90,16,10050,0,0,0,0,0,11450,0,0,0,0,0,0,12600,0,0,499249
90,19,10050,0,0,0,0,0,0,12600,0,0,0,0,10050,0,0,0,502830
90,22,10050,0,0,0,0,0,0,12600,0,0,0,0,0,11450,0,0,497837
90,25,10050,0,0,0,0,0,0,12600,0,0,0,0,0,0,12600,0,509352
90,28,0,11450,0,0,0,0,10050,0,0,0,0,10050,0,0,0,0,616836
90,31,0,11450,0,0,0,0,10050,0,0,0,0,0,11450,0,0,0,514857
90,34,0,11450,0,0,0,0,10050,0,0,0,0,0,0,12600,0,0,503208
90,37,0,11450,0,0,0,0,0,11450,0,0,0,0,10050,0,0,0,517349
90,40,0,11450,0,0,0,0,0,11450,0,0,0,0,0,11450,0,0,512356
90,43,0,11450,0,0,0,0,0,11450,0,0,0,0,0,0,12600,0,523871
90,46,0,11450,0,0,0,0,0,0,12600,0,0,0,0,10050,0,0,504888
90,49,0,11450,0,0,0,0,0,0,12600,0,0,0,0,0,11450,0,522566
90,52,0,11450,0,0,0,0,0,0,12600,0,0,0,0,0,0,12600,561243
90,55,0,0,12600,0,0,0,0,10050,0,0,0,0,10050,0,0,0,505495
90,58,0,0,12600,0,0,0,0,10050,0,0,0,0,0,11450,0,0,500502
90,61,0,0,12600,0,0,0,0,10050,0,0,0,0,0,0,12600,0,512017
90,64,0,0,12600,0,0,0,0,0,11450,0,0,0,0,10050,0,0,502812
90,67,0,0,12600,0,0,0,0,0,11450,0,0,0,0,0,11450,0,520490
90,70,0,0,12600,0,0,0,0,0,11450,0,0,0,0,0,0,12600,559167
90,73,0,0,12600,0,0,0,0,0,0,12600,0,0,0,0,10050,0,513574
90,76,0,0,12600,0,0,0,0,0,0,12600,0,0,0,0,0,11450,557957
90,79,0,0,12600,0,0,0,0,0,0,12600,0,0,0,0,0,0,620493
91,1,8250,0,0,0,0,8250,0,0,0,0,8250,0,0,0,0,8250,319949
91,2,8250,0,0,0,0,8250,0,0,0,0,8250,0,0,0,0,0,390600
91,4,8250,0,0,0,0,8250,0,0,0,0,0,9750,0,0,0,0,396208
91,7,8250,0,0,0,0,8250,0,0,0,0,0,0,10950,0,0,0,311750
91,10,8250,0,0,0,0,0,9750,0,0,0,0,8250,0,0,0,0,404443
91,13,8250,0,0,0,0,0,9750,0,0,0,0,0,9750,0,0,0,328325
91,16,8250,0,0,0,0,0,9750,0,0,0,0,0,0,10950,0,0,325350
91,19,8250,0,0,0,0,0,0,10950,0,0,0,0,8250,0,0,0,323698
91,22,8250,0,0,0,0,0,0,10950,0,0,0,0,0,9750,0,0,328445
91,25,8250,0,0,0,0,0,0,10950,0,0,0,0,0,0,10950,0,346629
91,28,0,9750,0,0,0,0,8250,0,0,0,0,8250,0,0,0,0,416546
91,31,0,9750,0,0,0,0,8250,0,0,0,0,0,9750,0,0,0,340428
91,34,0,9750,0,0,0,0,8250,0,0,0,0,0,0,10950,0,0,337453
91,37,0,9750,0,0,0,0,0,9750,0,0,0,0,8250,0,0,0,348055
91,40,0,9750,0,0,0,0,0,9750,0,0,0,0,0,9750,0,0,352802
91,43,0,9750,0,0,0,0,0,9750,0,0,0,0,0,0,10950,0,370986
91,46,0,9750,0,0,0,0,0,0,10950,0,0,0,0,8250,0,0,348519
91,49,0,9750,0,0,0,0,0,0,10950,0,0,0,0,0,9750,0,373854
91,52,0,9750,0,0,0,0,0,0,10950,0,0,0,0,0,0,10950,412689
91,55,0,0,10950,0,0,0,0,8250,0,0,0,0,8250,0,0,0,341257
91,58,0,0,10950,0,0,0,0,8250,0,0,0,0,0,9750,0,0,346004
91,61,0,0,10950,0,0,0,0,8250,0,0,0,0,0,0,10950,0,364188
91,64,0,0,10950,0,0,0,0,0,9750,0,0,0,0,8250,0,0,353067
91,67,0,0,10950,0,0,0,0,0,9750,0,0,0,0,0,9750,0,378402
91,70,0,0,10950,0,0,0,0,0,9750,0,0,0,0,0,0,10950,417237
91,73,0,0,10950,0,0,0,0,0,0,10950,0,0,0,0,8250,0,374434
91,76,0,0,10950,0,0,0,0,0,0,10950,0,0,0,0,0,9750,419889
91,79,0,0,10950,0,0,0,0,0,0,10950,0,0,0,0,0,0,484411
92,1,10506,0,0,0,0,10506,0,0,0,0,10506,0,0,0,0,10506,582549
92,2,10506,0,0,0,0,10506,0,0,0,0,10506,0,0,0,0,0,651575
92,4,10506,0,0,0,0,10506,0,0,0,0,0,11934,0,0,0,0,653005
92,7,10506,0,0,0,0,10506,0,0,0,0,0,0,13056,0,0,0,537412
92,10,10506,0,0,0,0,0,11934,0,0,0,0,10506,0,0,0,0,655108
92,13,10506,0,0,0,0,0,11934,0,0,0,0,0,11934,0,0,0,547859
92,16,10506,0,0,0,0,0,11934,0,0,0,0,0,0,13056,0,0,533772
92,19,10506,0,0,0,0,0,0,13056,0,0,0,0,10506,0,0,0,537546
92,22,10506,0,0,0,0,0,0,13056,0,0,0,0,0,11934,0,0,531185
92,25,10506,0,0,0,0,0,0,13056,0,0,0,0,0,0,13056,0,541121
92,28,0,11934,0,0,0,0,10506,0,0,0,0,10506,0,0,0,0,658200
92,31,0,11934,0,0,0,0,10506,0,0,0,0,0,11934,0,0,0,550951
92,34,0,11934,0,0,0,0,10506,0,0,0,0,0,0,13056,0,0,536864
92,37,0,11934,0,0,0,0,0,11934,0,0,0,0,10506,0,0,0,552898
92,40,0,11934,0,0,0,0,0,11934,0,0,0,0,0,11934,0,0,546537
92,43,0,11934,0,0,0,0,0,11934,0,0,0,0,0,0,13056,0,556473
92,46,0,11934,0,0,0,0,0,0,13056,0,0,0,0,10506,0,0,536990
92,49,0,11934,0,0,0,0,0,0,13056,0,0,0,0,0,11934,0,554080
92,52,0,11934,0,0,0,0,0,0,13056,0,0,0,0,0,0,13056,592851
92,55,0,0,13056,0,0,0,0,10506,0,0,0,0,10506,0,0,0,537747
92,58,0,0,13056,0,0,0,0,10506,0,0,0,0,0,11934,0,0,531386
92,61,0,0,13056,0,0,0,0,10506,0,0,0,0,0,0,13056,0,541322
92,64,0,0,13056,0,0,0,0,0,11934,0,0,0,0,10506,0,0,533191
92,67,0,0,13056,0,0,0,0,0,11934,0,0,0,0,0,11934,0,550281
92,70,0,0,13056,0,0,0,0,0,11934,0,0,0,0,0,0,13056,589052
92,73,0,0,13056,0,0,0,0,0,0,13056,0,0,0,0,10506,0,541440
92,76,0,0,13056,0,0,0,0,0,0,13056,0,0,0,0,0,11934,586835
92,79,0,0,13056,0,0,0,0,0,0,13056,0,0,0,0,0,0,649728
93,1,10251,0,0,0,0,10251,0,0,0,0,10251,0,0,0,0,10251,551344
93,2,10251,0,0,0,0,10251,0,0,0,0,10251,0,0,0,0,0,620520
93,4,10251,0,0,0,0,10251,0,0,0,0,0,11679,0,0,0,0,622388
93,7,10251,0,0,0,0,10251,0,0,0,0,0,0,12852,0,0,0,511041
93,10,10251,0,0,0,0,0,11679,0,0,0,0,10251,0,0,0,0,625133
93,13,10251,0,0,0,0,0,11679,0,0,0,0,0,11679,0,0,0,521118
93,16,10251,0,0,0,0,0,11679,0,0,0,0,0,0,12852,0,0,509236
93,19,10251,0,0,0,0,0,0,12852,0,0,0,0,10251,0,0,0,512889
93,22,10251,0,0,0,0,0,0,12852,0,0,0,0,0,11679,0,0,507796
93,25,10251,0,0,0,0,0,0,12852,0,0,0,0,0,0,12852,0,519542
93,28,0,11679,0,0,0,0,10251,0,0,0,0,10251,0,0,0,0,629169
93,31,0,11679,0,0,0,0,10251,0,0,0,0,0,11679,0,0,0,525154
93,34,0,11679,0,0,0,0,10251,0,0,0,0,0,0,12852,0,0,513272
93,37,0,11679,0,0,0,0,0,11679,0,0,0,0,10251,0,0,0,527697
93,40,0,11679,0,0,0,0,0,11679,0,0,0,0,0,11679,0,0,522604
93,43,0,11679,0,0,0,0,0,11679,0,0,0,0,0,0,12852,0,534350
93,46,0,11679,0,0,0,0,0,0,12852,0,0,0,0,10251,0,0,514986
93,49,0,11679,0,0,0,0,0,0,12852,0,0,0,0,0,11679,0,533018
93,52,0,11679,0,0,0,0,0,0,12852,0,0,0,0,0,0,12852,572469
93,55,0,0,12852,0,0,0,0,10251,0,0,0,0,10251,0,0,0,515607
93,58,0,0,12852,0,0,0,0,10251,0,0,0,0,0,11679,0,0,510514
93,61,0,0,12852,0,0,0,0,10251,0,0,0,0,0,0,12852,0,522260
93,64,0,0,12852,0,0,0,0,0,11679,0,0,0,0,10251,0,0,512870
93,67,0,0,12852,0,0,0,0,0,11679,0,0,0,0,0,11679,0,530902
93,70,0,0,12852,0,0,0,0,0,11679,0,0,0,0,0,0,12852,570353
93,73,0,0,12852,0,0,0,0,0,0,12852,0,0,0,0,10251,0,523847
93,76,0,0,12852,0,0,0,0,0,0,12852,0,0,0,0,0,11679,569118
93,79,0,0,12852,0,0,0,0,0,0,12852,0,0,0,0,0,0,632904
94,1,6650,0,0,0,0,6650,0,0,0,0,6650,0,0,0,0,6650,331242
94,2,6650,0,0,0,0,6650,0,0,0,0,6650,0,0,0,0,0,379472
94,4,6650,0,0,0,0,6650,0,0,0,0,0,7665,0,0,0,0,381656
94,7,6650,0,0,0,0,6650,0,0,0,0,0,0,8470,0,0,0,310291
94,10,6650,0,0,0,0,0,7665,0,0,0,0,6650,0,0,0,0,384863
94,13,6650,0,0,0,0,0,7665,0,0,0,0,0,7665,0,0,0,319280
94,16,6650,0,0,0,0,0,7665,0,0,0,0,0,0,8470,0,0,312765
94,19,6650,0,0,0,0,0,0,8470,0,0,0,0,6650,0,0,0,313755
94,22,6650,0,0,0,0,0,0,8470,0,0,0,0,0,7665,0,0,312593
94,25,6650,0,0,0,0,0,0,8470,0,0,0,0,0,0,8470,0,321947
94,28,0,7665,0,0,0,0,6650,0,0,0,0,6650,0,0,0,0,389577
94,31,0,7665,0,0,0,0,6650,0,0,0,0,0,7665,0,0,0,323994
94,34,0,7665,0,0,0,0,6650,0,0,0,0,0,0,8470,0,0,317479
94,37,0,7665,0,0,0,0,0,7665,0,0,0,0,6650,0,0,0,326964
94,40,0,7665,0,0,0,0,0,7665,0,0,0,0,0,7665,0,0,325802
94,43,0,7665,0,0,0,0,0,7665,0,0,0,0,0,0,8470,0,335156
94,46,0,7665,0,0,0,0,0,0,8470,0,0,0,0,6650,0,0,320689
94,49,0,7665,0,0,0,0,0,0,8470,0,0,0,0,0,7665,0,335000
94,52,0,7665,0,0,0,0,0,0,8470,0,0,0,0,0,0,8470,361902
94,55,0,0,8470,0,0,0,0,6650,0,0,0,0,6650,0,0,0,318844
94,58,0,0,8470,0,0,0,0,6650,0,0,0,0,0,7665,0,0,317682
94,61,0,0,8470,0,0,0,0,6650,0,0,0,0,0,0,8470,0,327036
94,64,0,0,8470,0,0,0,0,0,7665,0,0,0,0,6650,0,0,320435
94,67,0,0,8470,0,0,0,0,0,7665,0,0,0,0,0,7665,0,334746
94,70,0,0,8470,0,0,0,0,0,7665,0,0,0,0,0,0,8470,361648
94,73,0,0,8470,0,0,0,0,0,0,8470,0,0,0,0,6650,0,330008
94,76,0,0,8470,0,0,0,0,0,0,8470,0,0,0,0,0,7665,361500
94,79,0,0,8470,0,0,0,0,0,0,8470,0,0,0,0,0,0,405480
95,1,6468,0,0,0,0,6468,0,0,0,0,6468,0,0,0,0,6468,336567
95,2,6468,0,0,0,0,6468,0,0,0,0,6468,0,0,0,0,0,381424
95,4,6468,0,0,0,0,6468,0,0,0,0,0,7392,0,0,0,0,382916
95,7,6468,0,0,0,0,6468,0,0,0,0,0,0,8151,0,0,0,313055
95,10,6468,0,0,0,0,0,7392,0,0,0,0,6468,0,0,0,0,385110
95,13,6468,0,0,0,0,0,7392,0,0,0,0,0,7392,0,0,0,319993
95,16,6468,0,0,0,0,0,7392,0,0,0,0,0,0,8151,0,0,313030
95,19,6468,0,0,0,0,0,0,8151,0,0,0,0,6468,0,0,0,315053
95,22,6468,0,0,0,0,0,0,8151,0,0,0,0,0,7392,0,0,312483
95,25,6468,0,0,0,0,0,0,8151,0,0,0,0,0,0,8151,0,320694
95,28,0,7392,0,0,0,0,6468,0,0,0,0,6468,0,0,0,0,388333
95,31,0,7392,0,0,0,0,6468,0,0,0,0,0,7392,0,0,0,323216
95,34,0,7392,0,0,0,0,6468,0,0,0,0,0,0,8151,0,0,316253
95,37,0,7392,0,0,0,0,0,7392,0,0,0,0,6468,0,0,0,325247
95,40,0,7392,0,0,0,0,0,7392,0,0,0,0,0,7392,0,0,322677
95,43,0,7392,0,0,0,0,0,7392,0,0,0,0,0,0,8151,0,330888
95,46,0,7392,0,0,0,0,0,0,8151,0,0,0,0,6468,0,0,318105
95,49,0,7392,0,0,0,0,0,0,8151,0,0,0,0,0,7392,0,330383
95,52,0,7392,0,0,0,0,0,0,8151,0,0,0,0,0,0,8151,355828
95,55,0,0,8151,0,0,0,0,6468,0,0,0,0,6468,0,0,0,317988
95,58,0,0,8151,0,0,0,0,6468,0,0,0,0,0,7392,0,0,315418
95,61,0,0,8151,0,0,0,0,6468,0,0,0,0,0,0,8151,0,323629
95,64,0,0,8151,0,0,0,0,0,7392,0,0,0,0,6468,0,0,317300
95,67,0,0,8151,0,0,0,0,0,7392,0,0,0,0,0,7392,0,329578
95,70,0,0,8151,0,0,0,0,0,7392,0,0,0,0,0,0,8151,355023
95,73,0,0,8151,0,0,0,0,0,0,8151,0,0,0,0,6468,0,325340
95,76,0,0,8151,0,0,0,0,0,0,8151,0,0,0,0,0,7392,354552
95,79,0,0,8151,0,0,0,0,0,0,8151,0,0,0,0,0,0,395922
96,1,7839,0,0,0,0,7839,0,0,0,0,7839,0,0,0,0,7839,421620
96,2,7839,0,0,0,0,7839,0,0,0,0,7839,0,0,0,0,0,474520
96,4,7839,0,0,0,0,7839,0,0,0,0,0,8931,0,0,0,0,475948
96,7,7839,0,0,0,0,7839,0,0,0,0,0,0,9828,0,0,0,390798
96,10,7839,0,0,0,0,0,8931,0,0,0,0,7839,0,0,0,0,478049
96,13,7839,0,0,0,0,0,8931,0,0,0,0,0,8931,0,0,0,398506
96,16,7839,0,0,0,0,0,8931,0,0,0,0,0,0,9828,0,0,389421
96,19,7839,0,0,0,0,0,0,9828,0,0,0,0,7839,0,0,0,392212
96,22,7839,0,0,0,0,0,0,9828,0,0,0,0,0,8931,0,0,388319
96,25,7839,0,0,0,0,0,0,9828,0,0,0,0,0,0,9828,0,397303
96,28,0,8931,0,0,0,0,7839,0,0,0,0,7839,0,0,0,0,481137
96,31,0,8931,0,0,0,0,7839,0,0,0,0,0,8931,0,0,0,401594
96,34,0,8931,0,0,0,0,7839,0,0,0,0,0,0,9828,0,0,392509
96,37,0,8931,0,0,0,0,0,8931,0,0,0,0,7839,0,0,0,403538
96,40,0,8931,0,0,0,0,0,8931,0,0,0,0,0,8931,0,0,399645
96,43,0,8931,0,0,0,0,0,8931,0,0,0,0,0,0,9828,0,408629
96,46,0,8931,0,0,0,0,0,0,9828,0,0,0,0,7839,0,0,393820
96,49,0,8931,0,0,0,0,0,0,9828,0,0,0,0,0,8931,0,407610
96,52,0,8931,0,0,0,0,0,0,9828,0,0,0,0,0,0,9828,437777
96,55,0,0,9828,0,0,0,0,7839,0,0,0,0,7839,0,0,0,394290
96,58,0,0,9828,0,0,0,0,7839,0,0,0,0,0,8931,0,0,390397
96,61,0,0,9828,0,0,0,0,7839,0,0,0,0,0,0,9828,0,399381
96,64,0,0,9828,0,0,0,0,0,8931,0,0,0,0,7839,0,0,392200
96,67,0,0,9828,0,0,0,0,0,8931,0,0,0,0,0,8931,0,405990
96,70,0,0,9828,0,0,0,0,0,8931,0,0,0,0,0,0,9828,436157
96,73,0,0,9828,0,0,0,0,0,0,9828,0,0,0,0,7839,0,400594
96,76,0,0,9828,0,0,0,0,0,0,9828,0,0,0,0,0,8931,435211
96,79,0,0,9828,0,0,0,0,0,0,9828,0,0,0,0,0,0,483990
97,1,5292,0,0,0,0,5292,0,0,0,0,5292,0,0,0,0,5292,275371
97,2,5292,0,0,0,0,5292,0,0,0,0,5292,0,0,0,0,0,312072
97,4,5292,0,0,0,0,5292,0,0,0,0,0,6048,0,0,0,0,313295
97,7,5292,0,0,0,0,5292,0,0,0,0,0,0,6669,0,0,0,256136
97,10,5292,0,0,0,0,0,6048,0,0,0,0,5292,0,0,0,0,315089
97,13,5292,0,0,0,0,0,6048,0,0,0,0,0,6048,0,0,0,261811
97,16,5292,0,0,0,0,0,6048,0,0,0,0,0,0,6669,0,0,256114
97,19,5292,0,0,0,0,0,0,6669,0,0,0,0,5292,0,0,0,257771
97,22,5292,0,0,0,0,0,0,6669,0,0,0,0,0,6048,0,0,255667
97,25,5292,0,0,0,0,0,0,6669,0,0,0,0,0,0,6669,0,262383
97,28,0,6048,0,0,0,0,5292,0,0,0,0,5292,0,0,0,0,317726
97,31,0,6048,0,0,0,0,5292,0,0,0,0,0,6048,0,0,0,264448
97,34,0,6048,0,0,0,0,5292,0,0,0,0,0,0,6669,0,0,258751
97,37,0,6048,0,0,0,0,0,6048,0,0,0,0,5292,0,0,0,266110
97,40,0,6048,0,0,0,0,0,6048,0,0,0,0,0,6048,0,0,264006
97,43,0,6048,0,0,0,0,0,6048,0,0,0,0,0,0,6669,0,270722
97,46,0,6048,0,0,0,0,0,0,6669,0,0,0,0,5292,0,0,260264
97,49,0,6048,0,0,0,0,0,0,6669,0,0,0,0,0,6048,0,270307
97,52,0,6048,0,0,0,0,0,0,6669,0,0,0,0,0,0,6669,291127
97,55,0,0,6669,0,0,0,0,5292,0,0,0,0,5292,0,0,0,260172
97,58,0,0,6669,0,0,0,0,5292,0,0,0,0,0,6048,0,0,258068
97,61,0,0,6669,0,0,0,0,5292,0,0,0,0,0,0,6669,0,264784
97,64,0,0,6669,0,0,0,0,0,6048,0,0,0,0,5292,0,0,259607
97,67,0,0,6669,0,0,0,0,0,6048,0,0,0,0,0,6048,0,269650
97,70,0,0,6669,0,0,0,0,0,6048,0,0,0,0,0,0,6669,290470
97,73,0,0,6669,0,0,0,0,0,0,6669,0,0,0,0,5292,0,266186
97,76,0,0,6669,0,0,0,0,0,0,6669,0,0,0,0,0,6048,290087
97,79,0,0,6669,0,0,0,0,0,0,6669,0,0,0,0,0,0,323935
98,1,5704,0,0,0,0,5704,0,0,0,0,5704,0,0,0,0,5704,270613
98,2,5704,0,0,0,0,5704,0,0,0,0,5704,0,0,0,0,0,313457
98,4,5704,0,0,0,0,5704,0,0,0,0,0,6603,0,0,0,0,315709
98,7,5704,0,0,0,0,5704,0,0,0,0,0,0,7316,0,0,0,254969
98,10,5704,0,0,0,0,0,6603,0,0,0,0,5704,0,0,0,0,319017
98,13,5704,0,0,0,0,0,6603,0,0,0,0,0,6603,0,0,0,263398
98,16,5704,0,0,0,0,0,6603,0,0,0,0,0,0,7316,0,0,258443
98,19,5704,0,0,0,0,0,0,7316,0,0,0,0,5704,0,0,0,258938
98,22,5704,0,0,0,0,0,0,7316,0,0,0,0,0,6603,0,0,258725
98,25,5704,0,0,0,0,0,0,7316,0,0,0,0,0,0,7316,0,267626
98,28,0,6603,0,0,0,0,5704,0,0,0,0,5704,0,0,0,0,323881
98,31,0,6603,0,0,0,0,5704,0,0,0,0,0,6603,0,0,0,268262
98,34,0,6603,0,0,0,0,5704,0,0,0,0,0,0,7316,0,0,263307
98,37,0,6603,0,0,0,0,0,6603,0,0,0,0,5704,0,0,0,271327
98,40,0,6603,0,0,0,0,0,6603,0,0,0,0,0,6603,0,0,271114
98,43,0,6603,0,0,0,0,0,6603,0,0,0,0,0,0,7316,0,280015
98,46,0,6603,0,0,0,0,0,0,7316,0,0,0,0,5704,0,0,266984
98,49,0,6603,0,0,0,0,0,0,7316,0,0,0,0,0,6603,0,280275
98,52,0,6603,0,0,0,0,0,0,7316,0,0,0,0,0,0,7316,304066
98,55,0,0,7316,0,0,0,0,5704,0,0,0,0,5704,0,0,0,264773
98,58,0,0,7316,0,0,0,0,5704,0,0,0,0,0,6603,0,0,264560
98,61,0,0,7316,0,0,0,0,5704,0,0,0,0,0,0,7316,0,273461
98,64,0,0,7316,0,0,0,0,0,6603,0,0,0,0,5704,0,0,267397
98,67,0,0,7316,0,0,0,0,0,6603,0,0,0,0,0,6603,0,280688
98,70,0,0,7316,0,0,0,0,0,6603,0,0,0,0,0,0,7316,304479
98,73,0,0,7316,0,0,0,0,0,0,7316,0,0,0,0,5704,0,276866
98,76,0,0,7316,0,0,0,0,0,0,7316,0,0,0,0,0,6603,304722
98,79,0,0,7316,0,0,0,0,0,0,7316,0,0,0,0,0,0,343802
99,1,4077,0,0,0,0,4077,0,0,0,0,4077,0,0,0,0,4077,126380
99,2,4077,0,0,0,0,4077,0,0,0,0,4077,0,0,0,0,0,164894
99,4,4077,0,0,0,0,4077,0,0,0,0,0,4887,0,0,0,0,168570
99,7,4077,0,0,0,0,4077,0,0,0,0,0,0,5535,0,0,0,128057
99,10,4077,0,0,0,0,0,4887,0,0,0,0,4077,0,0,0,0,173970
99,13,4077,0,0,0,0,0,4887,0,0,0,0,0,4887,0,0,0,137961
99,16,4077,0,0,0,0,0,4887,0,0,0,0,0,0,5535,0,0,137935
99,19,4077,0,0,0,0,0,0,5535,0,0,0,0,4077,0,0,0,136345
99,22,4077,0,0,0,0,0,0,5535,0,0,0,0,0,4887,0,0,140488
99,25,4077,0,0,0,0,0,0,5535,0,0,0,0,0,0,5535,0,151452
99,28,0,4887,0,0,0,0,4077,0,0,0,0,4077,0,0,0,0,181905
99,31,0,4887,0,0,0,0,4077,0,0,0,0,0,4887,0,0,0,145896
99,34,0,4887,0,0,0,0,4077,0,0,0,0,0,0,5535,0,0,145870
99,37,0,4887,0,0,0,0,0,4887,0,0,0,0,4077,0,0,0,150897
99,40,0,4887,0,0,0,0,0,4887,0,0,0,0,0,4887,0,0,155040
99,43,0,4887,0,0,0,0,0,4887,0,0,0,0,0,0,5535,0,166004
99,46,0,4887,0,0,0,0,0,0,5535,0,0,0,0,4077,0,0,153543
99,49,0,4887,0,0,0,0,0,0,5535,0,0,0,0,0,4887,0,168368
99,52,0,4887,0,0,0,0,0,0,5535,0,0,0,0,0,0,5535,189264
99,55,0,0,5535,0,0,0,0,4077,0,0,0,0,4077,0,0,0,148522
99,58,0,0,5535,0,0,0,0,4077,0,0,0,0,0,4887,0,0,152665
99,61,0,0,5535,0,0,0,0,4077,0,0,0,0,0,0,5535,0,163629
99,64,0,0,5535,0,0,0,0,0,4887,0,0,0,0,4077,0,0,157295
99,67,0,0,5535,0,0,0,0,0,4887,0,0,0,0,0,4887,0,172120
99,70,0,0,5535,0,0,0,0,0,4887,0,0,0,0,0,0,5535,193016
99,73,0,0,5535,0,0,0,0,0,0,5535,0,0,0,0,4077,0,170735
99,76,0,0,5535,0,0,0,0,0,0,5535,0,0,0,0,0,4887,195206
99,79,0,0,5535,0,0,0,0,0,0,5535,0,0,0,0,0,0,230410
100,1,4806,0,0,0,0,4806,0,0,0,0,4806,0,0,0,0,4806,215853
100,2,4806,0,0,0,0,4806,0,0,0,0,4806,0,0,0,0,0,253279
100,4,4806,0,0,0,0,4806,0,0,0,0,0,5589,0,0,0,0,255521
100,7,4806,0,0,0,0,4806,0,0,0,0,0,0,6237,0,0,0,205302
100,10,4806,0,0,0,0,0,5589,0,0,0,0,4806,0,0,0,0,258812
100,13,4806,0,0,0,0,0,5589,0,0,0,0,0,5589,0,0,0,212518
100,16,4806,0,0,0,0,0,5589,0,0,0,0,0,0,6237,0,0,209410
100,19,4806,0,0,0,0,0,0,6237,0,0,0,0,4806,0,0,0,209799
100,22,4806,0,0,0,0,0,0,6237,0,0,0,0,0,5589,0,0,210324
100,25,4806,0,0,0,0,0,0,6237,0,0,0,0,0,0,6237,0,219071
100,28,0,5589,0,0,0,0,4806,0,0,0,0,4806,0,0,0,0,263648
100,31,0,5589,0,0,0,0,4806,0,0,0,0,0,5589,0,0,0,217354
100,34,0,5589,0,0,0,0,4806,0,0,0,0,0,0,6237,0,0,214246
100,37,0,5589,0,0,0,0,0,5589,0,0,0,0,4806,0,0,0,220401
100,40,0,5589,0,0,0,0,0,5589,0,0,0,0,0,5589,0,0,220926
100,43,0,5589,0,0,0,0,0,5589,0,0,0,0,0,0,6237,0,229673
100,46,0,5589,0,0,0,0,0,0,6237,0,0,0,0,4806,0,0,218409
100,49,0,5589,0,0,0,0,0,0,6237,0,0,0,0,0,5589,0,230520
100,52,0,5589,0,0,0,0,0,0,6237,0,0,0,0,0,0,6237,251634
100,55,0,0,6237,0,0,0,0,4806,0,0,0,0,4806,0,0,0,216407
100,58,0,0,6237,0,0,0,0,4806,0,0,0,0,0,5589,0,0,216932
100,61,0,0,6237,0,0,0,0,4806,0,0,0,0,0,0,6237,0,225679
100,64,0,0,6237,0,0,0,0,0,5589,0,0,0,0,4806,0,0,219754
100,67,0,0,6237,0,0,0,0,0,5589,0,0,0,0,0,5589,0,231865
100,70,0,0,6237,0,0,0,0,0,5589,0,0,0,0,0,0,6237,252979
100,73,0,0,6237,0,0,0,0,0,0,6237,0,0,0,0,4806,0,229534
100,76,0,0,6237,0,0,0,0,0,0,6237,0,0,0,0,0,5589,253763
100,79,0,0,6237,0,0,0,0,0,0,6237,0,0,0,0,0,0,288306
101,1,7004,0,0,0,0,7004,0,0,0,0,7004,0,0,0,0,7004,388367
101,2,7004,0,0,0,0,7004,0,0,0,0,7004,0,0,0,0,0,434385
101,4,7004,0,0,0,0,7004,0,0,0,0,0,7956,0,0,0,0,435340
101,7,7004,0,0,0,0,7004,0,0,0,0,0,0,8704,0,0,0,358275
101,10,7004,0,0,0,0,0,7956,0,0,0,0,7004,0,0,0,0,436743
101,13,7004,0,0,0,0,0,7956,0,0,0,0,0,7956,0,0,0,365241
101,16,7004,0,0,0,0,0,7956,0,0,0,0,0,0,8704,0,0,355850
101,19,7004,0,0,0,0,0,0,8704,0,0,0,0,7004,0,0,0,358367
101,22,7004,0,0,0,0,0,0,8704,0,0,0,0,0,7956,0,0,354128
101,25,7004,0,0,0,0,0,0,8704,0,0,0,0,0,0,8704,0,360750
101,28,0,7956,0,0,0,0,7004,0,0,0,0,7004,0,0,0,0,438802
101,31,0,7956,0,0,0,0,7004,0,0,0,0,0,7956,0,0,0,367300
101,34,0,7956,0,0,0,0,7004,0,0,0,0,0,0,8704,0,0,357909
101,37,0,7956,0,0,0,0,0,7956,0,0,0,0,7004,0,0,0,368599
101,40,0,7956,0,0,0,0,0,7956,0,0,0,0,0,7956,0,0,364360
101,43,0,7956,0,0,0,0,0,7956,0,0,0,0,0,0,8704,0,370982
101,46,0,7956,0,0,0,0,0,0,8704,0,0,0,0,7004,0,0,357994
101,49,0,7956,0,0,0,0,0,0,8704,0,0,0,0,0,7956,0,369385
101,52,0,7956,0,0,0,0,0,0,8704,0,0,0,0,0,0,8704,395234
101,55,0,0,8704,0,0,0,0,7004,0,0,0,0,7004,0,0,0,358499
101,58,0,0,8704,0,0,0,0,7004,0,0,0,0,0,7956,0,0,354260
101,61,0,0,8704,0,0,0,0,7004,0,0,0,0,0,0,8704,0,360882
101,64,0,0,8704,0,0,0,0,0,7956,0,0,0,0,7004,0,0,355462
101,67,0,0,8704,0,0,0,0,0,7956,0,0,0,0,0,7956,0,366853
101,70,0,0,8704,0,0,0,0,0,7956,0,0,0,0,0,0,8704,392702
101,73,0,0,8704,0,0,0,0,0,0,8704,0,0,0,0,7004,0,360958
101,76,0,0,8704,0,0,0,0,0,0,8704,0,0,0,0,0,7956,391223
101,79,0,0,8704,0,0,0,0,0,0,8704,0,0,0,0,0,0,433152
102,1,11210,0,0,0,0,11210,0,0,0,0,11210,0,0,0,0,11210,558380
102,2,11210,0,0,0,0,11210,0,0,0,0,11210,0,0,0,0,0,639681
102,4,11210,0,0,0,0,11210,0,0,0,0,0,12921,0,0,0,0,643361
102,7,11210,0,0,0,0,11210,0,0,0,0,0,0,14278,0,0,0,523061
102,10,11210,0,0,0,0,0,12921,0,0,0,0,11210,0,0,0,0,648769
102,13,11210,0,0,0,0,0,12921,0,0,0,0,0,12921,0,0,0,538216
102,16,11210,0,0,0,0,0,12921,0,0,0,0,0,0,14278,0,0,527232
102,19,11210,0,0,0,0,0,0,14278,0,0,0,0,11210,0,0,0,528901
102,22,11210,0,0,0,0,0,0,14278,0,0,0,0,0,12921,0,0,526941
102,25,11210,0,0,0,0,0,0,14278,0,0,0,0,0,0,14278,0,542711
102,28,0,12921,0,0,0,0,11210,0,0,0,0,11210,0,0,0,0,656714
102,31,0,12921,0,0,0,0,11210,0,0,0,0,0,12921,0,0,0,546161
102,34,0,12921,0,0,0,0,11210,0,0,0,0,0,0,14278,0,0,535177
102,37,0,12921,0,0,0,0,0,12921,0,0,0,0,11210,0,0,0,551167
102,40,0,12921,0,0,0,0,0,12921,0,0,0,0,0,12921,0,0,549207
102,43,0,12921,0,0,0,0,0,12921,0,0,0,0,0,0,14278,0,564977
102,46,0,12921,0,0,0,0,0,0,14278,0,0,0,0,11210,0,0,540584
102,49,0,12921,0,0,0,0,0,0,14278,0,0,0,0,0,12921,0,564710
102,52,0,12921,0,0,0,0,0,0,14278,0,0,0,0,0,0,14278,610059
102,55,0,0,14278,0,0,0,0,11210,0,0,0,0,11210,0,0,0,537482
102,58,0,0,14278,0,0,0,0,11210,0,0,0,0,0,12921,0,0,535522
102,61,0,0,14278,0,0,0,0,11210,0,0,0,0,0,0,14278,0,551292
102,64,0,0,14278,0,0,0,0,0,12921,0,0,0,0,11210,0,0,540159
102,67,0,0,14278,0,0,0,0,0,12921,0,0,0,0,0,12921,0,564285
102,70,0,0,14278,0,0,0,0,0,12921,0,0,0,0,0,0,14278,609634
102,73,0,0,14278,0,0,0,0,0,0,14278,0,0,0,0,11210,0,556298
102,76,0,0,14278,0,0,0,0,0,0,14278,0,0,0,0,0,12921,609385
102,79,0,0,14278,0,0,0,0,0,0,14278,0,0,0,0,0,0,683522
103,1,5115,0,0,0,0,5115,0,0,0,0,5115,0,0,0,0,5115,198375
103,2,5115,0,0,0,0,5115,0,0,0,0,5115,0,0,0,0,0,242179
103,4,5115,0,0,0,0,5115,0,0,0,0,0,6045,0,0,0,0,245654
103,7,5115,0,0,0,0,5115,0,0,0,0,0,0,6789,0,0,0,193292
103,10,5115,0,0,0,0,0,6045,0,0,0,0,5115,0,0,0,0,250759
103,13,5115,0,0,0,0,0,6045,0,0,0,0,0,6045,0,0,0,203568
103,16,5115,0,0,0,0,0,6045,0,0,0,0,0,0,6789,0,0,201723
103,19,5115,0,0,0,0,0,0,6789,0,0,0,0,5115,0,0,0,200699
103,22,5115,0,0,0,0,0,0,6789,0,0,0,0,0,6045,0,0,203641
103,25,5115,0,0,0,0,0,0,6789,0,0,0,0,0,0,6789,0,214916
103,28,0,6045,0,0,0,0,5115,0,0,0,0,5115,0,0,0,0,258262
103,31,0,6045,0,0,0,0,5115,0,0,0,0,0,6045,0,0,0,211071
103,34,0,6045,0,0,0,0,5115,0,0,0,0,0,0,6789,0,0,209226
103,37,0,6045,0,0,0,0,0,6045,0,0,0,0,5115,0,0,0,215799
103,40,0,6045,0,0,0,0,0,6045,0,0,0,0,0,6045,0,0,218741
103,43,0,6045,0,0,0,0,0,6045,0,0,0,0,0,0,6789,0,230016
103,46,0,6045,0,0,0,0,0,0,6789,0,0,0,0,5115,0,0,216086
103,49,0,6045,0,0,0,0,0,0,6789,0,0,0,0,0,6045,0,231792
103,52,0,6045,0,0,0,0,0,0,6789,0,0,0,0,0,0,6789,255871
103,55,0,0,6789,0,0,0,0,5115,0,0,0,0,5115,0,0,0,211584
103,58,0,0,6789,0,0,0,0,5115,0,0,0,0,0,6045,0,0,214526
103,61,0,0,6789,0,0,0,0,5115,0,0,0,0,0,0,6789,0,225801
103,64,0,0,6789,0,0,0,0,0,6045,0,0,0,0,5115,0,0,218905
103,67,0,0,6789,0,0,0,0,0,6045,0,0,0,0,0,6045,0,234611
103,70,0,0,6789,0,0,0,0,0,6045,0,0,0,0,0,0,6789,258690
103,73,0,0,6789,0,0,0,0,0,0,6789,0,0,0,0,5115,0,232152
103,76,0,0,6789,0,0,0,0,0,0,6789,0,0,0,0,0,6045,260335
103,79,0,0,6789,0,0,0,0,0,0,6789,0,0,0,0,0,0,300338
104,1,8250,0,0,0,0,8250,0,0,0,0,8250,0,0,0,0,8250,319949
104,2,8250,0,0,0,0,8250,0,0,0,0,8250,0,0,0,0,0,390600
104,4,8250,0,0,0,0,8250,0,0,0,0,0,9750,0,0,0,0,396208
104,7,8250,0,0,0,0,8250,0,0,0,0,0,0,10950,0,0,0,311750
104,10,8250,0,0,0,0,0,9750,0,0,0,0,8250,0,0,0,0,404443
104,13,8250,0,0,0,0,0,9750,0,0,0,0,0,9750,0,0,0,328325
104,16,8250,0,0,0,0,0,9750,0,0,0,0,0,0,10950,0,0,325350
104,19,8250,0,0,0,0,0,0,10950,0,0,0,0,8250,0,0,0,323698
104,22,8250,0,0,0,0,0,0,10950,0,0,0,0,0,9750,0,0,328445
104,25,8250,0,0,0,0,0,0,10950,0,0,0,0,0,0,10950,0,346629
104,28,0,9750,0,0,0,0,8250,0,0,0,0,8250,0,0,0,0,416546
104,31,0,9750,0,0,0,0,8250,0,0,0,0,0,9750,0,0,0,340428
104,34,0,9750,0,0,0,0,8250,0,0,0,0,0,0,10950,0,0,337453
104,37,0,9750,0,0,0,0,0,9750,0,0,0,0,8250,0,0,0,348055
104,40,0,9750,0,0,0,0,0,9750,0,0,0,0,0,9750,0,0,352802
104,43,0,9750,0,0,0,0,0,9750,0,0,0,0,0,0,10950,0,370986
104,46,0,9750,0,0,0,0,0,0,10950,0,0,0,0,8250,0,0,348519
104,49,0,9750,0,0,0,0,0,0,10950,0,0,0,0,0,9750,0,373854
104,52,0,9750,0,0,0,0,0,0,10950,0,0,0,0,0,0,10950,412689
104,55,0,0,10950,0,0,0,0,8250,0,0,0,0,8250,0,0,0,341257
104,58,0,0,10950,0,0,0,0,8250,0,0,0,0,0,9750,0,0,346004
104,61,0,0,10950,0,0,0,0,8250,0,0,0,0,0,0,10950,0,364188
104,64,0,0,10950,0,0,0,0,0,9750,0,0,0,0,8250,0,0,353067
104,67,0,0,10950,0,0,0,0,0,9750,0,0,0,0,0,9750,0,378402
104,70,0,0,10950,0,0,0,0,0,9750,0,0,0,0,0,0,10950,417237
104,73,0,0,10950,0,0,0,0,0,0,10950,0,0,0,0,8250,0,374434
104,76,0,0,10950,0,0,0,0,0,0,10950,0,0,0,0,0,9750,419889
104,79,0,0,10950,0,0,0,0,0,0,10950,0,0,0,0,0,0,484411
105,1,5134,0,0,0,0,5134,0,0,0,0,5134,0,0,0,0,5134,159144
105,2,5134,0,0,0,0,5134,0,0,0,0,5134,0,0,0,0,0,207643
105,4,5134,0,0,0,0,5134,0,0,0,0,0,6154,0,0,0,0,212272
105,7,5134,0,0,0,0,5134,0,0,0,0,0,0,6970,0,0,0,161253
105,10,5134,0,0,0,0,0,6154,0,0,0,0,5134,0,0,0,0,219073
105,13,5134,0,0,0,0,0,6154,0,0,0,0,0,6154,0,0,0,173725
105,16,5134,0,0,0,0,0,6154,0,0,0,0,0,0,6970,0,0,173693
105,19,5134,0,0,0,0,0,0,6970,0,0,0,0,5134,0,0,0,171690
105,22,5134,0,0,0,0,0,0,6970,0,0,0,0,0,6154,0,0,176909
105,25,5134,0,0,0,0,0,0,6970,0,0,0,0,0,0,6970,0,190716
105,28,0,6154,0,0,0,0,5134,0,0,0,0,5134,0,0,0,0,229064
105,31,0,6154,0,0,0,0,5134,0,0,0,0,0,6154,0,0,0,183716
105,34,0,6154,0,0,0,0,5134,0,0,0,0,0,0,6970,0,0,183684
105,37,0,6154,0,0,0,0,0,6154,0,0,0,0,5134,0,0,0,190013
105,40,0,6154,0,0,0,0,0,6154,0,0,0,0,0,6154,0,0,195232
105,43,0,6154,0,0,0,0,0,6154,0,0,0,0,0,0,6970,0,209039
105,46,0,6154,0,0,0,0,0,0,6970,0,0,0,0,5134,0,0,193347
105,49,0,6154,0,0,0,0,0,0,6970,0,0,0,0,0,6154,0,212016
105,52,0,6154,0,0,0,0,0,0,6970,0,0,0,0,0,0,6970,238330
105,55,0,0,6970,0,0,0,0,5134,0,0,0,0,5134,0,0,0,187024
105,58,0,0,6970,0,0,0,0,5134,0,0,0,0,0,6154,0,0,192243
105,61,0,0,6970,0,0,0,0,5134,0,0,0,0,0,0,6970,0,206050
105,64,0,0,6970,0,0,0,0,0,6154,0,0,0,0,5134,0,0,198073
105,67,0,0,6970,0,0,0,0,0,6154,0,0,0,0,0,6154,0,216742
105,70,0,0,6970,0,0,0,0,0,6154,0,0,0,0,0,0,6970,243056
105,73,0,0,6970,0,0,0,0,0,0,6970,0,0,0,0,5134,0,214995
105,76,0,0,6970,0,0,0,0,0,0,6970,0,0,0,0,0,6154,245811
105,79,0,0,6970,0,0,0,0,0,0,6970,0,0,0,0,0,0,290142
106,1,8930,0,0,0,0,8930,0,0,0,0,8930,0,0,0,0,8930,444812
106,2,8930,0,0,0,0,8930,0,0,0,0,8930,0,0,0,0,0,509578
106,4,8930,0,0,0,0,8930,0,0,0,0,0,10293,0,0,0,0,512509
106,7,8930,0,0,0,0,8930,0,0,0,0,0,0,11374,0,0,0,416674
106,10,8930,0,0,0,0,0,10293,0,0,0,0,8930,0,0,0,0,516819
106,13,8930,0,0,0,0,0,10293,0,0,0,0,0,10293,0,0,0,428748
106,16,8930,0,0,0,0,0,10293,0,0,0,0,0,0,11374,0,0,420002
106,19,8930,0,0,0,0,0,0,11374,0,0,0,0,8930,0,0,0,421327
106,22,8930,0,0,0,0,0,0,11374,0,0,0,0,0,10293,0,0,419770
106,25,8930,0,0,0,0,0,0,11374,0,0,0,0,0,0,11374,0,432331
106,28,0,10293,0,0,0,0,8930,0,0,0,0,8930,0,0,0,0,523148
106,31,0,10293,0,0,0,0,8930,0,0,0,0,0,10293,0,0,0,435077
106,34,0,10293,0,0,0,0,8930,0,0,0,0,0,0,11374,0,0,426331
106,37,0,10293,0,0,0,0,0,10293,0,0,0,0,8930,0,0,0,439064
106,40,0,10293,0,0,0,0,0,10293,0,0,0,0,0,10293,0,0,437507
106,43,0,10293,0,0,0,0,0,10293,0,0,0,0,0,0,11374,0,450068
106,46,0,10293,0,0,0,0,0,0,11374,0,0,0,0,8930,0,0,430637
106,49,0,10293,0,0,0,0,0,0,11374,0,0,0,0,0,10293,0,449855
106,52,0,10293,0,0,0,0,0,0,11374,0,0,0,0,0,0,11374,485981
106,55,0,0,11374,0,0,0,0,8930,0,0,0,0,8930,0,0,0,428163
106,58,0,0,11374,0,0,0,0,8930,0,0,0,0,0,10293,0,0,426606
106,61,0,0,11374,0,0,0,0,8930,0,0,0,0,0,0,11374,0,439167
106,64,0,0,11374,0,0,0,0,0,10293,0,0,0,0,8930,0,0,430299
106,67,0,0,11374,0,0,0,0,0,10293,0,0,0,0,0,10293,0,449517
106,70,0,0,11374,0,0,0,0,0,10293,0,0,0,0,0,0,11374,485643
106,73,0,0,11374,0,0,0,0,0,0,11374,0,0,0,0,8930,0,443156
106,76,0,0,11374,0,0,0,0,0,0,11374,0,0,0,0,0,10293,485446
106,79,0,0,11374,0,0,0,0,0,0,11374,0,0,0,0,0,0,544504
107,1,7520,0,0,0,0,6320,0,0,0,0,6320,0,0,0,0,6320,281654
107,2,7520,0,0,0,0,6320,0,0,0,0,6320,0,0,0,0,0,338385
107,4,7520,0,0,0,0,6320,0,0,0,0,0,7520,0,0,0,0,343351
107,7,7520,0,0,0,0,6320,0,0,0,0,0,0,8480,0,0,0,279617
107,10,7520,0,0,0,0,0,7520,0,0,0,0,6320,0,0,0,0,350646
107,13,7520,0,0,0,0,0,7520,0,0,0,0,0,7520,0,0,0,293583
107,16,7520,0,0,0,0,0,7520,0,0,0,0,0,0,8480,0,0,292316
107,19,7520,0,0,0,0,0,0,8480,0,0,0,0,6320,0,0,0,290536
107,22,7520,0,0,0,0,0,0,8480,0,0,0,0,0,7520,0,0,295447
107,25,7520,0,0,0,0,0,0,8480,0,0,0,0,0,0,8480,0,310844
107,55,0,8480,0,0,0,0,6320,0,0,0,0,6320,0,0,0,0,345809
107,58,0,8480,0,0,0,0,6320,0,0,0,0,0,7520,0,0,0,288746
107,61,0,8480,0,0,0,0,6320,0,0,0,0,0,0,8480,0,0,287479
107,64,0,8480,0,0,0,0,0,7520,0,0,0,0,6320,0,0,0,295501
107,67,0,8480,0,0,0,0,0,7520,0,0,0,0,0,7520,0,0,300412
107,70,0,8480,0,0,0,0,0,7520,0,0,0,0,0,0,8480,0,315809
107,73,0,8480,0,0,0,0,0,0,8480,0,0,0,0,6320,0,0,297590
107,76,0,8480,0,0,0,0,0,0,8480,0,0,0,0,0,7520,0,318706
107,79,0,8480,0,0,0,0,0,0,8480,0,0,0,0,0,0,8480,349777
108,1,11289,0,0,0,0,9752,0,0,0,0,9752,0,0,0,0,9752,539503
108,2,11289,0,0,0,0,9752,0,0,0,0,9752,0,0,0,0,0,612753
108,4,11289,0,0,0,0,9752,0,0,0,0,0,11289,0,0,0,0,616605
108,7,11289,0,0,0,0,9752,0,0,0,0,0,0,12508,0,0,0,512755
108,10,11289,0,0,0,0,0,11289,0,0,0,0,9752,0,0,0,0,622263
108,13,11289,0,0,0,0,0,11289,0,0,0,0,0,11289,0,0,0,527169
108,16,11289,0,0,0,0,0,11289,0,0,0,0,0,0,12508,0,0,518699
108,19,11289,0,0,0,0,0,0,12508,0,0,0,0,9752,0,0,0,519545
108,22,11289,0,0,0,0,0,0,12508,0,0,0,0,0,11289,0,0,519182
108,25,11289,0,0,0,0,0,0,12508,0,0,0,0,0,0,12508,0,534400
108,55,0,12508,0,0,0,0,9752,0,0,0,0,9752,0,0,0,0,610165
108,58,0,12508,0,0,0,0,9752,0,0,0,0,0,11289,0,0,0,515071
108,61,0,12508,0,0,0,0,9752,0,0,0,0,0,0,12508,0,0,506601
108,64,0,12508,0,0,0,0,0,11289,0,0,0,0,9752,0,0,0,520311
108,67,0,12508,0,0,0,0,0,11289,0,0,0,0,0,11289,0,0,519948
108,70,0,12508,0,0,0,0,0,11289,0,0,0,0,0,0,12508,0,535166
108,73,0,12508,0,0,0,0,0,0,12508,0,0,0,0,9752,0,0,512887
108,76,0,12508,0,0,0,0,0,0,12508,0,0,0,0,0,11289,0,535612
108,79,0,12508,0,0,0,0,0,0,12508,0,0,0,0,0,0,12508,576286
109,1,8190,0,0,0,0,7210,0,0,0,0,7210,0,0,0,0,7210,448788
109,2,8190,0,0,0,0,7210,0,0,0,0,7210,0,0,0,0,0,496160
109,4,8190,0,0,0,0,7210,0,0,0,0,0,8190,0,0,0,0,497143
109,7,8190,0,0,0,0,7210,0,0,0,0,0,0,8960,0,0,0,417812
109,10,8190,0,0,0,0,0,8190,0,0,0,0,7210,0,0,0,0,498587
109,13,8190,0,0,0,0,0,8190,0,0,0,0,0,8190,0,0,0,424982
109,16,8190,0,0,0,0,0,8190,0,0,0,0,0,0,8960,0,0,415316
109,19,8190,0,0,0,0,0,0,8960,0,0,0,0,7210,0,0,0,417905
109,22,8190,0,0,0,0,0,0,8960,0,0,0,0,0,8190,0,0,413540
109,25,8190,0,0,0,0,0,0,8960,0,0,0,0,0,0,8960,0,420357
109,55,0,8960,0,0,0,0,7210,0,0,0,0,7210,0,0,0,0,487357
109,58,0,8960,0,0,0,0,7210,0,0,0,0,0,8190,0,0,0,413752
109,61,0,8960,0,0,0,0,7210,0,0,0,0,0,0,8960,0,0,404086
109,64,0,8960,0,0,0,0,0,8190,0,0,0,0,7210,0,0,0,415089
109,67,0,8960,0,0,0,0,0,8190,0,0,0,0,0,8190,0,0,410724
109,70,0,8960,0,0,0,0,0,8190,0,0,0,0,0,0,8960,0,417541
109,73,0,8960,0,0,0,0,0,0,8960,0,0,0,0,7210,0,0,404173
109,76,0,8960,0,0,0,0,0,0,8960,0,0,0,0,0,8190,0,415900
109,79,0,8960,0,0,0,0,0,0,8960,0,0,0,0,0,0,8960,442508
110,1,7410,0,0,0,0,6270,0,0,0,0,6270,0,0,0,0,6270,300166
110,2,7410,0,0,0,0,6270,0,0,0,0,6270,0,0,0,0,0,353861
110,4,7410,0,0,0,0,6270,0,0,0,0,0,7410,0,0,0,0,358121
110,7,7410,0,0,0,0,6270,0,0,0,0,0,0,8322,0,0,0,293932
110,10,7410,0,0,0,0,0,7410,0,0,0,0,6270,0,0,0,0,364381
110,13,7410,0,0,0,0,0,7410,0,0,0,0,0,7410,0,0,0,306530
110,16,7410,0,0,0,0,0,7410,0,0,0,0,0,0,8322,0,0,304270
110,19,7410,0,0,0,0,0,0,8322,0,0,0,0,6270,0,0,0,303014
110,22,7410,0,0,0,0,0,0,8322,0,0,0,0,0,7410,0,0,306622
110,25,7410,0,0,0,0,0,0,8322,0,0,0,0,0,0,8322,0,320443
110,55,0,8322,0,0,0,0,6270,0,0,0,0,6270,0,0,0,0,358802
110,58,0,8322,0,0,0,0,6270,0,0,0,0,0,7410,0,0,0,300951
110,61,0,8322,0,0,0,0,6270,0,0,0,0,0,0,8322,0,0,298691
110,64,0,8322,0,0,0,0,0,7410,0,0,0,0,6270,0,0,0,306748
110,67,0,8322,0,0,0,0,0,7410,0,0,0,0,0,7410,0,0,310356
110,70,0,8322,0,0,0,0,0,7410,0,0,0,0,0,0,8322,0,324177
110,73,0,8322,0,0,0,0,0,0,8322,0,0,0,0,6270,0,0,307099
110,76,0,8322,0,0,0,0,0,0,8322,0,0,0,0,0,7410,0,326354
110,79,0,8322,0,0,0,0,0,0,8322,0,0,0,0,0,0,8322,355869
111,1,9594,0,0,0,0,8446,0,0,0,0,8446,0,0,0,0,8446,525726
111,2,9594,0,0,0,0,8446,0,0,0,0,8446,0,0,0,0,0,581218
111,4,9594,0,0,0,0,8446,0,0,0,0,0,9594,0,0,0,0,582370
111,7,9594,0,0,0,0,8446,0,0,0,0,0,0,10496,0,0,0,489441
111,10,9594,0,0,0,0,0,9594,0,0,0,0,8446,0,0,0,0,584061
111,13,9594,0,0,0,0,0,9594,0,0,0,0,0,9594,0,0,0,497840
111,16,9594,0,0,0,0,0,9594,0,0,0,0,0,0,10496,0,0,486517
111,19,9594,0,0,0,0,0,0,10496,0,0,0,0,8446,0,0,0,489550
111,22,9594,0,0,0,0,0,0,10496,0,0,0,0,0,9594,0,0,484437
111,25,9594,0,0,0,0,0,0,10496,0,0,0,0,0,0,10496,0,492424
111,55,0,10496,0,0,0,0,8446,0,0,0,0,8446,0,0,0,0,570906
111,58,0,10496,0,0,0,0,8446,0,0,0,0,0,9594,0,0,0,484685
111,61,0,10496,0,0,0,0,8446,0,0,0,0,0,0,10496,0,0,473362
111,64,0,10496,0,0,0,0,0,9594,0,0,0,0,8446,0,0,0,486252
111,67,0,10496,0,0,0,0,0,9594,0,0,0,0,0,9594,0,0,481139
111,70,0,10496,0,0,0,0,0,9594,0,0,0,0,0,0,10496,0,489126
111,73,0,10496,0,0,0,0,0,0,10496,0,0,0,0,8446,0,0,473463
111,76,0,10496,0,0,0,0,0,0,10496,0,0,0,0,0,9594,0,487200
111,79,0,10496,0,0,0,0,0,0,10496,0,0,0,0,0,0,10496,518369
112,1,9945,0,0,0,0,8415,0,0,0,0,8415,0,0,0,0,8415,402851
112,2,9945,0,0,0,0,8415,0,0,0,0,8415,0,0,0,0,0,474915
112,4,9945,0,0,0,0,8415,0,0,0,0,0,9945,0,0,0,0,480631
112,7,9945,0,0,0,0,8415,0,0,0,0,0,0,11169,0,0,0,394487
112,10,9945,0,0,0,0,0,9945,0,0,0,0,8415,0,0,0,0,489031
112,13,9945,0,0,0,0,0,9945,0,0,0,0,0,9945,0,0,0,411394
112,16,9945,0,0,0,0,0,9945,0,0,0,0,0,0,11169,0,0,408359
112,19,9945,0,0,0,0,0,0,11169,0,0,0,0,8415,0,0,0,406674
112,22,9945,0,0,0,0,0,0,11169,0,0,0,0,0,9945,0,0,411515
112,25,9945,0,0,0,0,0,0,11169,0,0,0,0,0,0,11169,0,430064
112,55,0,11169,0,0,0,0,8415,0,0,0,0,8415,0,0,0,0,481542
112,58,0,11169,0,0,0,0,8415,0,0,0,0,0,9945,0,0,0,403905
112,61,0,11169,0,0,0,0,8415,0,0,0,0,0,0,11169,0,0,400870
112,64,0,11169,0,0,0,0,0,9945,0,0,0,0,8415,0,0,0,411683
112,67,0,11169,0,0,0,0,0,9945,0,0,0,0,0,9945,0,0,416524
112,70,0,11169,0,0,0,0,0,9945,0,0,0,0,0,0,11169,0,435073
112,73,0,11169,0,0,0,0,0,0,11169,0,0,0,0,8415,0,0,412156
112,76,0,11169,0,0,0,0,0,0,11169,0,0,0,0,0,9945,0,437998
112,79,0,11169,0,0,0,0,0,0,11169,0,0,0,0,0,0,11169,477610
113,1,4706,0,0,0,0,3926,0,0,0,0,3926,0,0,0,0,3926,160698
113,2,4706,0,0,0,0,3926,0,0,0,0,3926,0,0,0,0,0,197785
113,4,4706,0,0,0,0,3926,0,0,0,0,0,4706,0,0,0,0,201325
113,7,4706,0,0,0,0,3926,0,0,0,0,0,0,5330,0,0,0,162311
113,10,4706,0,0,0,0,0,4706,0,0,0,0,3926,0,0,0,0,206525
113,13,4706,0,0,0,0,0,4706,0,0,0,0,0,4706,0,0,0,171848
113,16,4706,0,0,0,0,0,4706,0,0,0,0,0,0,5330,0,0,171822
113,19,4706,0,0,0,0,0,0,5330,0,0,0,0,3926,0,0,0,170292
113,22,4706,0,0,0,0,0,0,5330,0,0,0,0,0,4706,0,0,174281
113,25,4706,0,0,0,0,0,0,5330,0,0,0,0,0,0,5330,0,184841
113,55,0,5330,0,0,0,0,3926,0,0,0,0,3926,0,0,0,0,204057
113,58,0,5330,0,0,0,0,3926,0,0,0,0,0,4706,0,0,0,169380
113,61,0,5330,0,0,0,0,3926,0,0,0,0,0,0,5330,0,0,169354
113,64,0,5330,0,0,0,0,0,4706,0,0,0,0,3926,0,0,0,174195
113,67,0,5330,0,0,0,0,0,4706,0,0,0,0,0,4706,0,0,178184
113,70,0,5330,0,0,0,0,0,4706,0,0,0,0,0,0,5330,0,188744
113,73,0,5330,0,0,0,0,0,0,5330,0,0,0,0,3926,0,0,176743
113,76,0,5330,0,0,0,0,0,0,5330,0,0,0,0,0,4706,0,191020
113,79,0,5330,0,0,0,0,0,0,5330,0,0,0,0,0,0,5330,211143
114,1,6834,0,0,0,0,5848,0,0,0,0,5848,0,0,0,0,5848,296031
114,2,6834,0,0,0,0,5848,0,0,0,0,5848,0,0,0,0,0,343399
114,4,6834,0,0,0,0,5848,0,0,0,0,0,6834,0,0,0,0,346570
114,7,6834,0,0,0,0,5848,0,0,0,0,0,0,7650,0,0,0,286036
114,10,6834,0,0,0,0,0,6834,0,0,0,0,5848,0,0,0,0,351230
114,13,6834,0,0,0,0,0,6834,0,0,0,0,0,6834,0,0,0,295638
114,16,6834,0,0,0,0,0,6834,0,0,0,0,0,0,7650,0,0,292621
114,19,6834,0,0,0,0,0,0,7650,0,0,0,0,5848,0,0,0,292691
114,22,6834,0,0,0,0,0,0,7650,0,0,0,0,0,6834,0,0,294250
114,25,6834,0,0,0,0,0,0,7650,0,0,0,0,0,0,7650,0,305939
114,55,0,7650,0,0,0,0,5848,0,0,0,0,5848,0,0,0,0,346552
114,58,0,7650,0,0,0,0,5848,0,0,0,0,0,6834,0,0,0,290960
114,61,0,7650,0,0,0,0,5848,0,0,0,0,0,0,7650,0,0,287943
114,64,0,7650,0,0,0,0,0,6834,0,0,0,0,5848,0,0,0,295273
114,67,0,7650,0,0,0,0,0,6834,0,0,0,0,0,6834,0,0,296832
114,70,0,7650,0,0,0,0,0,6834,0,0,0,0,0,0,7650,0,308521
114,73,0,7650,0,0,0,0,0,0,7650,0,0,0,0,5848,0,0,294103
114,76,0,7650,0,0,0,0,0,0,7650,0,0,0,0,0,6834,0,310029
114,79,0,7650,0,0,0,0,0,0,7650,0,0,0,0,0,0,7650,336478
115,1,7168,0,0,0,0,6272,0,0,0,0,6272,0,0,0,0,6272,371168
115,2,7168,0,0,0,0,6272,0,0,0,0,6272,0,0,0,0,0,414666
115,4,7168,0,0,0,0,6272,0,0,0,0,0,7168,0,0,0,0,416112
115,7,7168,0,0,0,0,6272,0,0,0,0,0,0,7904,0,0,0,348369
115,10,7168,0,0,0,0,0,7168,0,0,0,0,6272,0,0,0,0,418238
115,13,7168,0,0,0,0,0,7168,0,0,0,0,0,7168,0,0,0,355095
115,16,7168,0,0,0,0,0,7168,0,0,0,0,0,0,7904,0,0,348343
115,19,7168,0,0,0,0,0,0,7904,0,0,0,0,6272,0,0,0,350306
115,22,7168,0,0,0,0,0,0,7904,0,0,0,0,0,7168,0,0,347813
115,25,7168,0,0,0,0,0,0,7904,0,0,0,0,0,0,7904,0,355775
115,55,0,7904,0,0,0,0,6272,0,0,0,0,6272,0,0,0,0,410639
115,58,0,7904,0,0,0,0,6272,0,0,0,0,0,7168,0,0,0,347496
115,61,0,7904,0,0,0,0,6272,0,0,0,0,0,0,7904,0,0,340744
115,64,0,7904,0,0,0,0,0,7168,0,0,0,0,6272,0,0,0,349466
115,67,0,7904,0,0,0,0,0,7168,0,0,0,0,0,7168,0,0,346973
115,70,0,7904,0,0,0,0,0,7168,0,0,0,0,0,0,7904,0,354935
115,73,0,7904,0,0,0,0,0,0,7904,0,0,0,0,6272,0,0,342537
115,76,0,7904,0,0,0,0,0,0,7904,0,0,0,0,0,7168,0,354443
115,79,0,7904,0,0,0,0,0,0,7904,0,0,0,0,0,0,7904,379118
116,1,8424,0,0,0,0,7416,0,0,0,0,7416,0,0,0,0,7416,461611
116,2,8424,0,0,0,0,7416,0,0,0,0,7416,0,0,0,0,0,510335
116,4,8424,0,0,0,0,7416,0,0,0,0,0,8424,0,0,0,0,511346
116,7,8424,0,0,0,0,7416,0,0,0,0,0,0,9216,0,0,0,429749
116,10,8424,0,0,0,0,0,8424,0,0,0,0,7416,0,0,0,0,512831
116,13,8424,0,0,0,0,0,8424,0,0,0,0,0,8424,0,0,0,437125
116,16,8424,0,0,0,0,0,8424,0,0,0,0,0,0,9216,0,0,427181
116,19,8424,0,0,0,0,0,0,9216,0,0,0,0,7416,0,0,0,429845
116,22,8424,0,0,0,0,0,0,9216,0,0,0,0,0,8424,0,0,425355
116,25,8424,0,0,0,0,0,0,9216,0,0,0,0,0,0,9216,0,432368
116,55,0,9216,0,0,0,0,7416,0,0,0,0,7416,0,0,0,0,501282
116,58,0,9216,0,0,0,0,7416,0,0,0,0,0,8424,0,0,0,425576
116,61,0,9216,0,0,0,0,7416,0,0,0,0,0,0,9216,0,0,415632
116,64,0,9216,0,0,0,0,0,8424,0,0,0,0,7416,0,0,0,426950
116,67,0,9216,0,0,0,0,0,8424,0,0,0,0,0,8424,0,0,422460
116,70,0,9216,0,0,0,0,0,8424,0,0,0,0,0,0,9216,0,429473
116,73,0,9216,0,0,0,0,0,0,9216,0,0,0,0,7416,0,0,415720
116,76,0,9216,0,0,0,0,0,0,9216,0,0,0,0,0,8424,0,427783
116,79,0,9216,0,0,0,0,0,0,9216,0,0,0,0,0,0,9216,455151
117,1,6870,0,0,0,0,6030,0,0,0,0,6030,0,0,0,0,6030,366324
117,2,6870,0,0,0,0,6030,0,0,0,0,6030,0,0,0,0,0,407016
117,4,6870,0,0,0,0,6030,0,0,0,0,0,6870,0,0,0,0,408116
117,7,6870,0,0,0,0,6030,0,0,0,0,0,0,7560,0,0,0,342615
117,10,6870,0,0,0,0,0,6870,0,0,0,0,6030,0,0,0,0,409732
117,13,6870,0,0,0,0,0,6870,0,0,0,0,0,6870,0,0,0,348544
117,16,6870,0,0,0,0,0,6870,0,0,0,0,0,0,7560,0,0,341555
117,19,6870,0,0,0,0,0,0,7560,0,0,0,0,6030,0,0,0,343702
117,22,6870,0,0,0,0,0,0,7560,0,0,0,0,0,6870,0,0,340706
117,25,6870,0,0,0,0,0,0,7560,0,0,0,0,0,0,7560,0,347616
117,55,0,7560,0,0,0,0,6030,0,0,0,0,6030,0,0,0,0,402051
117,58,0,7560,0,0,0,0,6030,0,0,0,0,0,6870,0,0,0,340863
117,61,0,7560,0,0,0,0,6030,0,0,0,0,0,0,7560,0,0,333874
117,64,0,7560,0,0,0,0,0,6870,0,0,0,0,6030,0,0,0,342358
117,67,0,7560,0,0,0,0,0,6870,0,0,0,0,0,6870,0,0,339362
117,70,0,7560,0,0,0,0,0,6870,0,0,0,0,0,0,7560,0,346272
117,73,0,7560,0,0,0,0,0,0,7560,0,0,0,0,6030,0,0,334880
117,76,0,7560,0,0,0,0,0,0,7560,0,0,0,0,0,6870,0,345487
117,79,0,7560,0,0,0,0,0,0,7560,0,0,0,0,0,0,7560,368693
118,1,8190,0,0,0,0,6930,0,0,0,0,6930,0,0,0,0,6930,331759
118,2,8190,0,0,0,0,6930,0,0,0,0,6930,0,0,0,0,0,391106
118,4,8190,0,0,0,0,6930,0,0,0,0,0,8190,0,0,0,0,395815
118,7,8190,0,0,0,0,6930,0,0,0,0,0,0,9198,0,0,0,324872
118,10,8190,0,0,0,0,0,8190,0,0,0,0,6930,0,0,0,0,402734
118,13,8190,0,0,0,0,0,8190,0,0,0,0,0,8190,0,0,0,338795
118,16,8190,0,0,0,0,0,8190,0,0,0,0,0,0,9198,0,0,336297
118,19,8190,0,0,0,0,0,0,9198,0,0,0,0,6930,0,0,0,334908
118,22,8190,0,0,0,0,0,0,9198,0,0,0,0,0,8190,0,0,338896
118,25,8190,0,0,0,0,0,0,9198,0,0,0,0,0,0,9198,0,354171
118,55,0,9198,0,0,0,0,6930,0,0,0,0,6930,0,0,0,0,396566
118,58,0,9198,0,0,0,0,6930,0,0,0,0,0,8190,0,0,0,332627
118,61,0,9198,0,0,0,0,6930,0,0,0,0,0,0,9198,0,0,330129
118,64,0,9198,0,0,0,0,0,8190,0,0,0,0,6930,0,0,0,339033
118,67,0,9198,0,0,0,0,0,8190,0,0,0,0,0,8190,0,0,343021
118,70,0,9198,0,0,0,0,0,8190,0,0,0,0,0,0,9198,0,358296
118,73,0,9198,0,0,0,0,0,0,9198,0,0,0,0,6930,0,0,339422
118,76,0,9198,0,0,0,0,0,0,9198,0,0,0,0,0,8190,0,360703
118,79,0,9198,0,0,0,0,0,0,9198,0,0,0,0,0,0,9198,393325
119,1,4140,0,0,0,0,3560,0,0,0,0,3560,0,0,0,0,3560,188891
119,2,4140,0,0,0,0,3560,0,0,0,0,3560,0,0,0,0,0,216614
119,4,4140,0,0,0,0,3560,0,0,0,0,0,4140,0,0,0,0,218273
119,7,4140,0,0,0,0,3560,0,0,0,0,0,0,4620,0,0,0,181073
119,10,4140,0,0,0,0,0,4140,0,0,0,0,3560,0,0,0,0,220711
119,13,4140,0,0,0,0,0,4140,0,0,0,0,0,4140,0,0,0,186418
119,16,4140,0,0,0,0,0,4140,0,0,0,0,0,0,4620,0,0,184116
119,19,4140,0,0,0,0,0,0,4620,0,0,0,0,3560,0,0,0,184403
119,22,4140,0,0,0,0,0,0,4620,0,0,0,0,0,4140,0,0,184793
119,25,4140,0,0,0,0,0,0,4620,0,0,0,0,0,0,4620,0,191273
119,55,0,4620,0,0,0,0,3560,0,0,0,0,3560,0,0,0,0,217516
119,58,0,4620,0,0,0,0,3560,0,0,0,0,0,4140,0,0,0,183223
119,61,0,4620,0,0,0,0,3560,0,0,0,0,0,0,4620,0,0,180921
119,64,0,4620,0,0,0,0,0,4140,0,0,0,0,3560,0,0,0,185479
119,67,0,4620,0,0,0,0,0,4140,0,0,0,0,0,4140,0,0,185869
119,70,0,4620,0,0,0,0,0,4140,0,0,0,0,0,0,4620,0,192349
119,73,0,4620,0,0,0,0,0,0,4620,0,0,0,0,3560,0,0,184005
119,76,0,4620,0,0,0,0,0,0,4620,0,0,0,0,0,4140,0,192978
119,79,0,4620,0,0,0,0,0,0,4620,0,0,0,0,0,0,4620,208618
120,1,8190,0,0,0,0,7210,0,0,0,0,7210,0,0,0,0,7210,448788
120,2,8190,0,0,0,0,7210,0,0,0,0,7210,0,0,0,0,0,496160
120,4,8190,0,0,0,0,7210,0,0,0,0,0,8190,0,0,0,0,497143
120,7,8190,0,0,0,0,7210,0,0,0,0,0,0,8960,0,0,0,417812
120,10,8190,0,0,0,0,0,8190,0,0,0,0,7210,0,0,0,0,498587
120,13,8190,0,0,0,0,0,8190,0,0,0,0,0,8190,0,0,0,424982
120,16,8190,0,0,0,0,0,8190,0,0,0,0,0,0,8960,0,0,415316
120,19,8190,0,0,0,0,0,0,8960,0,0,0,0,7210,0,0,0,417905
120,22,8190,0,0,0,0,0,0,8960,0,0,0,0,0,8190,0,0,413540
120,25,8190,0,0,0,0,0,0,8960,0,0,0,0,0,0,8960,0,420357
120,55,0,8960,0,0,0,0,7210,0,0,0,0,7210,0,0,0,0,487357
120,58,0,8960,0,0,0,0,7210,0,0,0,0,0,8190,0,0,0,413752
120,61,0,8960,0,0,0,0,7210,0,0,0,0,0,0,8960,0,0,404086
120,64,0,8960,0,0,0,0,0,8190,0,0,0,0,7210,0,0,0,415089
120,67,0,8960,0,0,0,0,0,8190,0,0,0,0,0,8190,0,0,410724
120,70,0,8960,0,0,0,0,0,8190,0,0,0,0,0,0,8960,0,417541
120,73,0,8960,0,0,0,0,0,0,8960,0,0,0,0,7210,0,0,404173
120,76,0,8960,0,0,0,0,0,0,8960,0,0,0,0,0,8190,0,415900
120,79,0,8960,0,0,0,0,0,0,8960,0,0,0,0,0,0,8960,442508
