Conjunto,Item,1,2,3,4,5,6,7,8,9,10,11,12,13,14,15,16,Lucro
1,1,0,0,0,0,4532,0,0,0,0,4532,0,0,0,0,4532,0,14703
1,2,0,0,0,0,4532,0,0,0,0,4532,0,0,0,0,4532,0,14703
1,3,0,0,0,0,4532,0,0,0,0,4532,0,0,0,0,4532,0,14703
1,4,0,0,0,0,4532,0,0,0,0,4532,0,0,0,0,0,5148,34285
1,5,0,0,0,0,4532,0,0,0,0,4532,0,0,0,0,0,5148,34285
1,6,0,0,0,0,4532,0,0,0,0,4532,0,0,0,0,0,5148,34285
1,7,0,0,0,0,4532,0,0,0,0,4532,0,0,0,0,0,0,61416
1,8,0,0,0,0,4532,0,0,0,0,4532,0,0,0,0,0,0,61416
1,9,0,0,0,0,4532,0,0,0,0,4532,0,0,0,0,0,0,61416
1,10,0,0,0,0,4532,0,0,0,0,0,5148,0,0,0,0,4532,34953
1,11,0,0,0,0,4532,0,0,0,0,0,5148,0,0,0,0,4532,34953
1,12,0,0,0,0,4532,0,0,0,0,0,5148,0,0,0,0,4532,34953
1,13,0,0,0,0,4532,0,0,0,0,0,5148,0,0,0,0,0,64729
1,14,0,0,0,0,4532,0,0,0,0,0,5148,0,0,0,0,0,64729
1,15,0,0,0,0,4532,0,0,0,0,0,5148,0,0,0,0,0,64729
1,16,0,0,0,0,4532,0,0,0,0,0,5148,0,0,0,0,0,64729
1,17,0,0,0,0,4532,0,0,0,0,0,5148,0,0,0,0,0,64729
1,18,0,0,0,0,4532,0,0,0,0,0,5148,0,0,0,0,0,64729
1,19,0,0,0,0,4532,0,0,0,0,0,0,5632,0,0,0,0,61459
1,20,0,0,0,0,4532,0,0,0,0,0,0,5632,0,0,0,0,61459
1,21,0,0,0,0,4532,0,0,0,0,0,0,5632,0,0,0,0,61459
1,22,0,0,0,0,4532,0,0,0,0,0,0,5632,0,0,0,0,61459
1,23,0,0,0,0,4532,0,0,0,0,0,0,5632,0,0,0,0,61459
1,24,0,0,0,0,4532,0,0,0,0,0,0,5632,0,0,0,0,61459
1,25,0,0,0,0,4532,0,0,0,0,0,0,5632,0,0,0,0,61459
1,26,0,0,0,0,4532,0,0,0,0,0,0,5632,0,0,0,0,61459
1,27,0,0,0,0,4532,0,0,0,0,0,0,5632,0,0,0,0,61459
1,28,0,0,0,0,0,5148,0,0,0,0,4532,0,0,0,0,4532,35934
1,29,0,0,0,0,0,5148,0,0,0,0,4532,0,0,0,0,4532,35934
1,30,0,0,0,0,0,5148,0,0,0,0,4532,0,0,0,0,4532,35934
1,31,0,0,0,0,0,5148,0,0,0,0,4532,0,0,0,0,0,65710
1,32,0,0,0,0,0,5148,0,0,0,0,4532,0,0,0,0,0,65710
1,33,0,0,0,0,0,5148,0,0,0,0,4532,0,0,0,0,0,65710
1,34,0,0,0,0,0,5148,0,0,0,0,4532,0,0,0,0,0,65710
1,35,0,0,0,0,0,5148,0,0,0,0,4532,0,0,0,0,0,65710
1,36,0,0,0,0,0,5148,0,0,0,0,4532,0,0,0,0,0,65710
1,37,0,0,0,0,0,5148,0,0,0,0,0,5148,0,0,0,0,66327
1,38,0,0,0,0,0,5148,0,0,0,0,0,5148,0,0,0,0,66327
1,39,0,0,0,0,0,5148,0,0,0,0,0,5148,0,0,0,0,66327
1,40,0,0,0,0,0,5148,0,0,0,0,0,5148,0,0,0,0,66327
1,41,0,0,0,0,0,5148,0,0,0,0,0,5148,0,0,0,0,66327
1,42,0,0,0,0,0,5148,0,0,0,0,0,5148,0,0,0,0,66327
1,43,0,0,0,0,0,5148,0,0,0,0,0,5148,0,0,0,0,66327
1,44,0,0,0,0,0,5148,0,0,0,0,0,5148,0,0,0,0,66327
1,45,0,0,0,0,0,5148,0,0,0,0,0,5148,0,0,0,0,66327
1,46,0,0,0,0,0,5148,0,0,0,0,0,0,5632,0,0,0,16464
1,47,0,0,0,0,0,5148,0,0,0,0,0,0,5632,0,0,0,16464
1,48,0,0,0,0,0,5148,0,0,0,0,0,0,5632,0,0,0,16464
1,49,0,0,0,0,0,5148,0,0,0,0,0,0,5632,0,0,0,16464
1,50,0,0,0,0,0,5148,0,0,0,0,0,0,5632,0,0,0,16464
1,51,0,0,0,0,0,5148,0,0,0,0,0,0,5632,0,0,0,16464
1,52,0,0,0,0,0,5148,0,0,0,0,0,0,5632,0,0,0,16464
1,53,0,0,0,0,0,5148,0,0,0,0,0,0,5632,0,0,0,16464
1,54,0,0,0,0,0,5148,0,0,0,0,0,0,5632,0,0,0,16464
1,55,0,0,0,0,0,0,5632,0,0,0,0,4532,0,0,0,0,61522
1,56,0,0,0,0,0,0,5632,0,0,0,0,4532,0,0,0,0,61522
1,57,0,0,0,0,0,0,5632,0,0,0,0,4532,0,0,0,0,61522
1,58,0,0,0,0,0,0,5632,0,0,0,0,4532,0,0,0,0,61522
1,59,0,0,0,0,0,0,5632,0,0,0,0,4532,0,0,0,0,61522
1,60,0,0,0,0,0,0,5632,0,0,0,0,4532,0,0,0,0,61522
1,61,0,0,0,0,0,0,5632,0,0,0,0,4532,0,0,0,0,61522
1,62,0,0,0,0,0,0,5632,0,0,0,0,4532,0,0,0,0,61522
1,63,0,0,0,0,0,0,5632,0,0,0,0,4532,0,0,0,0,61522
1,64,0,0,0,0,0,0,5632,0,0,0,0,0,5148,0,0,0,15257
1,65,0,0,0,0,0,0,5632,0,0,0,0,0,5148,0,0,0,15257
1,66,0,0,0,0,0,0,5632,0,0,0,0,0,5148,0,0,0,15257
1,67,0,0,0,0,0,0,5632,0,0,0,0,0,5148,0,0,0,15257
1,68,0,0,0,0,0,0,5632,0,0,0,0,0,5148,0,0,0,15257
1,69,0,0,0,0,0,0,5632,0,0,0,0,0,5148,0,0,0,15257
1,70,0,0,0,0,0,0,5632,0,0,0,0,0,5148,0,0,0,15257
1,71,0,0,0,0,0,0,5632,0,0,0,0,0,5148,0,0,0,15257
1,72,0,0,0,0,0,0,5632,0,0,0,0,0,5148,0,0,0,15257
1,73,0,0,0,0,0,0,5632,0,0,0,0,0,0,5632,0,0,9180
1,74,0,0,0,0,0,0,5632,0,0,0,0,0,0,5632,0,0,9180
1,75,0,0,0,0,0,0,5632,0,0,0,0,0,0,5632,0,0,9180
1,76,0,0,0,0,0,0,5632,0,0,0,0,0,0,5632,0,0,9180
1,77,0,0,0,0,0,0,5632,0,0,0,0,0,0,5632,0,0,9180
1,78,0,0,0,0,0,0,5632,0,0,0,0,0,0,5632,0,0,9180
1,79,0,0,0,0,0,0,5632,0,0,0,0,0,0,5632,0,0,9180
1,80,0,0,0,0,0,0,5632,0,0,0,0,0,0,5632,0,0,9180
1,81,0,0,0,0,0,0,5632,0,0,0,0,0,0,5632,0,0,9180
2,1,0,0,0,0,6468,0,0,0,0,6468,0,0,0,0,6468,0,-3180
2,2,0,0,0,0,6468,0,0,0,0,6468,0,0,0,0,6468,0,-3180
2,3,0,0,0,0,6468,0,0,0,0,6468,0,0,0,0,6468,0,-3180
2,4,0,0,0,0,6468,0,0,0,0,6468,0,0,0,0,0,7392,26032
2,5,0,0,0,0,6468,0,0,0,0,6468,0,0,0,0,0,7392,26032
2,6,0,0,0,0,6468,0,0,0,0,6468,0,0,0,0,0,7392,26032
2,7,0,0,0,0,6468,0,0,0,0,6468,0,0,0,0,0,0,67402
2,8,0,0,0,0,6468,0,0,0,0,6468,0,0,0,0,0,0,67402
2,9,0,0,0,0,6468,0,0,0,0,6468,0,0,0,0,0,0,67402
2,10,0,0,0,0,6468,0,0,0,0,0,7392,0,0,0,0,6468,27645
2,11,0,0,0,0,6468,0,0,0,0,0,7392,0,0,0,0,6468,27645
2,12,0,0,0,0,6468,0,0,0,0,0,7392,0,0,0,0,6468,27645
2,13,0,0,0,0,6468,0,0,0,0,0,7392,0,0,0,0,0,72502
2,14,0,0,0,0,6468,0,0,0,0,0,7392,0,0,0,0,0,72502
2,15,0,0,0,0,6468,0,0,0,0,0,7392,0,0,0,0,0,72502
2,16,0,0,0,0,6468,0,0,0,0,0,7392,0,0,0,0,0,72502
2,17,0,0,0,0,6468,0,0,0,0,0,7392,0,0,0,0,0,72502
2,18,0,0,0,0,6468,0,0,0,0,0,7392,0,0,0,0,0,72502
2,19,0,0,0,0,6468,0,0,0,0,0,0,8151,0,0,0,0,68870
2,20,0,0,0,0,6468,0,0,0,0,0,0,8151,0,0,0,0,68870
2,21,0,0,0,0,6468,0,0,0,0,0,0,8151,0,0,0,0,68870
2,22,0,0,0,0,6468,0,0,0,0,0,0,8151,0,0,0,0,68870
2,23,0,0,0,0,6468,0,0,0,0,0,0,8151,0,0,0,0,68870
2,24,0,0,0,0,6468,0,0,0,0,0,0,8151,0,0,0,0,68870
2,25,0,0,0,0,6468,0,0,0,0,0,0,8151,0,0,0,0,68870
2,26,0,0,0,0,6468,0,0,0,0,0,0,8151,0,0,0,0,68870
2,27,0,0,0,0,6468,0,0,0,0,0,0,8151,0,0,0,0,68870
2,28,0,0,0,0,0,7392,0,0,0,0,6468,0,0,0,0,6468,30014
2,29,0,0,0,0,0,7392,0,0,0,0,6468,0,0,0,0,6468,30014
2,30,0,0,0,0,0,7392,0,0,0,0,6468,0,0,0,0,6468,30014
2,31,0,0,0,0,0,7392,0,0,0,0,6468,0,0,0,0,0,74871
2,32,0,0,0,0,0,7392,0,0,0,0,6468,0,0,0,0,0,74871
2,33,0,0,0,0,0,7392,0,0,0,0,6468,0,0,0,0,0,74871
2,34,0,0,0,0,0,7392,0,0,0,0,6468,0,0,0,0,0,74871
2,35,0,0,0,0,0,7392,0,0,0,0,6468,0,0,0,0,0,74871
2,36,0,0,0,0,0,7392,0,0,0,0,6468,0,0,0,0,0,74871
2,37,0,0,0,0,0,7392,0,0,0,0,0,7392,0,0,0,0,76363
2,38,0,0,0,0,0,7392,0,0,0,0,0,7392,0,0,0,0,76363
2,39,0,0,0,0,0,7392,0,0,0,0,0,7392,0,0,0,0,76363
2,40,0,0,0,0,0,7392,0,0,0,0,0,7392,0,0,0,0,76363
2,41,0,0,0,0,0,7392,0,0,0,0,0,7392,0,0,0,0,76363
2,42,0,0,0,0,0,7392,0,0,0,0,0,7392,0,0,0,0,76363
2,43,0,0,0,0,0,7392,0,0,0,0,0,7392,0,0,0,0,76363
2,44,0,0,0,0,0,7392,0,0,0,0,0,7392,0,0,0,0,76363
2,45,0,0,0,0,0,7392,0,0,0,0,0,7392,0,0,0,0,76363
2,46,0,0,0,0,0,7392,0,0,0,0,0,0,8151,0,0,0,6502
2,47,0,0,0,0,0,7392,0,0,0,0,0,0,8151,0,0,0,6502
2,48,0,0,0,0,0,7392,0,0,0,0,0,0,8151,0,0,0,6502
2,49,0,0,0,0,0,7392,0,0,0,0,0,0,8151,0,0,0,6502
2,50,0,0,0,0,0,7392,0,0,0,0,0,0,8151,0,0,0,6502
2,51,0,0,0,0,0,7392,0,0,0,0,0,0,8151,0,0,0,6502
2,52,0,0,0,0,0,7392,0,0,0,0,0,0,8151,0,0,0,6502
2,53,0,0,0,0,0,7392,0,0,0,0,0,0,8151,0,0,0,6502
2,54,0,0,0,0,0,7392,0,0,0,0,0,0,8151,0,0,0,6502
2,55,0,0,0,0,0,0,8151,0,0,0,0,6468,0,0,0,0,71029
2,56,0,0,0,0,0,0,8151,0,0,0,0,6468,0,0,0,0,71029
2,57,0,0,0,0,0,0,8151,0,0,0,0,6468,0,0,0,0,71029
2,58,0,0,0,0,0,0,8151,0,0,0,0,6468,0,0,0,0,71029
2,59,0,0,0,0,0,0,8151,0,0,0,0,6468,0,0,0,0,71029
2,60,0,0,0,0,0,0,8151,0,0,0,0,6468,0,0,0,0,71029
2,61,0,0,0,0,0,0,8151,0,0,0,0,6468,0,0,0,0,71029
2,62,0,0,0,0,0,0,8151,0,0,0,0,6468,0,0,0,0,71029
2,63,0,0,0,0,0,0,8151,0,0,0,0,6468,0,0,0,0,71029
2,64,0,0,0,0,0,0,8151,0,0,0,0,0,7392,0,0,0,5912
2,65,0,0,0,0,0,0,8151,0,0,0,0,0,7392,0,0,0,5912
2,66,0,0,0,0,0,0,8151,0,0,0,0,0,7392,0,0,0,5912
2,67,0,0,0,0,0,0,8151,0,0,0,0,0,7392,0,0,0,5912
2,68,0,0,0,0,0,0,8151,0,0,0,0,0,7392,0,0,0,5912
2,69,0,0,0,0,0,0,8151,0,0,0,0,0,7392,0,0,0,5912
2,70,0,0,0,0,0,0,8151,0,0,0,0,0,7392,0,0,0,5912
2,71,0,0,0,0,0,0,8151,0,0,0,0,0,7392,0,0,0,5912
2,72,0,0,0,0,0,0,8151,0,0,0,0,0,7392,0,0,0,5912
2,73,0,0,0,0,0,0,8151,0,0,0,0,0,0,8151,0,0,-1051
2,74,0,0,0,0,0,0,8151,0,0,0,0,0,0,8151,0,0,-1051
2,75,0,0,0,0,0,0,8151,0,0,0,0,0,0,8151,0,0,-1051
2,76,0,0,0,0,0,0,8151,0,0,0,0,0,0,8151,0,0,-1051
2,77,0,0,0,0,0,0,8151,0,0,0,0,0,0,8151,0,0,-1051
2,78,0,0,0,0,0,0,8151,0,0,0,0,0,0,8151,0,0,-1051
2,79,0,0,0,0,0,0,8151,0,0,0,0,0,0,8151,0,0,-1051
2,80,0,0,0,0,0,0,8151,0,0,0,0,0,0,8151,0,0,-1051
2,81,0,0,0,0,0,0,8151,0,0,0,0,0,0,8151,0,0,-1051
3,1,0,0,0,0,6192,0,0,0,0,6192,0,0,0,0,6192,0,-69861
3,2,0,0,0,0,6192,0,0,0,0,6192,0,0,0,0,6192,0,-69861
3,3,0,0,0,0,6192,0,0,0,0,6192,0,0,0,0,6192,0,-69861
3,4,0,0,0,0,6192,0,0,0,0,6192,0,0,0,0,0,7236,-37704
3,5,0,0,0,0,6192,0,0,0,0,6192,0,0,0,0,0,7236,-37704
3,6,0,0,0,0,6192,0,0,0,0,6192,0,0,0,0,0,7236,-37704
3,7,0,0,0,0,6192,0,0,0,0,6192,0,0,0,0,0,0,8605
3,8,0,0,0,0,6192,0,0,0,0,6192,0,0,0,0,0,0,8605
3,9,0,0,0,0,6192,0,0,0,0,6192,0,0,0,0,0,0,8605
3,10,0,0,0,0,6192,0,0,0,0,0,7236,0,0,0,0,6192,-34077
3,11,0,0,0,0,6192,0,0,0,0,0,7236,0,0,0,0,6192,-34077
3,12,0,0,0,0,6192,0,0,0,0,0,7236,0,0,0,0,6192,-34077
3,13,0,0,0,0,6192,0,0,0,0,0,7236,0,0,0,0,0,16077
3,14,0,0,0,0,6192,0,0,0,0,0,7236,0,0,0,0,0,16077
3,15,0,0,0,0,6192,0,0,0,0,0,7236,0,0,0,0,0,16077
3,16,0,0,0,0,6192,0,0,0,0,0,7236,0,0,0,0,0,16077
3,17,0,0,0,0,6192,0,0,0,0,0,7236,0,0,0,0,0,16077
3,18,0,0,0,0,6192,0,0,0,0,0,7236,0,0,0,0,0,16077
3,19,0,0,0,0,6192,0,0,0,0,0,0,8100,0,0,0,0,13783
3,20,0,0,0,0,6192,0,0,0,0,0,0,8100,0,0,0,0,13783
3,21,0,0,0,0,6192,0,0,0,0,0,0,8100,0,0,0,0,13783
3,22,0,0,0,0,6192,0,0,0,0,0,0,8100,0,0,0,0,13783
3,23,0,0,0,0,6192,0,0,0,0,0,0,8100,0,0,0,0,13783
3,24,0,0,0,0,6192,0,0,0,0,0,0,8100,0,0,0,0,13783
3,25,0,0,0,0,6192,0,0,0,0,0,0,8100,0,0,0,0,13783
3,26,0,0,0,0,6192,0,0,0,0,0,0,8100,0,0,0,0,13783
3,27,0,0,0,0,6192,0,0,0,0,0,0,8100,0,0,0,0,13783
3,28,0,0,0,0,0,7236,0,0,0,0,6192,0,0,0,0,6192,-28751
3,29,0,0,0,0,0,7236,0,0,0,0,6192,0,0,0,0,6192,-28751
3,30,0,0,0,0,0,7236,0,0,0,0,6192,0,0,0,0,6192,-28751
3,31,0,0,0,0,0,7236,0,0,0,0,6192,0,0,0,0,0,21403
3,32,0,0,0,0,0,7236,0,0,0,0,6192,0,0,0,0,0,21403
3,33,0,0,0,0,0,7236,0,0,0,0,6192,0,0,0,0,0,21403
3,34,0,0,0,0,0,7236,0,0,0,0,6192,0,0,0,0,0,21403
3,35,0,0,0,0,0,7236,0,0,0,0,6192,0,0,0,0,0,21403
3,36,0,0,0,0,0,7236,0,0,0,0,6192,0,0,0,0,0,21403
3,37,0,0,0,0,0,7236,0,0,0,0,0,7236,0,0,0,0,24760
3,38,0,0,0,0,0,7236,0,0,0,0,0,7236,0,0,0,0,24760
3,39,0,0,0,0,0,7236,0,0,0,0,0,7236,0,0,0,0,24760
3,40,0,0,0,0,0,7236,0,0,0,0,0,7236,0,0,0,0,24760
3,41,0,0,0,0,0,7236,0,0,0,0,0,7236,0,0,0,0,24760
3,42,0,0,0,0,0,7236,0,0,0,0,0,7236,0,0,0,0,24760
3,43,0,0,0,0,0,7236,0,0,0,0,0,7236,0,0,0,0,24760
3,44,0,0,0,0,0,7236,0,0,0,0,0,7236,0,0,0,0,24760
3,45,0,0,0,0,0,7236,0,0,0,0,0,7236,0,0,0,0,24760
3,46,0,0,0,0,0,7236,0,0,0,0,0,0,8100,0,0,0,-39334
3,47,0,0,0,0,0,7236,0,0,0,0,0,0,8100,0,0,0,-39334
3,48,0,0,0,0,0,7236,0,0,0,0,0,0,8100,0,0,0,-39334
3,49,0,0,0,0,0,7236,0,0,0,0,0,0,8100,0,0,0,-39334
3,50,0,0,0,0,0,7236,0,0,0,0,0,0,8100,0,0,0,-39334
3,51,0,0,0,0,0,7236,0,0,0,0,0,0,8100,0,0,0,-39334
3,52,0,0,0,0,0,7236,0,0,0,0,0,0,8100,0,0,0,-39334
3,53,0,0,0,0,0,7236,0,0,0,0,0,0,8100,0,0,0,-39334
3,54,0,0,0,0,0,7236,0,0,0,0,0,0,8100,0,0,0,-39334
3,55,0,0,0,0,0,0,8100,0,0,0,0,6192,0,0,0,0,21391
3,56,0,0,0,0,0,0,8100,0,0,0,0,6192,0,0,0,0,21391
3,57,0,0,0,0,0,0,8100,0,0,0,0,6192,0,0,0,0,21391
3,58,0,0,0,0,0,0,8100,0,0,0,0,6192,0,0,0,0,21391
3,59,0,0,0,0,0,0,8100,0,0,0,0,6192,0,0,0,0,21391
3,60,0,0,0,0,0,0,8100,0,0,0,0,6192,0,0,0,0,21391
3,61,0,0,0,0,0,0,8100,0,0,0,0,6192,0,0,0,0,21391
3,62,0,0,0,0,0,0,8100,0,0,0,0,6192,0,0,0,0,21391
3,63,0,0,0,0,0,0,8100,0,0,0,0,6192,0,0,0,0,21391
3,64,0,0,0,0,0,0,8100,0,0,0,0,0,7236,0,0,0,-37471
3,65,0,0,0,0,0,0,8100,0,0,0,0,0,7236,0,0,0,-37471
3,66,0,0,0,0,0,0,8100,0,0,0,0,0,7236,0,0,0,-37471
3,67,0,0,0,0,0,0,8100,0,0,0,0,0,7236,0,0,0,-37471
3,68,0,0,0,0,0,0,8100,0,0,0,0,0,7236,0,0,0,-37471
3,69,0,0,0,0,0,0,8100,0,0,0,0,0,7236,0,0,0,-37471
3,70,0,0,0,0,0,0,8100,0,0,0,0,0,7236,0,0,0,-37471
3,71,0,0,0,0,0,0,8100,0,0,0,0,0,7236,0,0,0,-37471
3,72,0,0,0,0,0,0,8100,0,0,0,0,0,7236,0,0,0,-37471
3,73,0,0,0,0,0,0,8100,0,0,0,0,0,0,8100,0,0,-40666
3,74,0,0,0,0,0,0,8100,0,0,0,0,0,0,8100,0,0,-40666
3,75,0,0,0,0,0,0,8100,0,0,0,0,0,0,8100,0,0,-40666
3,76,0,0,0,0,0,0,8100,0,0,0,0,0,0,8100,0,0,-40666
3,77,0,0,0,0,0,0,8100,0,0,0,0,0,0,8100,0,0,-40666
3,78,0,0,0,0,0,0,8100,0,0,0,0,0,0,8100,0,0,-40666
3,79,0,0,0,0,0,0,8100,0,0,0,0,0,0,8100,0,0,-40666
3,80,0,0,0,0,0,0,8100,0,0,0,0,0,0,8100,0,0,-40666
3,81,0,0,0,0,0,0,8100,0,0,0,0,0,0,8100,0,0,-40666
4,1,0,0,0,0,5134,0,0,0,0,5134,0,0,0,0,5134,0,-121046
4,2,0,0,0,0,5134,0,0,0,0,5134,0,0,0,0,5134,0,-121046
4,3,0,0,0,0,5134,0,0,0,0,5134,0,0,0,0,5134,0,-121046
4,4,0,0,0,0,5134,0,0,0,0,5134,0,0,0,0,0,6154,-90230
4,5,0,0,0,0,5134,0,0,0,0,5134,0,0,0,0,0,6154,-90230
4,6,0,0,0,0,5134,0,0,0,0,5134,0,0,0,0,0,6154,-90230
4,7,0,0,0,0,5134,0,0,0,0,5134,0,0,0,0,0,0,-45899
4,8,0,0,0,0,5134,0,0,0,0,5134,0,0,0,0,0,0,-45899
4,9,0,0,0,0,5134,0,0,0,0,5134,0,0,0,0,0,0,-45899
4,10,0,0,0,0,5134,0,0,0,0,0,6154,0,0,0,0,5134,-85230
4,11,0,0,0,0,5134,0,0,0,0,0,6154,0,0,0,0,5134,-85230
4,12,0,0,0,0,5134,0,0,0,0,0,6154,0,0,0,0,5134,-85230
4,13,0,0,0,0,5134,0,0,0,0,0,6154,0,0,0,0,0,-36731
4,14,0,0,0,0,5134,0,0,0,0,0,6154,0,0,0,0,0,-36731
4,15,0,0,0,0,5134,0,0,0,0,0,6154,0,0,0,0,0,-36731
4,16,0,0,0,0,5134,0,0,0,0,0,6154,0,0,0,0,0,-36731
4,17,0,0,0,0,5134,0,0,0,0,0,6154,0,0,0,0,0,-36731
4,18,0,0,0,0,5134,0,0,0,0,0,6154,0,0,0,0,0,-36731
4,19,0,0,0,0,5134,0,0,0,0,0,0,6970,0,0,0,0,-38226
4,20,0,0,0,0,5134,0,0,0,0,0,0,6970,0,0,0,0,-38226
4,21,0,0,0,0,5134,0,0,0,0,0,0,6970,0,0,0,0,-38226
4,22,0,0,0,0,5134,0,0,0,0,0,0,6970,0,0,0,0,-38226
4,23,0,0,0,0,5134,0,0,0,0,0,0,6970,0,0,0,0,-38226
4,24,0,0,0,0,5134,0,0,0,0,0,0,6970,0,0,0,0,-38226
4,25,0,0,0,0,5134,0,0,0,0,0,0,6970,0,0,0,0,-38226
4,26,0,0,0,0,5134,0,0,0,0,0,0,6970,0,0,0,0,-38226
4,27,0,0,0,0,5134,0,0,0,0,0,0,6970,0,0,0,0,-38226
4,28,0,0,0,0,0,6154,0,0,0,0,5134,0,0,0,0,5134,-77885
4,29,0,0,0,0,0,6154,0,0,0,0,5134,0,0,0,0,5134,-77885
4,30,0,0,0,0,0,6154,0,0,0,0,5134,0,0,0,0,5134,-77885
4,31,0,0,0,0,0,6154,0,0,0,0,5134,0,0,0,0,0,-29386
4,32,0,0,0,0,0,6154,0,0,0,0,5134,0,0,0,0,0,-29386
4,33,0,0,0,0,0,6154,0,0,0,0,5134,0,0,0,0,0,-29386
4,34,0,0,0,0,0,6154,0,0,0,0,5134,0,0,0,0,0,-29386
4,35,0,0,0,0,0,6154,0,0,0,0,5134,0,0,0,0,0,-29386
4,36,0,0,0,0,0,6154,0,0,0,0,5134,0,0,0,0,0,-29386
4,37,0,0,0,0,0,6154,0,0,0,0,0,6154,0,0,0,0,-24757
4,38,0,0,0,0,0,6154,0,0,0,0,0,6154,0,0,0,0,-24757
4,39,0,0,0,0,0,6154,0,0,0,0,0,6154,0,0,0,0,-24757
4,40,0,0,0,0,0,6154,0,0,0,0,0,6154,0,0,0,0,-24757
4,41,0,0,0,0,0,6154,0,0,0,0,0,6154,0,0,0,0,-24757
4,42,0,0,0,0,0,6154,0,0,0,0,0,6154,0,0,0,0,-24757
4,43,0,0,0,0,0,6154,0,0,0,0,0,6154,0,0,0,0,-24757
4,44,0,0,0,0,0,6154,0,0,0,0,0,6154,0,0,0,0,-24757
4,45,0,0,0,0,0,6154,0,0,0,0,0,6154,0,0,0,0,-24757
4,46,0,0,0,0,0,6154,0,0,0,0,0,0,6970,0,0,0,-75776
4,47,0,0,0,0,0,6154,0,0,0,0,0,0,6970,0,0,0,-75776
4,48,0,0,0,0,0,6154,0,0,0,0,0,0,6970,0,0,0,-75776
4,49,0,0,0,0,0,6154,0,0,0,0,0,0,6970,0,0,0,-75776
4,50,0,0,0,0,0,6154,0,0,0,0,0,0,6970,0,0,0,-75776
4,51,0,0,0,0,0,6154,0,0,0,0,0,0,6970,0,0,0,-75776
4,52,0,0,0,0,0,6154,0,0,0,0,0,0,6970,0,0,0,-75776
4,53,0,0,0,0,0,6154,0,0,0,0,0,0,6970,0,0,0,-75776
4,54,0,0,0,0,0,6154,0,0,0,0,0,0,6970,0,0,0,-75776
4,55,0,0,0,0,0,0,6970,0,0,0,0,5134,0,0,0,0,-26954
4,56,0,0,0,0,0,0,6970,0,0,0,0,5134,0,0,0,0,-26954
4,57,0,0,0,0,0,0,6970,0,0,0,0,5134,0,0,0,0,-26954
4,58,0,0,0,0,0,0,6970,0,0,0,0,5134,0,0,0,0,-26954
4,59,0,0,0,0,0,0,6970,0,0,0,0,5134,0,0,0,0,-26954
4,60,0,0,0,0,0,0,6970,0,0,0,0,5134,0,0,0,0,-26954
4,61,0,0,0,0,0,0,6970,0,0,0,0,5134,0,0,0,0,-26954
4,62,0,0,0,0,0,0,6970,0,0,0,0,5134,0,0,0,0,-26954
4,63,0,0,0,0,0,0,6970,0,0,0,0,5134,0,0,0,0,-26954
4,64,0,0,0,0,0,0,6970,0,0,0,0,0,6154,0,0,0,-72302
4,65,0,0,0,0,0,0,6970,0,0,0,0,0,6154,0,0,0,-72302
4,66,0,0,0,0,0,0,6970,0,0,0,0,0,6154,0,0,0,-72302
4,67,0,0,0,0,0,0,6970,0,0,0,0,0,6154,0,0,0,-72302
4,68,0,0,0,0,0,0,6970,0,0,0,0,0,6154,0,0,0,-72302
4,69,0,0,0,0,0,0,6970,0,0,0,0,0,6154,0,0,0,-72302
4,70,0,0,0,0,0,0,6970,0,0,0,0,0,6154,0,0,0,-72302
4,71,0,0,0,0,0,0,6970,0,0,0,0,0,6154,0,0,0,-72302
4,72,0,0,0,0,0,0,6970,0,0,0,0,0,6154,0,0,0,-72302
4,73,0,0,0,0,0,0,6970,0,0,0,0,0,0,6970,0,0,-72334
4,74,0,0,0,0,0,0,6970,0,0,0,0,0,0,6970,0,0,-72334
4,75,0,0,0,0,0,0,6970,0,0,0,0,0,0,6970,0,0,-72334
4,76,0,0,0,0,0,0,6970,0,0,0,0,0,0,6970,0,0,-72334
4,77,0,0,0,0,0,0,6970,0,0,0,0,0,0,6970,0,0,-72334
4,78,0,0,0,0,0,0,6970,0,0,0,0,0,0,6970,0,0,-72334
4,79,0,0,0,0,0,0,6970,0,0,0,0,0,0,6970,0,0,-72334
4,80,0,0,0,0,0,0,6970,0,0,0,0,0,0,6970,0,0,-72334
4,81,0,0,0,0,0,0,6970,0,0,0,0,0,0,6970,0,0,-72334
5,1,0,0,0,0,6478,0,0,0,0,6478,0,0,0,0,6478,0,-123829
5,2,0,0,0,0,6478,0,0,0,0,6478,0,0,0,0,6478,0,-123829
5,3,0,0,0,0,6478,0,0,0,0,6478,0,0,0,0,6478,0,-123829
5,4,0,0,0,0,6478,0,0,0,0,6478,0,0,0,0,0,7708,-86553
5,5,0,0,0,0,6478,0,0,0,0,6478,0,0,0,0,0,7708,-86553
5,6,0,0,0,0,6478,0,0,0,0,6478,0,0,0,0,0,7708,-86553
5,7,0,0,0,0,6478,0,0,0,0,6478,0,0,0,0,0,0,-33430
5,8,0,0,0,0,6478,0,0,0,0,6478,0,0,0,0,0,0,-33430
5,9,0,0,0,0,6478,0,0,0,0,6478,0,0,0,0,0,0,-33430
5,10,0,0,0,0,6478,0,0,0,0,0,7708,0,0,0,0,6478,-81056
5,11,0,0,0,0,6478,0,0,0,0,0,7708,0,0,0,0,6478,-81056
5,12,0,0,0,0,6478,0,0,0,0,0,7708,0,0,0,0,6478,-81056
5,13,0,0,0,0,6478,0,0,0,0,0,7708,0,0,0,0,0,-22907
5,14,0,0,0,0,6478,0,0,0,0,0,7708,0,0,0,0,0,-22907
5,15,0,0,0,0,6478,0,0,0,0,0,7708,0,0,0,0,0,-22907
5,16,0,0,0,0,6478,0,0,0,0,0,7708,0,0,0,0,0,-22907
5,17,0,0,0,0,6478,0,0,0,0,0,7708,0,0,0,0,0,-22907
5,18,0,0,0,0,6478,0,0,0,0,0,7708,0,0,0,0,0,-22907
5,19,0,0,0,0,6478,0,0,0,0,0,0,8692,0,0,0,0,-25204
5,20,0,0,0,0,6478,0,0,0,0,0,0,8692,0,0,0,0,-25204
5,21,0,0,0,0,6478,0,0,0,0,0,0,8692,0,0,0,0,-25204
5,22,0,0,0,0,6478,0,0,0,0,0,0,8692,0,0,0,0,-25204
5,23,0,0,0,0,6478,0,0,0,0,0,0,8692,0,0,0,0,-25204
5,24,0,0,0,0,6478,0,0,0,0,0,0,8692,0,0,0,0,-25204
5,25,0,0,0,0,6478,0,0,0,0,0,0,8692,0,0,0,0,-25204
5,26,0,0,0,0,6478,0,0,0,0,0,0,8692,0,0,0,0,-25204
5,27,0,0,0,0,6478,0,0,0,0,0,0,8692,0,0,0,0,-25204
5,28,0,0,0,0,0,7708,0,0,0,0,6478,0,0,0,0,6478,-72981
5,29,0,0,0,0,0,7708,0,0,0,0,6478,0,0,0,0,6478,-72981
5,30,0,0,0,0,0,7708,0,0,0,0,6478,0,0,0,0,6478,-72981
5,31,0,0,0,0,0,7708,0,0,0,0,6478,0,0,0,0,0,-14832
5,32,0,0,0,0,0,7708,0,0,0,0,6478,0,0,0,0,0,-14832
5,33,0,0,0,0,0,7708,0,0,0,0,6478,0,0,0,0,0,-14832
5,34,0,0,0,0,0,7708,0,0,0,0,6478,0,0,0,0,0,-14832
5,35,0,0,0,0,0,7708,0,0,0,0,6478,0,0,0,0,0,-14832
5,36,0,0,0,0,0,7708,0,0,0,0,6478,0,0,0,0,0,-14832
5,37,0,0,0,0,0,7708,0,0,0,0,0,7708,0,0,0,0,-9743
5,38,0,0,0,0,0,7708,0,0,0,0,0,7708,0,0,0,0,-9743
5,39,0,0,0,0,0,7708,0,0,0,0,0,7708,0,0,0,0,-9743
5,40,0,0,0,0,0,7708,0,0,0,0,0,7708,0,0,0,0,-9743
5,41,0,0,0,0,0,7708,0,0,0,0,0,7708,0,0,0,0,-9743
5,42,0,0,0,0,0,7708,0,0,0,0,0,7708,0,0,0,0,-9743
5,43,0,0,0,0,0,7708,0,0,0,0,0,7708,0,0,0,0,-9743
5,44,0,0,0,0,0,7708,0,0,0,0,0,7708,0,0,0,0,-9743
5,45,0,0,0,0,0,7708,0,0,0,0,0,7708,0,0,0,0,-9743
5,46,0,0,0,0,0,7708,0,0,0,0,0,0,8692,0,0,0,-75070
5,47,0,0,0,0,0,7708,0,0,0,0,0,0,8692,0,0,0,-75070
5,48,0,0,0,0,0,7708,0,0,0,0,0,0,8692,0,0,0,-75070
5,49,0,0,0,0,0,7708,0,0,0,0,0,0,8692,0,0,0,-75070
5,50,0,0,0,0,0,7708,0,0,0,0,0,0,8692,0,0,0,-75070
5,51,0,0,0,0,0,7708,0,0,0,0,0,0,8692,0,0,0,-75070
5,52,0,0,0,0,0,7708,0,0,0,0,0,0,8692,0,0,0,-75070
5,53,0,0,0,0,0,7708,0,0,0,0,0,0,8692,0,0,0,-75070
5,54,0,0,0,0,0,7708,0,0,0,0,0,0,8692,0,0,0,-75070
5,55,0,0,0,0,0,0,8692,0,0,0,0,6478,0,0,0,0,-13117
5,56,0,0,0,0,0,0,8692,0,0,0,0,6478,0,0,0,0,-13117
5,57,0,0,0,0,0,0,8692,0,0,0,0,6478,0,0,0,0,-13117
5,58,0,0,0,0,0,0,8692,0,0,0,0,6478,0,0,0,0,-13117
5,59,0,0,0,0,0,0,8692,0,0,0,0,6478,0,0,0,0,-13117
5,60,0,0,0,0,0,0,8692,0,0,0,0,6478,0,0,0,0,-13117
5,61,0,0,0,0,0,0,8692,0,0,0,0,6478,0,0,0,0,-13117
5,62,0,0,0,0,0,0,8692,0,0,0,0,6478,0,0,0,0,-13117
5,63,0,0,0,0,0,0,8692,0,0,0,0,6478,0,0,0,0,-13117
5,64,0,0,0,0,0,0,8692,0,0,0,0,0,7708,0,0,0,-71606
5,65,0,0,0,0,0,0,8692,0,0,0,0,0,7708,0,0,0,-71606
5,66,0,0,0,0,0,0,8692,0,0,0,0,0,7708,0,0,0,-71606
5,67,0,0,0,0,0,0,8692,0,0,0,0,0,7708,0,0,0,-71606
5,68,0,0,0,0,0,0,8692,0,0,0,0,0,7708,0,0,0,-71606
5,69,0,0,0,0,0,0,8692,0,0,0,0,0,7708,0,0,0,-71606
5,70,0,0,0,0,0,0,8692,0,0,0,0,0,7708,0,0,0,-71606
5,71,0,0,0,0,0,0,8692,0,0,0,0,0,7708,0,0,0,-71606
5,72,0,0,0,0,0,0,8692,0,0,0,0,0,7708,0,0,0,-71606
5,73,0,0,0,0,0,0,8692,0,0,0,0,0,0,8692,0,0,-72904
5,74,0,0,0,0,0,0,8692,0,0,0,0,0,0,8692,0,0,-72904
5,75,0,0,0,0,0,0,8692,0,0,0,0,0,0,8692,0,0,-72904
5,76,0,0,0,0,0,0,8692,0,0,0,0,0,0,8692,0,0,-72904
5,77,0,0,0,0,0,0,8692,0,0,0,0,0,0,8692,0,0,-72904
5,78,0,0,0,0,0,0,8692,0,0,0,0,0,0,8692,0,0,-72904
5,79,0,0,0,0,0,0,8692,0,0,0,0,0,0,8692,0,0,-72904
5,80,0,0,0,0,0,0,8692,0,0,0,0,0,0,8692,0,0,-72904
5,81,0,0,0,0,0,0,8692,0,0,0,0,0,0,8692,0,0,-72904
6,1,0,0,0,0,3926,0,0,0,0,3926,0,0,0,0,3926,0,-92564
6,2,0,0,0,0,3926,0,0,0,0,3926,0,0,0,0,3926,0,-92564
6,3,0,0,0,0,3926,0,0,0,0,3926,0,0,0,0,3926,0,-92564
6,4,0,0,0,0,3926,0,0,0,0,3926,0,0,0,0,0,4706,-68999
6,5,0,0,0,0,3926,0,0,0,0,3926,0,0,0,0,0,4706,-68999
6,6,0,0,0,0,3926,0,0,0,0,3926,0,0,0,0,0,4706,-68999
6,7,0,0,0,0,3926,0,0,0,0,3926,0,0,0,0,0,0,-35099
6,8,0,0,0,0,3926,0,0,0,0,3926,0,0,0,0,0,0,-35099
6,9,0,0,0,0,3926,0,0,0,0,3926,0,0,0,0,0,0,-35099
6,10,0,0,0,0,3926,0,0,0,0,0,4706,0,0,0,0,3926,-65176
6,11,0,0,0,0,3926,0,0,0,0,0,4706,0,0,0,0,3926,-65176
6,12,0,0,0,0,3926,0,0,0,0,0,4706,0,0,0,0,3926,-65176
6,13,0,0,0,0,3926,0,0,0,0,0,4706,0,0,0,0,0,-28089
6,14,0,0,0,0,3926,0,0,0,0,0,4706,0,0,0,0,0,-28089
6,15,0,0,0,0,3926,0,0,0,0,0,4706,0,0,0,0,0,-28089
6,16,0,0,0,0,3926,0,0,0,0,0,4706,0,0,0,0,0,-28089
6,17,0,0,0,0,3926,0,0,0,0,0,4706,0,0,0,0,0,-28089
6,18,0,0,0,0,3926,0,0,0,0,0,4706,0,0,0,0,0,-28089
6,19,0,0,0,0,3926,0,0,0,0,0,0,5330,0,0,0,0,-29232
6,20,0,0,0,0,3926,0,0,0,0,0,0,5330,0,0,0,0,-29232
6,21,0,0,0,0,3926,0,0,0,0,0,0,5330,0,0,0,0,-29232
6,22,0,0,0,0,3926,0,0,0,0,0,0,5330,0,0,0,0,-29232
6,23,0,0,0,0,3926,0,0,0,0,0,0,5330,0,0,0,0,-29232
6,24,0,0,0,0,3926,0,0,0,0,0,0,5330,0,0,0,0,-29232
6,25,0,0,0,0,3926,0,0,0,0,0,0,5330,0,0,0,0,-29232
6,26,0,0,0,0,3926,0,0,0,0,0,0,5330,0,0,0,0,-29232
6,27,0,0,0,0,3926,0,0,0,0,0,0,5330,0,0,0,0,-29232
6,28,0,0,0,0,0,4706,0,0,0,0,3926,0,0,0,0,3926,-59559
6,29,0,0,0,0,0,4706,0,0,0,0,3926,0,0,0,0,3926,-59559
6,30,0,0,0,0,0,4706,0,0,0,0,3926,0,0,0,0,3926,-59559
6,31,0,0,0,0,0,4706,0,0,0,0,3926,0,0,0,0,0,-22472
6,32,0,0,0,0,0,4706,0,0,0,0,3926,0,0,0,0,0,-22472
6,33,0,0,0,0,0,4706,0,0,0,0,3926,0,0,0,0,0,-22472
6,34,0,0,0,0,0,4706,0,0,0,0,3926,0,0,0,0,0,-22472
6,35,0,0,0,0,0,4706,0,0,0,0,3926,0,0,0,0,0,-22472
6,36,0,0,0,0,0,4706,0,0,0,0,3926,0,0,0,0,0,-22472
6,37,0,0,0,0,0,4706,0,0,0,0,0,4706,0,0,0,0,-18932
6,38,0,0,0,0,0,4706,0,0,0,0,0,4706,0,0,0,0,-18932
6,39,0,0,0,0,0,4706,0,0,0,0,0,4706,0,0,0,0,-18932
6,40,0,0,0,0,0,4706,0,0,0,0,0,4706,0,0,0,0,-18932
6,41,0,0,0,0,0,4706,0,0,0,0,0,4706,0,0,0,0,-18932
6,42,0,0,0,0,0,4706,0,0,0,0,0,4706,0,0,0,0,-18932
6,43,0,0,0,0,0,4706,0,0,0,0,0,4706,0,0,0,0,-18932
6,44,0,0,0,0,0,4706,0,0,0,0,0,4706,0,0,0,0,-18932
6,45,0,0,0,0,0,4706,0,0,0,0,0,4706,0,0,0,0,-18932
6,46,0,0,0,0,0,4706,0,0,0,0,0,0,5330,0,0,0,-57946
6,47,0,0,0,0,0,4706,0,0,0,0,0,0,5330,0,0,0,-57946
6,48,0,0,0,0,0,4706,0,0,0,0,0,0,5330,0,0,0,-57946
6,49,0,0,0,0,0,4706,0,0,0,0,0,0,5330,0,0,0,-57946
6,50,0,0,0,0,0,4706,0,0,0,0,0,0,5330,0,0,0,-57946
6,51,0,0,0,0,0,4706,0,0,0,0,0,0,5330,0,0,0,-57946
6,52,0,0,0,0,0,4706,0,0,0,0,0,0,5330,0,0,0,-57946
6,53,0,0,0,0,0,4706,0,0,0,0,0,0,5330,0,0,0,-57946
6,54,0,0,0,0,0,4706,0,0,0,0,0,0,5330,0,0,0,-57946
6,55,0,0,0,0,0,0,5330,0,0,0,0,3926,0,0,0,0,-20614
6,56,0,0,0,0,0,0,5330,0,0,0,0,3926,0,0,0,0,-20614
6,57,0,0,0,0,0,0,5330,0,0,0,0,3926,0,0,0,0,-20614
6,58,0,0,0,0,0,0,5330,0,0,0,0,3926,0,0,0,0,-20614
6,59,0,0,0,0,0,0,5330,0,0,0,0,3926,0,0,0,0,-20614
6,60,0,0,0,0,0,0,5330,0,0,0,0,3926,0,0,0,0,-20614
6,61,0,0,0,0,0,0,5330,0,0,0,0,3926,0,0,0,0,-20614
6,62,0,0,0,0,0,0,5330,0,0,0,0,3926,0,0,0,0,-20614
6,63,0,0,0,0,0,0,5330,0,0,0,0,3926,0,0,0,0,-20614
6,64,0,0,0,0,0,0,5330,0,0,0,0,0,4706,0,0,0,-55291
6,65,0,0,0,0,0,0,5330,0,0,0,0,0,4706,0,0,0,-55291
6,66,0,0,0,0,0,0,5330,0,0,0,0,0,4706,0,0,0,-55291
6,67,0,0,0,0,0,0,5330,0,0,0,0,0,4706,0,0,0,-55291
6,68,0,0,0,0,0,0,5330,0,0,0,0,0,4706,0,0,0,-55291
6,69,0,0,0,0,0,0,5330,0,0,0,0,0,4706,0,0,0,-55291
6,70,0,0,0,0,0,0,5330,0,0,0,0,0,4706,0,0,0,-55291
6,71,0,0,0,0,0,0,5330,0,0,0,0,0,4706,0,0,0,-55291
6,72,0,0,0,0,0,0,5330,0,0,0,0,0,4706,0,0,0,-55291
6,73,0,0,0,0,0,0,5330,0,0,0,0,0,0,5330,0,0,-55317
6,74,0,0,0,0,0,0,5330,0,0,0,0,0,0,5330,0,0,-55317
6,75,0,0,0,0,0,0,5330,0,0,0,0,0,0,5330,0,0,-55317
6,76,0,0,0,0,0,0,5330,0,0,0,0,0,0,5330,0,0,-55317
6,77,0,0,0,0,0,0,5330,0,0,0,0,0,0,5330,0,0,-55317
6,78,0,0,0,0,0,0,5330,0,0,0,0,0,0,5330,0,0,-55317
6,79,0,0,0,0,0,0,5330,0,0,0,0,0,0,5330,0,0,-55317
6,80,0,0,0,0,0,0,5330,0,0,0,0,0,0,5330,0,0,-55317
6,81,0,0,0,0,0,0,5330,0,0,0,0,0,0,5330,0,0,-55317
7,1,0,0,0,0,4644,0,0,0,0,4644,0,0,0,0,4644,0,-52396
7,2,0,0,0,0,4644,0,0,0,0,4644,0,0,0,0,4644,0,-52396
7,3,0,0,0,0,4644,0,0,0,0,4644,0,0,0,0,4644,0,-52396
7,4,0,0,0,0,4644,0,0,0,0,4644,0,0,0,0,0,5427,-28277
7,5,0,0,0,0,4644,0,0,0,0,4644,0,0,0,0,0,5427,-28277
7,6,0,0,0,0,4644,0,0,0,0,4644,0,0,0,0,0,5427,-28277
7,7,0,0,0,0,4644,0,0,0,0,4644,0,0,0,0,0,0,6454
7,8,0,0,0,0,4644,0,0,0,0,4644,0,0,0,0,0,0,6454
7,9,0,0,0,0,4644,0,0,0,0,4644,0,0,0,0,0,0,6454
7,10,0,0,0,0,4644,0,0,0,0,0,5427,0,0,0,0,4644,-25558
7,11,0,0,0,0,4644,0,0,0,0,0,5427,0,0,0,0,4644,-25558
7,12,0,0,0,0,4644,0,0,0,0,0,5427,0,0,0,0,4644,-25558
7,13,0,0,0,0,4644,0,0,0,0,0,5427,0,0,0,0,0,12058
7,14,0,0,0,0,4644,0,0,0,0,0,5427,0,0,0,0,0,12058
7,15,0,0,0,0,4644,0,0,0,0,0,5427,0,0,0,0,0,12058
7,16,0,0,0,0,4644,0,0,0,0,0,5427,0,0,0,0,0,12058
7,17,0,0,0,0,4644,0,0,0,0,0,5427,0,0,0,0,0,12058
7,18,0,0,0,0,4644,0,0,0,0,0,5427,0,0,0,0,0,12058
7,19,0,0,0,0,4644,0,0,0,0,0,0,6075,0,0,0,0,10339
7,20,0,0,0,0,4644,0,0,0,0,0,0,6075,0,0,0,0,10339
7,21,0,0,0,0,4644,0,0,0,0,0,0,6075,0,0,0,0,10339
7,22,0,0,0,0,4644,0,0,0,0,0,0,6075,0,0,0,0,10339
7,23,0,0,0,0,4644,0,0,0,0,0,0,6075,0,0,0,0,10339
7,24,0,0,0,0,4644,0,0,0,0,0,0,6075,0,0,0,0,10339
7,25,0,0,0,0,4644,0,0,0,0,0,0,6075,0,0,0,0,10339
7,26,0,0,0,0,4644,0,0,0,0,0,0,6075,0,0,0,0,10339
7,27,0,0,0,0,4644,0,0,0,0,0,0,6075,0,0,0,0,10339
7,28,0,0,0,0,0,5427,0,0,0,0,4644,0,0,0,0,4644,-21562
7,29,0,0,0,0,0,5427,0,0,0,0,4644,0,0,0,0,4644,-21562
7,30,0,0,0,0,0,5427,0,0,0,0,4644,0,0,0,0,4644,-21562
7,31,0,0,0,0,0,5427,0,0,0,0,4644,0,0,0,0,0,16054
7,32,0,0,0,0,0,5427,0,0,0,0,4644,0,0,0,0,0,16054
7,33,0,0,0,0,0,5427,0,0,0,0,4644,0,0,0,0,0,16054
7,34,0,0,0,0,0,5427,0,0,0,0,4644,0,0,0,0,0,16054
7,35,0,0,0,0,0,5427,0,0,0,0,4644,0,0,0,0,0,16054
7,36,0,0,0,0,0,5427,0,0,0,0,4644,0,0,0,0,0,16054
7,37,0,0,0,0,0,5427,0,0,0,0,0,5427,0,0,0,0,18573
7,38,0,0,0,0,0,5427,0,0,0,0,0,5427,0,0,0,0,18573
7,39,0,0,0,0,0,5427,0,0,0,0,0,5427,0,0,0,0,18573
7,40,0,0,0,0,0,5427,0,0,0,0,0,5427,0,0,0,0,18573
7,41,0,0,0,0,0,5427,0,0,0,0,0,5427,0,0,0,0,18573
7,42,0,0,0,0,0,5427,0,0,0,0,0,5427,0,0,0,0,18573
7,43,0,0,0,0,0,5427,0,0,0,0,0,5427,0,0,0,0,18573
7,44,0,0,0,0,0,5427,0,0,0,0,0,5427,0,0,0,0,18573
7,45,0,0,0,0,0,5427,0,0,0,0,0,5427,0,0,0,0,18573
7,46,0,0,0,0,0,5427,0,0,0,0,0,0,6075,0,0,0,-29497
7,47,0,0,0,0,0,5427,0,0,0,0,0,0,6075,0,0,0,-29497
7,48,0,0,0,0,0,5427,0,0,0,0,0,0,6075,0,0,0,-29497
7,49,0,0,0,0,0,5427,0,0,0,0,0,0,6075,0,0,0,-29497
7,50,0,0,0,0,0,5427,0,0,0,0,0,0,6075,0,0,0,-29497
7,51,0,0,0,0,0,5427,0,0,0,0,0,0,6075,0,0,0,-29497
7,52,0,0,0,0,0,5427,0,0,0,0,0,0,6075,0,0,0,-29497
7,53,0,0,0,0,0,5427,0,0,0,0,0,0,6075,0,0,0,-29497
7,54,0,0,0,0,0,5427,0,0,0,0,0,0,6075,0,0,0,-29497
7,55,0,0,0,0,0,0,6075,0,0,0,0,4644,0,0,0,0,16045
7,56,0,0,0,0,0,0,6075,0,0,0,0,4644,0,0,0,0,16045
7,57,0,0,0,0,0,0,6075,0,0,0,0,4644,0,0,0,0,16045
7,58,0,0,0,0,0,0,6075,0,0,0,0,4644,0,0,0,0,16045
7,59,0,0,0,0,0,0,6075,0,0,0,0,4644,0,0,0,0,16045
7,60,0,0,0,0,0,0,6075,0,0,0,0,4644,0,0,0,0,16045
7,61,0,0,0,0,0,0,6075,0,0,0,0,4644,0,0,0,0,16045
7,62,0,0,0,0,0,0,6075,0,0,0,0,4644,0,0,0,0,16045
7,63,0,0,0,0,0,0,6075,0,0,0,0,4644,0,0,0,0,16045
7,64,0,0,0,0,0,0,6075,0,0,0,0,0,5427,0,0,0,-28101
7,65,0,0,0,0,0,0,6075,0,0,0,0,0,5427,0,0,0,-28101
7,66,0,0,0,0,0,0,6075,0,0,0,0,0,5427,0,0,0,-28101
7,67,0,0,0,0,0,0,6075,0,0,0,0,0,5427,0,0,0,-28101
7,68,0,0,0,0,0,0,6075,0,0,0,0,0,5427,0,0,0,-28101
7,69,0,0,0,0,0,0,6075,0,0,0,0,0,5427,0,0,0,-28101
7,70,0,0,0,0,0,0,6075,0,0,0,0,0,5427,0,0,0,-28101
7,71,0,0,0,0,0,0,6075,0,0,0,0,0,5427,0,0,0,-28101
7,72,0,0,0,0,0,0,6075,0,0,0,0,0,5427,0,0,0,-28101
7,73,0,0,0,0,0,0,6075,0,0,0,0,0,0,6075,0,0,-30498
7,74,0,0,0,0,0,0,6075,0,0,0,0,0,0,6075,0,0,-30498
7,75,0,0,0,0,0,0,6075,0,0,0,0,0,0,6075,0,0,-30498
7,76,0,0,0,0,0,0,6075,0,0,0,0,0,0,6075,0,0,-30498
7,77,0,0,0,0,0,0,6075,0,0,0,0,0,0,6075,0,0,-30498
7,78,0,0,0,0,0,0,6075,0,0,0,0,0,0,6075,0,0,-30498
7,79,0,0,0,0,0,0,6075,0,0,0,0,0,0,6075,0,0,-30498
7,80,0,0,0,0,0,0,6075,0,0,0,0,0,0,6075,0,0,-30498
7,81,0,0,0,0,0,0,6075,0,0,0,0,0,0,6075,0,0,-30498
8,1,0,0,0,0,4077,0,0,0,0,4077,0,0,0,0,4077,0,-96122
8,2,0,0,0,0,4077,0,0,0,0,4077,0,0,0,0,4077,0,-96122
8,3,0,0,0,0,4077,0,0,0,0,4077,0,0,0,0,4077,0,-96122
8,4,0,0,0,0,4077,0,0,0,0,4077,0,0,0,0,0,4887,-71651
8,5,0,0,0,0,4077,0,0,0,0,4077,0,0,0,0,0,4887,-71651
8,6,0,0,0,0,4077,0,0,0,0,4077,0,0,0,0,0,4887,-71651
8,7,0,0,0,0,4077,0,0,0,0,4077,0,0,0,0,0,0,-36447
8,8,0,0,0,0,4077,0,0,0,0,4077,0,0,0,0,0,0,-36447
8,9,0,0,0,0,4077,0,0,0,0,4077,0,0,0,0,0,0,-36447
8,10,0,0,0,0,4077,0,0,0,0,0,4887,0,0,0,0,4077,-67682
8,11,0,0,0,0,4077,0,0,0,0,0,4887,0,0,0,0,4077,-67682
8,12,0,0,0,0,4077,0,0,0,0,0,4887,0,0,0,0,4077,-67682
8,13,0,0,0,0,4077,0,0,0,0,0,4887,0,0,0,0,0,-29168
8,14,0,0,0,0,4077,0,0,0,0,0,4887,0,0,0,0,0,-29168
8,15,0,0,0,0,4077,0,0,0,0,0,4887,0,0,0,0,0,-29168
8,16,0,0,0,0,4077,0,0,0,0,0,4887,0,0,0,0,0,-29168
8,17,0,0,0,0,4077,0,0,0,0,0,4887,0,0,0,0,0,-29168
8,18,0,0,0,0,4077,0,0,0,0,0,4887,0,0,0,0,0,-29168
8,19,0,0,0,0,4077,0,0,0,0,0,0,5535,0,0,0,0,-30355
8,20,0,0,0,0,4077,0,0,0,0,0,0,5535,0,0,0,0,-30355
8,21,0,0,0,0,4077,0,0,0,0,0,0,5535,0,0,0,0,-30355
8,22,0,0,0,0,4077,0,0,0,0,0,0,5535,0,0,0,0,-30355
8,23,0,0,0,0,4077,0,0,0,0,0,0,5535,0,0,0,0,-30355
8,24,0,0,0,0,4077,0,0,0,0,0,0,5535,0,0,0,0,-30355
8,25,0,0,0,0,4077,0,0,0,0,0,0,5535,0,0,0,0,-30355
8,26,0,0,0,0,4077,0,0,0,0,0,0,5535,0,0,0,0,-30355
8,27,0,0,0,0,4077,0,0,0,0,0,0,5535,0,0,0,0,-30355
8,28,0,0,0,0,0,4887,0,0,0,0,4077,0,0,0,0,4077,-61849
8,29,0,0,0,0,0,4887,0,0,0,0,4077,0,0,0,0,4077,-61849
8,30,0,0,0,0,0,4887,0,0,0,0,4077,0,0,0,0,4077,-61849
8,31,0,0,0,0,0,4887,0,0,0,0,4077,0,0,0,0,0,-23335
8,32,0,0,0,0,0,4887,0,0,0,0,4077,0,0,0,0,0,-23335
8,33,0,0,0,0,0,4887,0,0,0,0,4077,0,0,0,0,0,-23335
8,34,0,0,0,0,0,4887,0,0,0,0,4077,0,0,0,0,0,-23335
8,35,0,0,0,0,0,4887,0,0,0,0,4077,0,0,0,0,0,-23335
8,36,0,0,0,0,0,4887,0,0,0,0,4077,0,0,0,0,0,-23335
8,37,0,0,0,0,0,4887,0,0,0,0,0,4887,0,0,0,0,-19659
8,38,0,0,0,0,0,4887,0,0,0,0,0,4887,0,0,0,0,-19659
8,39,0,0,0,0,0,4887,0,0,0,0,0,4887,0,0,0,0,-19659
8,40,0,0,0,0,0,4887,0,0,0,0,0,4887,0,0,0,0,-19659
8,41,0,0,0,0,0,4887,0,0,0,0,0,4887,0,0,0,0,-19659
8,42,0,0,0,0,0,4887,0,0,0,0,0,4887,0,0,0,0,-19659
8,43,0,0,0,0,0,4887,0,0,0,0,0,4887,0,0,0,0,-19659
8,44,0,0,0,0,0,4887,0,0,0,0,0,4887,0,0,0,0,-19659
8,45,0,0,0,0,0,4887,0,0,0,0,0,4887,0,0,0,0,-19659
8,46,0,0,0,0,0,4887,0,0,0,0,0,0,5535,0,0,0,-60172
8,47,0,0,0,0,0,4887,0,0,0,0,0,0,5535,0,0,0,-60172
8,48,0,0,0,0,0,4887,0,0,0,0,0,0,5535,0,0,0,-60172
8,49,0,0,0,0,0,4887,0,0,0,0,0,0,5535,0,0,0,-60172
8,50,0,0,0,0,0,4887,0,0,0,0,0,0,5535,0,0,0,-60172
8,51,0,0,0,0,0,4887,0,0,0,0,0,0,5535,0,0,0,-60172
8,52,0,0,0,0,0,4887,0,0,0,0,0,0,5535,0,0,0,-60172
8,53,0,0,0,0,0,4887,0,0,0,0,0,0,5535,0,0,0,-60172
8,54,0,0,0,0,0,4887,0,0,0,0,0,0,5535,0,0,0,-60172
8,55,0,0,0,0,0,0,5535,0,0,0,0,4077,0,0,0,0,-21405
8,56,0,0,0,0,0,0,5535,0,0,0,0,4077,0,0,0,0,-21405
8,57,0,0,0,0,0,0,5535,0,0,0,0,4077,0,0,0,0,-21405
8,58,0,0,0,0,0,0,5535,0,0,0,0,4077,0,0,0,0,-21405
8,59,0,0,0,0,0,0,5535,0,0,0,0,4077,0,0,0,0,-21405
8,60,0,0,0,0,0,0,5535,0,0,0,0,4077,0,0,0,0,-21405
8,61,0,0,0,0,0,0,5535,0,0,0,0,4077,0,0,0,0,-21405
8,62,0,0,0,0,0,0,5535,0,0,0,0,4077,0,0,0,0,-21405
8,63,0,0,0,0,0,0,5535,0,0,0,0,4077,0,0,0,0,-21405
8,64,0,0,0,0,0,0,5535,0,0,0,0,0,4887,0,0,0,-57414
8,65,0,0,0,0,0,0,5535,0,0,0,0,0,4887,0,0,0,-57414
8,66,0,0,0,0,0,0,5535,0,0,0,0,0,4887,0,0,0,-57414
8,67,0,0,0,0,0,0,5535,0,0,0,0,0,4887,0,0,0,-57414
8,68,0,0,0,0,0,0,5535,0,0,0,0,0,4887,0,0,0,-57414
8,69,0,0,0,0,0,0,5535,0,0,0,0,0,4887,0,0,0,-57414
8,70,0,0,0,0,0,0,5535,0,0,0,0,0,4887,0,0,0,-57414
8,71,0,0,0,0,0,0,5535,0,0,0,0,0,4887,0,0,0,-57414
8,72,0,0,0,0,0,0,5535,0,0,0,0,0,4887,0,0,0,-57414
8,73,0,0,0,0,0,0,5535,0,0,0,0,0,0,5535,0,0,-57440
8,74,0,0,0,0,0,0,5535,0,0,0,0,0,0,5535,0,0,-57440
8,75,0,0,0,0,0,0,5535,0,0,0,0,0,0,5535,0,0,-57440
8,76,0,0,0,0,0,0,5535,0,0,0,0,0,0,5535,0,0,-57440
8,77,0,0,0,0,0,0,5535,0,0,0,0,0,0,5535,0,0,-57440
8,78,0,0,0,0,0,0,5535,0,0,0,0,0,0,5535,0,0,-57440
8,79,0,0,0,0,0,0,5535,0,0,0,0,0,0,5535,0,0,-57440
8,80,0,0,0,0,0,0,5535,0,0,0,0,0,0,5535,0,0,-57440
8,81,0,0,0,0,0,0,5535,0,0,0,0,0,0,5535,0,0,-57440
9,1,0,0,0,0,3920,0,0,0,0,3920,0,0,0,0,3920,0,-1929
9,2,0,0,0,0,3920,0,0,0,0,3920,0,0,0,0,3920,0,-1929
9,3,0,0,0,0,3920,0,0,0,0,3920,0,0,0,0,3920,0,-1929
9,4,0,0,0,0,3920,0,0,0,0,3920,0,0,0,0,0,4480,15776
9,5,0,0,0,0,3920,0,0,0,0,3920,0,0,0,0,0,4480,15776
9,6,0,0,0,0,3920,0,0,0,0,3920,0,0,0,0,0,4480,15776
9,7,0,0,0,0,3920,0,0,0,0,3920,0,0,0,0,0,0,40850
9,8,0,0,0,0,3920,0,0,0,0,3920,0,0,0,0,0,0,40850
9,9,0,0,0,0,3920,0,0,0,0,3920,0,0,0,0,0,0,40850
9,10,0,0,0,0,3920,0,0,0,0,0,4480,0,0,0,0,3920,16754
9,11,0,0,0,0,3920,0,0,0,0,0,4480,0,0,0,0,3920,16754
9,12,0,0,0,0,3920,0,0,0,0,0,4480,0,0,0,0,3920,16754
9,13,0,0,0,0,3920,0,0,0,0,0,4480,0,0,0,0,0,43941
9,14,0,0,0,0,3920,0,0,0,0,0,4480,0,0,0,0,0,43941
9,15,0,0,0,0,3920,0,0,0,0,0,4480,0,0,0,0,0,43941
9,16,0,0,0,0,3920,0,0,0,0,0,4480,0,0,0,0,0,43941
9,17,0,0,0,0,3920,0,0,0,0,0,4480,0,0,0,0,0,43941
9,18,0,0,0,0,3920,0,0,0,0,0,4480,0,0,0,0,0,43941
9,19,0,0,0,0,3920,0,0,0,0,0,0,4940,0,0,0,0,41740
9,20,0,0,0,0,3920,0,0,0,0,0,0,4940,0,0,0,0,41740
9,21,0,0,0,0,3920,0,0,0,0,0,0,4940,0,0,0,0,41740
9,22,0,0,0,0,3920,0,0,0,0,0,0,4940,0,0,0,0,41740
9,23,0,0,0,0,3920,0,0,0,0,0,0,4940,0,0,0,0,41740
9,24,0,0,0,0,3920,0,0,0,0,0,0,4940,0,0,0,0,41740
9,25,0,0,0,0,3920,0,0,0,0,0,0,4940,0,0,0,0,41740
9,26,0,0,0,0,3920,0,0,0,0,0,0,4940,0,0,0,0,41740
9,27,0,0,0,0,3920,0,0,0,0,0,0,4940,0,0,0,0,41740
9,28,0,0,0,0,0,4480,0,0,0,0,3920,0,0,0,0,3920,18189
9,29,0,0,0,0,0,4480,0,0,0,0,3920,0,0,0,0,3920,18189
9,30,0,0,0,0,0,4480,0,0,0,0,3920,0,0,0,0,3920,18189
9,31,0,0,0,0,0,4480,0,0,0,0,3920,0,0,0,0,0,45376
9,32,0,0,0,0,0,4480,0,0,0,0,3920,0,0,0,0,0,45376
9,33,0,0,0,0,0,4480,0,0,0,0,3920,0,0,0,0,0,45376
9,34,0,0,0,0,0,4480,0,0,0,0,3920,0,0,0,0,0,45376
9,35,0,0,0,0,0,4480,0,0,0,0,3920,0,0,0,0,0,45376
9,36,0,0,0,0,0,4480,0,0,0,0,3920,0,0,0,0,0,45376
9,37,0,0,0,0,0,4480,0,0,0,0,0,4480,0,0,0,0,46280
9,38,0,0,0,0,0,4480,0,0,0,0,0,4480,0,0,0,0,46280
9,39,0,0,0,0,0,4480,0,0,0,0,0,4480,0,0,0,0,46280
9,40,0,0,0,0,0,4480,0,0,0,0,0,4480,0,0,0,0,46280
9,41,0,0,0,0,0,4480,0,0,0,0,0,4480,0,0,0,0,46280
9,42,0,0,0,0,0,4480,0,0,0,0,0,4480,0,0,0,0,46280
9,43,0,0,0,0,0,4480,0,0,0,0,0,4480,0,0,0,0,46280
9,44,0,0,0,0,0,4480,0,0,0,0,0,4480,0,0,0,0,46280
9,45,0,0,0,0,0,4480,0,0,0,0,0,4480,0,0,0,0,46280
9,46,0,0,0,0,0,4480,0,0,0,0,0,0,4940,0,0,0,3939
9,47,0,0,0,0,0,4480,0,0,0,0,0,0,4940,0,0,0,3939
9,48,0,0,0,0,0,4480,0,0,0,0,0,0,4940,0,0,0,3939
9,49,0,0,0,0,0,4480,0,0,0,0,0,0,4940,0,0,0,3939
9,50,0,0,0,0,0,4480,0,0,0,0,0,0,4940,0,0,0,3939
9,51,0,0,0,0,0,4480,0,0,0,0,0,0,4940,0,0,0,3939
9,52,0,0,0,0,0,4480,0,0,0,0,0,0,4940,0,0,0,3939
9,53,0,0,0,0,0,4480,0,0,0,0,0,0,4940,0,0,0,3939
9,54,0,0,0,0,0,4480,0,0,0,0,0,0,4940,0,0,0,3939
9,55,0,0,0,0,0,0,4940,0,0,0,0,3920,0,0,0,0,43048
9,56,0,0,0,0,0,0,4940,0,0,0,0,3920,0,0,0,0,43048
9,57,0,0,0,0,0,0,4940,0,0,0,0,3920,0,0,0,0,43048
9,58,0,0,0,0,0,0,4940,0,0,0,0,3920,0,0,0,0,43048
9,59,0,0,0,0,0,0,4940,0,0,0,0,3920,0,0,0,0,43048
9,60,0,0,0,0,0,0,4940,0,0,0,0,3920,0,0,0,0,43048
9,61,0,0,0,0,0,0,4940,0,0,0,0,3920,0,0,0,0,43048
9,62,0,0,0,0,0,0,4940,0,0,0,0,3920,0,0,0,0,43048
9,63,0,0,0,0,0,0,4940,0,0,0,0,3920,0,0,0,0,43048
9,64,0,0,0,0,0,0,4940,0,0,0,0,0,4480,0,0,0,3583
9,65,0,0,0,0,0,0,4940,0,0,0,0,0,4480,0,0,0,3583
9,66,0,0,0,0,0,0,4940,0,0,0,0,0,4480,0,0,0,3583
9,67,0,0,0,0,0,0,4940,0,0,0,0,0,4480,0,0,0,3583
9,68,0,0,0,0,0,0,4940,0,0,0,0,0,4480,0,0,0,3583
9,69,0,0,0,0,0,0,4940,0,0,0,0,0,4480,0,0,0,3583
9,70,0,0,0,0,0,0,4940,0,0,0,0,0,4480,0,0,0,3583
9,71,0,0,0,0,0,0,4940,0,0,0,0,0,4480,0,0,0,3583
9,72,0,0,0,0,0,0,4940,0,0,0,0,0,4480,0,0,0,3583
9,73,0,0,0,0,0,0,4940,0,0,0,0,0,0,4940,0,0,-638
9,74,0,0,0,0,0,0,4940,0,0,0,0,0,0,4940,0,0,-638
9,75,0,0,0,0,0,0,4940,0,0,0,0,0,0,4940,0,0,-638
9,76,0,0,0,0,0,0,4940,0,0,0,0,0,0,4940,0,0,-638
9,77,0,0,0,0,0,0,4940,0,0,0,0,0,0,4940,0,0,-638
9,78,0,0,0,0,0,0,4940,0,0,0,0,0,0,4940,0,0,-638
9,79,0,0,0,0,0,0,4940,0,0,0,0,0,0,4940,0,0,-638
9,80,0,0,0,0,0,0,4940,0,0,0,0,0,0,4940,0,0,-638
9,81,0,0,0,0,0,0,4940,0,0,0,0,0,0,4940,0,0,-638
10,1,0,0,0,0,4116,0,0,0,0,4116,0,0,0,0,4116,0,-2023
10,2,0,0,0,0,4116,0,0,0,0,4116,0,0,0,0,4116,0,-2023
10,3,0,0,0,0,4116,0,0,0,0,4116,0,0,0,0,4116,0,-2023
10,4,0,0,0,0,4116,0,0,0,0,4116,0,0,0,0,0,4704,16566
10,5,0,0,0,0,4116,0,0,0,0,4116,0,0,0,0,0,4704,16566
10,6,0,0,0,0,4116,0,0,0,0,4116,0,0,0,0,0,4704,16566
10,7,0,0,0,0,4116,0,0,0,0,4116,0,0,0,0,0,0,42893
10,8,0,0,0,0,4116,0,0,0,0,4116,0,0,0,0,0,0,42893
10,9,0,0,0,0,4116,0,0,0,0,4116,0,0,0,0,0,0,42893
10,10,0,0,0,0,4116,0,0,0,0,0,4704,0,0,0,0,4116,17592
10,11,0,0,0,0,4116,0,0,0,0,0,4704,0,0,0,0,4116,17592
10,12,0,0,0,0,4116,0,0,0,0,0,4704,0,0,0,0,4116,17592
10,13,0,0,0,0,4116,0,0,0,0,0,4704,0,0,0,0,0,46138
10,14,0,0,0,0,4116,0,0,0,0,0,4704,0,0,0,0,0,46138
10,15,0,0,0,0,4116,0,0,0,0,0,4704,0,0,0,0,0,46138
10,16,0,0,0,0,4116,0,0,0,0,0,4704,0,0,0,0,0,46138
10,17,0,0,0,0,4116,0,0,0,0,0,4704,0,0,0,0,0,46138
10,18,0,0,0,0,4116,0,0,0,0,0,4704,0,0,0,0,0,46138
10,19,0,0,0,0,4116,0,0,0,0,0,0,5187,0,0,0,0,43827
10,20,0,0,0,0,4116,0,0,0,0,0,0,5187,0,0,0,0,43827
10,21,0,0,0,0,4116,0,0,0,0,0,0,5187,0,0,0,0,43827
10,22,0,0,0,0,4116,0,0,0,0,0,0,5187,0,0,0,0,43827
10,23,0,0,0,0,4116,0,0,0,0,0,0,5187,0,0,0,0,43827
10,24,0,0,0,0,4116,0,0,0,0,0,0,5187,0,0,0,0,43827
10,25,0,0,0,0,4116,0,0,0,0,0,0,5187,0,0,0,0,43827
10,26,0,0,0,0,4116,0,0,0,0,0,0,5187,0,0,0,0,43827
10,27,0,0,0,0,4116,0,0,0,0,0,0,5187,0,0,0,0,43827
10,28,0,0,0,0,0,4704,0,0,0,0,4116,0,0,0,0,4116,19099
10,29,0,0,0,0,0,4704,0,0,0,0,4116,0,0,0,0,4116,19099
10,30,0,0,0,0,0,4704,0,0,0,0,4116,0,0,0,0,4116,19099
10,31,0,0,0,0,0,4704,0,0,0,0,4116,0,0,0,0,0,47645
10,32,0,0,0,0,0,4704,0,0,0,0,4116,0,0,0,0,0,47645
10,33,0,0,0,0,0,4704,0,0,0,0,4116,0,0,0,0,0,47645
10,34,0,0,0,0,0,4704,0,0,0,0,4116,0,0,0,0,0,47645
10,35,0,0,0,0,0,4704,0,0,0,0,4116,0,0,0,0,0,47645
10,36,0,0,0,0,0,4704,0,0,0,0,4116,0,0,0,0,0,47645
10,37,0,0,0,0,0,4704,0,0,0,0,0,4704,0,0,0,0,48595
10,38,0,0,0,0,0,4704,0,0,0,0,0,4704,0,0,0,0,48595
10,39,0,0,0,0,0,4704,0,0,0,0,0,4704,0,0,0,0,48595
10,40,0,0,0,0,0,4704,0,0,0,0,0,4704,0,0,0,0,48595
10,41,0,0,0,0,0,4704,0,0,0,0,0,4704,0,0,0,0,48595
10,42,0,0,0,0,0,4704,0,0,0,0,0,4704,0,0,0,0,48595
10,43,0,0,0,0,0,4704,0,0,0,0,0,4704,0,0,0,0,48595
10,44,0,0,0,0,0,4704,0,0,0,0,0,4704,0,0,0,0,48595
10,45,0,0,0,0,0,4704,0,0,0,0,0,4704,0,0,0,0,48595
10,46,0,0,0,0,0,4704,0,0,0,0,0,0,5187,0,0,0,4139
10,47,0,0,0,0,0,4704,0,0,0,0,0,0,5187,0,0,0,4139
10,48,0,0,0,0,0,4704,0,0,0,0,0,0,5187,0,0,0,4139
10,49,0,0,0,0,0,4704,0,0,0,0,0,0,5187,0,0,0,4139
10,50,0,0,0,0,0,4704,0,0,0,0,0,0,5187,0,0,0,4139
10,51,0,0,0,0,0,4704,0,0,0,0,0,0,5187,0,0,0,4139
10,52,0,0,0,0,0,4704,0,0,0,0,0,0,5187,0,0,0,4139
10,53,0,0,0,0,0,4704,0,0,0,0,0,0,5187,0,0,0,4139
10,54,0,0,0,0,0,4704,0,0,0,0,0,0,5187,0,0,0,4139
10,55,0,0,0,0,0,0,5187,0,0,0,0,4116,0,0,0,0,45200
10,56,0,0,0,0,0,0,5187,0,0,0,0,4116,0,0,0,0,45200
10,57,0,0,0,0,0,0,5187,0,0,0,0,4116,0,0,0,0,45200
10,58,0,0,0,0,0,0,5187,0,0,0,0,4116,0,0,0,0,45200
10,59,0,0,0,0,0,0,5187,0,0,0,0,4116,0,0,0,0,45200
10,60,0,0,0,0,0,0,5187,0,0,0,0,4116,0,0,0,0,45200
10,61,0,0,0,0,0,0,5187,0,0,0,0,4116,0,0,0,0,45200
10,62,0,0,0,0,0,0,5187,0,0,0,0,4116,0,0,0,0,45200
10,63,0,0,0,0,0,0,5187,0,0,0,0,4116,0,0,0,0,45200
10,64,0,0,0,0,0,0,5187,0,0,0,0,0,4704,0,0,0,3762
10,65,0,0,0,0,0,0,5187,0,0,0,0,0,4704,0,0,0,3762
10,66,0,0,0,0,0,0,5187,0,0,0,0,0,4704,0,0,0,3762
10,67,0,0,0,0,0,0,5187,0,0,0,0,0,4704,0,0,0,3762
10,68,0,0,0,0,0,0,5187,0,0,0,0,0,4704,0,0,0,3762
10,69,0,0,0,0,0,0,5187,0,0,0,0,0,4704,0,0,0,3762
10,70,0,0,0,0,0,0,5187,0,0,0,0,0,4704,0,0,0,3762
10,71,0,0,0,0,0,0,5187,0,0,0,0,0,4704,0,0,0,3762
10,72,0,0,0,0,0,0,5187,0,0,0,0,0,4704,0,0,0,3762
10,73,0,0,0,0,0,0,5187,0,0,0,0,0,0,5187,0,0,-670
10,74,0,0,0,0,0,0,5187,0,0,0,0,0,0,5187,0,0,-670
10,75,0,0,0,0,0,0,5187,0,0,0,0,0,0,5187,0,0,-670
10,76,0,0,0,0,0,0,5187,0,0,0,0,0,0,5187,0,0,-670
10,77,0,0,0,0,0,0,5187,0,0,0,0,0,0,5187,0,0,-670
10,78,0,0,0,0,0,0,5187,0,0,0,0,0,0,5187,0,0,-670
10,79,0,0,0,0,0,0,5187,0,0,0,0,0,0,5187,0,0,-670
10,80,0,0,0,0,0,0,5187,0,0,0,0,0,0,5187,0,0,-670
10,81,0,0,0,0,0,0,5187,0,0,0,0,0,0,5187,0,0,-670
11,1,0,0,0,0,5520,0,0,0,0,5520,0,0,0,0,5520,0,-30554
11,2,0,0,0,0,5520,0,0,0,0,5520,0,0,0,0,5520,0,-30554
11,3,0,0,0,0,5520,0,0,0,0,5520,0,0,0,0,5520,0,-30554
11,4,0,0,0,0,5520,0,0,0,0,5520,0,0,0,0,0,6390,-3597
11,5,0,0,0,0,5520,0,0,0,0,5520,0,0,0,0,0,6390,-3597
11,6,0,0,0,0,5520,0,0,0,0,5520,0,0,0,0,0,6390,-3597
11,7,0,0,0,0,5520,0,0,0,0,5520,0,0,0,0,0,0,34224
11,8,0,0,0,0,5520,0,0,0,0,5520,0,0,0,0,0,0,34224
11,9,0,0,0,0,5520,0,0,0,0,5520,0,0,0,0,0,0,34224
11,10,0,0,0,0,5520,0,0,0,0,0,6390,0,0,0,0,5520,-1242
11,11,0,0,0,0,5520,0,0,0,0,0,6390,0,0,0,0,5520,-1242
11,12,0,0,0,0,5520,0,0,0,0,0,6390,0,0,0,0,5520,-1242
11,13,0,0,0,0,5520,0,0,0,0,0,6390,0,0,0,0,0,40221
11,14,0,0,0,0,5520,0,0,0,0,0,6390,0,0,0,0,0,40221
11,15,0,0,0,0,5520,0,0,0,0,0,6390,0,0,0,0,0,40221
11,16,0,0,0,0,5520,0,0,0,0,0,6390,0,0,0,0,0,40221
11,17,0,0,0,0,5520,0,0,0,0,0,6390,0,0,0,0,0,40221
11,18,0,0,0,0,5520,0,0,0,0,0,6390,0,0,0,0,0,40221
11,19,0,0,0,0,5520,0,0,0,0,0,0,7080,0,0,0,0,37050
11,20,0,0,0,0,5520,0,0,0,0,0,0,7080,0,0,0,0,37050
11,21,0,0,0,0,5520,0,0,0,0,0,0,7080,0,0,0,0,37050
11,22,0,0,0,0,5520,0,0,0,0,0,0,7080,0,0,0,0,37050
11,23,0,0,0,0,5520,0,0,0,0,0,0,7080,0,0,0,0,37050
11,24,0,0,0,0,5520,0,0,0,0,0,0,7080,0,0,0,0,37050
11,25,0,0,0,0,5520,0,0,0,0,0,0,7080,0,0,0,0,37050
11,26,0,0,0,0,5520,0,0,0,0,0,0,7080,0,0,0,0,37050
11,27,0,0,0,0,5520,0,0,0,0,0,0,7080,0,0,0,0,37050
11,28,0,0,0,0,0,6390,0,0,0,0,5520,0,0,0,0,5520,2217
11,29,0,0,0,0,0,6390,0,0,0,0,5520,0,0,0,0,5520,2217
11,30,0,0,0,0,0,6390,0,0,0,0,5520,0,0,0,0,5520,2217
11,31,0,0,0,0,0,6390,0,0,0,0,5520,0,0,0,0,0,43680
11,32,0,0,0,0,0,6390,0,0,0,0,5520,0,0,0,0,0,43680
11,33,0,0,0,0,0,6390,0,0,0,0,5520,0,0,0,0,0,43680
11,34,0,0,0,0,0,6390,0,0,0,0,5520,0,0,0,0,0,43680
11,35,0,0,0,0,0,6390,0,0,0,0,5520,0,0,0,0,0,43680
11,36,0,0,0,0,0,6390,0,0,0,0,5520,0,0,0,0,0,43680
11,37,0,0,0,0,0,6390,0,0,0,0,0,6390,0,0,0,0,45861
11,38,0,0,0,0,0,6390,0,0,0,0,0,6390,0,0,0,0,45861
11,39,0,0,0,0,0,6390,0,0,0,0,0,6390,0,0,0,0,45861
11,40,0,0,0,0,0,6390,0,0,0,0,0,6390,0,0,0,0,45861
11,41,0,0,0,0,0,6390,0,0,0,0,0,6390,0,0,0,0,45861
11,42,0,0,0,0,0,6390,0,0,0,0,0,6390,0,0,0,0,45861
11,43,0,0,0,0,0,6390,0,0,0,0,0,6390,0,0,0,0,45861
11,44,0,0,0,0,0,6390,0,0,0,0,0,6390,0,0,0,0,45861
11,45,0,0,0,0,0,6390,0,0,0,0,0,6390,0,0,0,0,45861
11,46,0,0,0,0,0,6390,0,0,0,0,0,0,7080,0,0,0,-12922
11,47,0,0,0,0,0,6390,0,0,0,0,0,0,7080,0,0,0,-12922
11,48,0,0,0,0,0,6390,0,0,0,0,0,0,7080,0,0,0,-12922
11,49,0,0,0,0,0,6390,0,0,0,0,0,0,7080,0,0,0,-12922
11,50,0,0,0,0,0,6390,0,0,0,0,0,0,7080,0,0,0,-12922
11,51,0,0,0,0,0,6390,0,0,0,0,0,0,7080,0,0,0,-12922
11,52,0,0,0,0,0,6390,0,0,0,0,0,0,7080,0,0,0,-12922
11,53,0,0,0,0,0,6390,0,0,0,0,0,0,7080,0,0,0,-12922
11,54,0,0,0,0,0,6390,0,0,0,0,0,0,7080,0,0,0,-12922
11,55,0,0,0,0,0,0,7080,0,0,0,0,5520,0,0,0,0,41199
11,56,0,0,0,0,0,0,7080,0,0,0,0,5520,0,0,0,0,41199
11,57,0,0,0,0,0,0,7080,0,0,0,0,5520,0,0,0,0,41199
11,58,0,0,0,0,0,0,7080,0,0,0,0,5520,0,0,0,0,41199
11,59,0,0,0,0,0,0,7080,0,0,0,0,5520,0,0,0,0,41199
11,60,0,0,0,0,0,0,7080,0,0,0,0,5520,0,0,0,0,41199
11,61,0,0,0,0,0,0,7080,0,0,0,0,5520,0,0,0,0,41199
11,62,0,0,0,0,0,0,7080,0,0,0,0,5520,0,0,0,0,41199
11,63,0,0,0,0,0,0,7080,0,0,0,0,5520,0,0,0,0,41199
11,64,0,0,0,0,0,0,7080,0,0,0,0,0,6390,0,0,0,-12629
11,65,0,0,0,0,0,0,7080,0,0,0,0,0,6390,0,0,0,-12629
11,66,0,0,0,0,0,0,7080,0,0,0,0,0,6390,0,0,0,-12629
11,67,0,0,0,0,0,0,7080,0,0,0,0,0,6390,0,0,0,-12629
11,68,0,0,0,0,0,0,7080,0,0,0,0,0,6390,0,0,0,-12629
11,69,0,0,0,0,0,0,7080,0,0,0,0,0,6390,0,0,0,-12629
11,70,0,0,0,0,0,0,7080,0,0,0,0,0,6390,0,0,0,-12629
11,71,0,0,0,0,0,0,7080,0,0,0,0,0,6390,0,0,0,-12629
11,72,0,0,0,0,0,0,7080,0,0,0,0,0,6390,0,0,0,-12629
11,73,0,0,0,0,0,0,7080,0,0,0,0,0,0,7080,0,0,-17423
11,74,0,0,0,0,0,0,7080,0,0,0,0,0,0,7080,0,0,-17423
11,75,0,0,0,0,0,0,7080,0,0,0,0,0,0,7080,0,0,-17423
11,76,0,0,0,0,0,0,7080,0,0,0,0,0,0,7080,0,0,-17423
11,77,0,0,0,0,0,0,7080,0,0,0,0,0,0,7080,0,0,-17423
11,78,0,0,0,0,0,0,7080,0,0,0,0,0,0,7080,0,0,-17423
11,79,0,0,0,0,0,0,7080,0,0,0,0,0,0,7080,0,0,-17423
11,80,0,0,0,0,0,0,7080,0,0,0,0,0,0,7080,0,0,-17423
11,81,0,0,0,0,0,0,7080,0,0,0,0,0,0,7080,0,0,-17423
12,1,0,0,0,0,3630,0,0,0,0,3630,0,0,0,0,3630,0,-54565
12,2,0,0,0,0,3630,0,0,0,0,3630,0,0,0,0,3630,0,-54565
12,3,0,0,0,0,3630,0,0,0,0,3630,0,0,0,0,3630,0,-54565
12,4,0,0,0,0,3630,0,0,0,0,3630,0,0,0,0,0,4290,-34565
12,5,0,0,0,0,3630,0,0,0,0,3630,0,0,0,0,0,4290,-34565
12,6,0,0,0,0,3630,0,0,0,0,3630,0,0,0,0,0,4290,-34565
12,7,0,0,0,0,3630,0,0,0,0,3630,0,0,0,0,0,0,-6175
12,8,0,0,0,0,3630,0,0,0,0,3630,0,0,0,0,0,0,-6175
12,9,0,0,0,0,3630,0,0,0,0,3630,0,0,0,0,0,0,-6175
12,10,0,0,0,0,3630,0,0,0,0,0,4290,0,0,0,0,3630,-31901
12,11,0,0,0,0,3630,0,0,0,0,0,4290,0,0,0,0,3630,-31901
12,12,0,0,0,0,3630,0,0,0,0,0,4290,0,0,0,0,3630,-31901
12,13,0,0,0,0,3630,0,0,0,0,0,4290,0,0,0,0,0,-814
12,14,0,0,0,0,3630,0,0,0,0,0,4290,0,0,0,0,0,-814
12,15,0,0,0,0,3630,0,0,0,0,0,4290,0,0,0,0,0,-814
12,16,0,0,0,0,3630,0,0,0,0,0,4290,0,0,0,0,0,-814
12,17,0,0,0,0,3630,0,0,0,0,0,4290,0,0,0,0,0,-814
12,18,0,0,0,0,3630,0,0,0,0,0,4290,0,0,0,0,0,-814
12,19,0,0,0,0,3630,0,0,0,0,0,0,4818,0,0,0,0,-2311
12,20,0,0,0,0,3630,0,0,0,0,0,0,4818,0,0,0,0,-2311
12,21,0,0,0,0,3630,0,0,0,0,0,0,4818,0,0,0,0,-2311
12,22,0,0,0,0,3630,0,0,0,0,0,0,4818,0,0,0,0,-2311
12,23,0,0,0,0,3630,0,0,0,0,0,0,4818,0,0,0,0,-2311
12,24,0,0,0,0,3630,0,0,0,0,0,0,4818,0,0,0,0,-2311
12,25,0,0,0,0,3630,0,0,0,0,0,0,4818,0,0,0,0,-2311
12,26,0,0,0,0,3630,0,0,0,0,0,0,4818,0,0,0,0,-2311
12,27,0,0,0,0,3630,0,0,0,0,0,0,4818,0,0,0,0,-2311
12,28,0,0,0,0,0,4290,0,0,0,0,3630,0,0,0,0,3630,-27986
12,29,0,0,0,0,0,4290,0,0,0,0,3630,0,0,0,0,3630,-27986
12,30,0,0,0,0,0,4290,0,0,0,0,3630,0,0,0,0,3630,-27986
12,31,0,0,0,0,0,4290,0,0,0,0,3630,0,0,0,0,0,3101
12,32,0,0,0,0,0,4290,0,0,0,0,3630,0,0,0,0,0,3101
12,33,0,0,0,0,0,4290,0,0,0,0,3630,0,0,0,0,0,3101
12,34,0,0,0,0,0,4290,0,0,0,0,3630,0,0,0,0,0,3101
12,35,0,0,0,0,0,4290,0,0,0,0,3630,0,0,0,0,0,3101
12,36,0,0,0,0,0,4290,0,0,0,0,3630,0,0,0,0,0,3101
12,37,0,0,0,0,0,4290,0,0,0,0,0,4290,0,0,0,0,5566
12,38,0,0,0,0,0,4290,0,0,0,0,0,4290,0,0,0,0,5566
12,39,0,0,0,0,0,4290,0,0,0,0,0,4290,0,0,0,0,5566
12,40,0,0,0,0,0,4290,0,0,0,0,0,4290,0,0,0,0,5566
12,41,0,0,0,0,0,4290,0,0,0,0,0,4290,0,0,0,0,5566
12,42,0,0,0,0,0,4290,0,0,0,0,0,4290,0,0,0,0,5566
12,43,0,0,0,0,0,4290,0,0,0,0,0,4290,0,0,0,0,5566
12,44,0,0,0,0,0,4290,0,0,0,0,0,4290,0,0,0,0,5566
12,45,0,0,0,0,0,4290,0,0,0,0,0,4290,0,0,0,0,5566
12,46,0,0,0,0,0,4290,0,0,0,0,0,0,4818,0,0,0,-31593
12,47,0,0,0,0,0,4290,0,0,0,0,0,0,4818,0,0,0,-31593
12,48,0,0,0,0,0,4290,0,0,0,0,0,0,4818,0,0,0,-31593
12,49,0,0,0,0,0,4290,0,0,0,0,0,0,4818,0,0,0,-31593
12,50,0,0,0,0,0,4290,0,0,0,0,0,0,4818,0,0,0,-31593
12,51,0,0,0,0,0,4290,0,0,0,0,0,0,4818,0,0,0,-31593
12,52,0,0,0,0,0,4290,0,0,0,0,0,0,4818,0,0,0,-31593
12,53,0,0,0,0,0,4290,0,0,0,0,0,0,4818,0,0,0,-31593
12,54,0,0,0,0,0,4290,0,0,0,0,0,0,4818,0,0,0,-31593
12,55,0,0,0,0,0,0,4818,0,0,0,0,3630,0,0,0,0,3367
12,56,0,0,0,0,0,0,4818,0,0,0,0,3630,0,0,0,0,3367
12,57,0,0,0,0,0,0,4818,0,0,0,0,3630,0,0,0,0,3367
12,58,0,0,0,0,0,0,4818,0,0,0,0,3630,0,0,0,0,3367
12,59,0,0,0,0,0,0,4818,0,0,0,0,3630,0,0,0,0,3367
12,60,0,0,0,0,0,0,4818,0,0,0,0,3630,0,0,0,0,3367
12,61,0,0,0,0,0,0,4818,0,0,0,0,3630,0,0,0,0,3367
12,62,0,0,0,0,0,0,4818,0,0,0,0,3630,0,0,0,0,3367
12,63,0,0,0,0,0,0,4818,0,0,0,0,3630,0,0,0,0,3367
12,64,0,0,0,0,0,0,4818,0,0,0,0,0,4290,0,0,0,-30123
12,65,0,0,0,0,0,0,4818,0,0,0,0,0,4290,0,0,0,-30123
12,66,0,0,0,0,0,0,4818,0,0,0,0,0,4290,0,0,0,-30123
12,67,0,0,0,0,0,0,4818,0,0,0,0,0,4290,0,0,0,-30123
12,68,0,0,0,0,0,0,4818,0,0,0,0,0,4290,0,0,0,-30123
12,69,0,0,0,0,0,0,4818,0,0,0,0,0,4290,0,0,0,-30123
12,70,0,0,0,0,0,0,4818,0,0,0,0,0,4290,0,0,0,-30123
12,71,0,0,0,0,0,0,4818,0,0,0,0,0,4290,0,0,0,-30123
12,72,0,0,0,0,0,0,4818,0,0,0,0,0,4290,0,0,0,-30123
12,73,0,0,0,0,0,0,4818,0,0,0,0,0,0,4818,0,0,-31432
12,74,0,0,0,0,0,0,4818,0,0,0,0,0,0,4818,0,0,-31432
12,75,0,0,0,0,0,0,4818,0,0,0,0,0,0,4818,0,0,-31432
12,76,0,0,0,0,0,0,4818,0,0,0,0,0,0,4818,0,0,-31432
12,77,0,0,0,0,0,0,4818,0,0,0,0,0,0,4818,0,0,-31432
12,78,0,0,0,0,0,0,4818,0,0,0,0,0,0,4818,0,0,-31432
12,79,0,0,0,0,0,0,4818,0,0,0,0,0,0,4818,0,0,-31432
12,80,0,0,0,0,0,0,4818,0,0,0,0,0,0,4818,0,0,-31432
12,81,0,0,0,0,0,0,4818,0,0,0,0,0,0,4818,0,0,-31432
13,1,0,0,0,7035,0,0,0,0,7035,0,0,0,0,7035,0,0,163334
13,2,0,0,0,7035,0,0,0,0,7035,0,0,0,0,7035,0,0,163334
13,3,0,0,0,7035,0,0,0,0,7035,0,0,0,0,7035,0,0,163334
13,4,0,0,0,7035,0,0,0,0,7035,0,0,0,0,0,8015,0,175708
13,5,0,0,0,7035,0,0,0,0,7035,0,0,0,0,0,8015,0,175708
13,6,0,0,0,7035,0,0,0,0,7035,0,0,0,0,0,8015,0,175708
13,7,0,0,0,7035,0,0,0,0,7035,0,0,0,0,0,0,8820,202781
13,8,0,0,0,7035,0,0,0,0,7035,0,0,0,0,0,0,8820,202781
13,9,0,0,0,7035,0,0,0,0,7035,0,0,0,0,0,0,8820,202781
13,10,0,0,0,7035,0,0,0,0,0,8015,0,0,0,0,7035,0,177204
13,11,0,0,0,7035,0,0,0,0,0,8015,0,0,0,0,7035,0,177204
13,12,0,0,0,7035,0,0,0,0,0,8015,0,0,0,0,7035,0,177204
13,13,0,0,0,7035,0,0,0,0,0,8015,0,0,0,0,0,8015,208272
13,14,0,0,0,7035,0,0,0,0,0,8015,0,0,0,0,0,8015,208272
13,15,0,0,0,7035,0,0,0,0,0,8015,0,0,0,0,0,8015,208272
13,16,0,0,0,7035,0,0,0,0,0,8015,0,0,0,0,0,0,252047
13,17,0,0,0,7035,0,0,0,0,0,8015,0,0,0,0,0,0,252047
13,18,0,0,0,7035,0,0,0,0,0,8015,0,0,0,0,0,0,252047
13,19,0,0,0,7035,0,0,0,0,0,0,8820,0,0,0,0,7035,203789
13,20,0,0,0,7035,0,0,0,0,0,0,8820,0,0,0,0,7035,203789
13,21,0,0,0,7035,0,0,0,0,0,0,8820,0,0,0,0,7035,203789
13,22,0,0,0,7035,0,0,0,0,0,0,8820,0,0,0,0,0,251263
13,23,0,0,0,7035,0,0,0,0,0,0,8820,0,0,0,0,0,251263
13,24,0,0,0,7035,0,0,0,0,0,0,8820,0,0,0,0,0,251263
13,25,0,0,0,7035,0,0,0,0,0,0,8820,0,0,0,0,0,251263
13,26,0,0,0,7035,0,0,0,0,0,0,8820,0,0,0,0,0,251263
13,27,0,0,0,7035,0,0,0,0,0,0,8820,0,0,0,0,0,251263
13,28,0,0,0,0,8015,0,0,0,0,7035,0,0,0,0,7035,0,179402
13,29,0,0,0,0,8015,0,0,0,0,7035,0,0,0,0,7035,0,179402
13,30,0,0,0,0,8015,0,0,0,0,7035,0,0,0,0,7035,0,179402
13,31,0,0,0,0,8015,0,0,0,0,7035,0,0,0,0,0,8015,210470
13,32,0,0,0,0,8015,0,0,0,0,7035,0,0,0,0,0,8015,210470
13,33,0,0,0,0,8015,0,0,0,0,7035,0,0,0,0,0,8015,210470
13,34,0,0,0,0,8015,0,0,0,0,7035,0,0,0,0,0,0,254245
13,35,0,0,0,0,8015,0,0,0,0,7035,0,0,0,0,0,0,254245
13,36,0,0,0,0,8015,0,0,0,0,7035,0,0,0,0,0,0,254245
13,37,0,0,0,0,8015,0,0,0,0,0,8015,0,0,0,0,7035,211855
13,38,0,0,0,0,8015,0,0,0,0,0,8015,0,0,0,0,7035,211855
13,39,0,0,0,0,8015,0,0,0,0,0,8015,0,0,0,0,7035,211855
13,40,0,0,0,0,8015,0,0,0,0,0,8015,0,0,0,0,0,259329
13,41,0,0,0,0,8015,0,0,0,0,0,8015,0,0,0,0,0,259329
13,42,0,0,0,0,8015,0,0,0,0,0,8015,0,0,0,0,0,259329
13,43,0,0,0,0,8015,0,0,0,0,0,8015,0,0,0,0,0,259329
13,44,0,0,0,0,8015,0,0,0,0,0,8015,0,0,0,0,0,259329
13,45,0,0,0,0,8015,0,0,0,0,0,8015,0,0,0,0,0,259329
13,46,0,0,0,0,8015,0,0,0,0,0,0,8820,0,0,0,0,255179
13,47,0,0,0,0,8015,0,0,0,0,0,0,8820,0,0,0,0,255179
13,48,0,0,0,0,8015,0,0,0,0,0,0,8820,0,0,0,0,255179
13,49,0,0,0,0,8015,0,0,0,0,0,0,8820,0,0,0,0,255179
13,50,0,0,0,0,8015,0,0,0,0,0,0,8820,0,0,0,0,255179
13,51,0,0,0,0,8015,0,0,0,0,0,0,8820,0,0,0,0,255179
13,52,0,0,0,0,8015,0,0,0,0,0,0,8820,0,0,0,0,255179
13,53,0,0,0,0,8015,0,0,0,0,0,0,8820,0,0,0,0,255179
13,54,0,0,0,0,8015,0,0,0,0,0,0,8820,0,0,0,0,255179
13,55,0,0,0,0,0,8820,0,0,0,0,7035,0,0,0,0,7035,205269
13,56,0,0,0,0,0,8820,0,0,0,0,7035,0,0,0,0,7035,205269
13,57,0,0,0,0,0,8820,0,0,0,0,7035,0,0,0,0,7035,205269
13,58,0,0,0,0,0,8820,0,0,0,0,7035,0,0,0,0,0,252743
13,59,0,0,0,0,0,8820,0,0,0,0,7035,0,0,0,0,0,252743
13,60,0,0,0,0,0,8820,0,0,0,0,7035,0,0,0,0,0,252743
13,61,0,0,0,0,0,8820,0,0,0,0,7035,0,0,0,0,0,252743
13,62,0,0,0,0,0,8820,0,0,0,0,7035,0,0,0,0,0,252743
13,63,0,0,0,0,0,8820,0,0,0,0,7035,0,0,0,0,0,252743
13,64,0,0,0,0,0,8820,0,0,0,0,0,8015,0,0,0,0,254026
13,65,0,0,0,0,0,8820,0,0,0,0,0,8015,0,0,0,0,254026
13,66,0,0,0,0,0,8820,0,0,0,0,0,8015,0,0,0,0,254026
13,67,0,0,0,0,0,8820,0,0,0,0,0,8015,0,0,0,0,254026
13,68,0,0,0,0,0,8820,0,0,0,0,0,8015,0,0,0,0,254026
13,69,0,0,0,0,0,8820,0,0,0,0,0,8015,0,0,0,0,254026
13,70,0,0,0,0,0,8820,0,0,0,0,0,8015,0,0,0,0,254026
13,71,0,0,0,0,0,8820,0,0,0,0,0,8015,0,0,0,0,254026
13,72,0,0,0,0,0,8820,0,0,0,0,0,8015,0,0,0,0,254026
13,73,0,0,0,0,0,8820,0,0,0,0,0,0,8820,0,0,0,177609
13,74,0,0,0,0,0,8820,0,0,0,0,0,0,8820,0,0,0,177609
13,75,0,0,0,0,0,8820,0,0,0,0,0,0,8820,0,0,0,177609
13,76,0,0,0,0,0,8820,0,0,0,0,0,0,8820,0,0,0,177609
13,77,0,0,0,0,0,8820,0,0,0,0,0,0,8820,0,0,0,177609
13,78,0,0,0,0,0,8820,0,0,0,0,0,0,8820,0,0,0,177609
13,79,0,0,0,0,0,8820,0,0,0,0,0,0,8820,0,0,0,177609
13,80,0,0,0,0,0,8820,0,0,0,0,0,0,8820,0,0,0,177609
13,81,0,0,0,0,0,8820,0,0,0,0,0,0,8820,0,0,0,177609
14,1,0,0,0,8745,0,0,0,0,8745,0,0,0,0,8745,0,0,84981
14,2,0,0,0,8745,0,0,0,0,8745,0,0,0,0,8745,0,0,84981
14,3,0,0,0,8745,0,0,0,0,8745,0,0,0,0,8745,0,0,84981
14,4,0,0,0,8745,0,0,0,0,8745,0,0,0,0,0,10335,0,111835
14,5,0,0,0,8745,0,0,0,0,8745,0,0,0,0,0,10335,0,111835
14,6,0,0,0,8745,0,0,0,0,8745,0,0,0,0,0,10335,0,111835
14,7,0,0,0,8745,0,0,0,0,8745,0,0,0,0,0,0,11607,153001
14,8,0,0,0,8745,0,0,0,0,8745,0,0,0,0,0,0,11607,153001
14,9,0,0,0,8745,0,0,0,0,8745,0,0,0,0,0,0,11607,153001
14,10,0,0,0,8745,0,0,0,0,0,10335,0,0,0,0,8745,0,118768
14,11,0,0,0,8745,0,0,0,0,0,10335,0,0,0,0,8745,0,118768
14,12,0,0,0,8745,0,0,0,0,0,10335,0,0,0,0,8745,0,118768
14,13,0,0,0,8745,0,0,0,0,0,10335,0,0,0,0,0,10335,166951
14,14,0,0,0,8745,0,0,0,0,0,10335,0,0,0,0,0,10335,166951
14,15,0,0,0,8745,0,0,0,0,0,10335,0,0,0,0,0,10335,166951
14,16,0,0,0,8745,0,0,0,0,0,10335,0,0,0,0,0,0,235343
14,17,0,0,0,8745,0,0,0,0,0,10335,0,0,0,0,0,0,235343
14,18,0,0,0,8745,0,0,0,0,0,10335,0,0,0,0,0,0,235343
14,19,0,0,0,8745,0,0,0,0,0,0,11607,0,0,0,0,8745,163057
14,20,0,0,0,8745,0,0,0,0,0,0,11607,0,0,0,0,8745,163057
14,21,0,0,0,8745,0,0,0,0,0,0,11607,0,0,0,0,8745,163057
14,22,0,0,0,8745,0,0,0,0,0,0,11607,0,0,0,0,0,237947
14,23,0,0,0,8745,0,0,0,0,0,0,11607,0,0,0,0,0,237947
14,24,0,0,0,8745,0,0,0,0,0,0,11607,0,0,0,0,0,237947
14,25,0,0,0,8745,0,0,0,0,0,0,11607,0,0,0,0,0,237947
14,26,0,0,0,8745,0,0,0,0,0,0,11607,0,0,0,0,0,237947
14,27,0,0,0,8745,0,0,0,0,0,0,11607,0,0,0,0,0,237947
14,28,0,0,0,0,10335,0,0,0,0,8745,0,0,0,0,8745,0,128953
14,29,0,0,0,0,10335,0,0,0,0,8745,0,0,0,0,8745,0,128953
14,30,0,0,0,0,10335,0,0,0,0,8745,0,0,0,0,8745,0,128953
14,31,0,0,0,0,10335,0,0,0,0,8745,0,0,0,0,0,10335,177136
14,32,0,0,0,0,10335,0,0,0,0,8745,0,0,0,0,0,10335,177136
14,33,0,0,0,0,10335,0,0,0,0,8745,0,0,0,0,0,10335,177136
14,34,0,0,0,0,10335,0,0,0,0,8745,0,0,0,0,0,0,245528
14,35,0,0,0,0,10335,0,0,0,0,8745,0,0,0,0,0,0,245528
14,36,0,0,0,0,10335,0,0,0,0,8745,0,0,0,0,0,0,245528
14,37,0,0,0,0,10335,0,0,0,0,0,10335,0,0,0,0,8745,183552
14,38,0,0,0,0,10335,0,0,0,0,0,10335,0,0,0,0,8745,183552
14,39,0,0,0,0,10335,0,0,0,0,0,10335,0,0,0,0,8745,183552
14,40,0,0,0,0,10335,0,0,0,0,0,10335,0,0,0,0,0,258442
14,41,0,0,0,0,10335,0,0,0,0,0,10335,0,0,0,0,0,258442
14,42,0,0,0,0,10335,0,0,0,0,0,10335,0,0,0,0,0,258442
14,43,0,0,0,0,10335,0,0,0,0,0,10335,0,0,0,0,0,258442
14,44,0,0,0,0,10335,0,0,0,0,0,10335,0,0,0,0,0,258442
14,45,0,0,0,0,10335,0,0,0,0,0,10335,0,0,0,0,0,258442
14,46,0,0,0,0,10335,0,0,0,0,0,0,11607,0,0,0,0,254837
14,47,0,0,0,0,10335,0,0,0,0,0,0,11607,0,0,0,0,254837
14,48,0,0,0,0,10335,0,0,0,0,0,0,11607,0,0,0,0,254837
14,49,0,0,0,0,10335,0,0,0,0,0,0,11607,0,0,0,0,254837
14,50,0,0,0,0,10335,0,0,0,0,0,0,11607,0,0,0,0,254837
14,51,0,0,0,0,10335,0,0,0,0,0,0,11607,0,0,0,0,254837
14,52,0,0,0,0,10335,0,0,0,0,0,0,11607,0,0,0,0,254837
14,53,0,0,0,0,10335,0,0,0,0,0,0,11607,0,0,0,0,254837
14,54,0,0,0,0,10335,0,0,0,0,0,0,11607,0,0,0,0,254837
14,55,0,0,0,0,0,11607,0,0,0,0,8745,0,0,0,0,8745,177831
14,56,0,0,0,0,0,11607,0,0,0,0,8745,0,0,0,0,8745,177831
14,57,0,0,0,0,0,11607,0,0,0,0,8745,0,0,0,0,8745,177831
14,58,0,0,0,0,0,11607,0,0,0,0,8745,0,0,0,0,0,252721
14,59,0,0,0,0,0,11607,0,0,0,0,8745,0,0,0,0,0,252721
14,60,0,0,0,0,0,11607,0,0,0,0,8745,0,0,0,0,0,252721
14,61,0,0,0,0,0,11607,0,0,0,0,8745,0,0,0,0,0,252721
14,62,0,0,0,0,0,11607,0,0,0,0,8745,0,0,0,0,0,252721
14,63,0,0,0,0,0,11607,0,0,0,0,8745,0,0,0,0,0,252721
14,64,0,0,0,0,0,11607,0,0,0,0,0,10335,0,0,0,0,258663
14,65,0,0,0,0,0,11607,0,0,0,0,0,10335,0,0,0,0,258663
14,66,0,0,0,0,0,11607,0,0,0,0,0,10335,0,0,0,0,258663
14,67,0,0,0,0,0,11607,0,0,0,0,0,10335,0,0,0,0,258663
14,68,0,0,0,0,0,11607,0,0,0,0,0,10335,0,0,0,0,258663
14,69,0,0,0,0,0,11607,0,0,0,0,0,10335,0,0,0,0,258663
14,70,0,0,0,0,0,11607,0,0,0,0,0,10335,0,0,0,0,258663
14,71,0,0,0,0,0,11607,0,0,0,0,0,10335,0,0,0,0,258663
14,72,0,0,0,0,0,11607,0,0,0,0,0,10335,0,0,0,0,258663
14,73,0,0,0,0,0,11607,0,0,0,0,0,0,11607,0,0,0,169138
14,74,0,0,0,0,0,11607,0,0,0,0,0,0,11607,0,0,0,169138
14,75,0,0,0,0,0,11607,0,0,0,0,0,0,11607,0,0,0,169138
14,76,0,0,0,0,0,11607,0,0,0,0,0,0,11607,0,0,0,169138
14,77,0,0,0,0,0,11607,0,0,0,0,0,0,11607,0,0,0,169138
14,78,0,0,0,0,0,11607,0,0,0,0,0,0,11607,0,0,0,169138
14,79,0,0,0,0,0,11607,0,0,0,0,0,0,11607,0,0,0,169138
14,80,0,0,0,0,0,11607,0,0,0,0,0,0,11607,0,0,0,169138
14,81,0,0,0,0,0,11607,0,0,0,0,0,0,11607,0,0,0,169138
15,1,0,0,0,8040,0,0,0,0,8040,0,0,0,0,8040,0,0,186669
15,2,0,0,0,8040,0,0,0,0,8040,0,0,0,0,8040,0,0,186669
15,3,0,0,0,8040,0,0,0,0,8040,0,0,0,0,8040,0,0,186669
15,4,0,0,0,8040,0,0,0,0,8040,0,0,0,0,0,9160,0,200812
15,5,0,0,0,8040,0,0,0,0,8040,0,0,0,0,0,9160,0,200812
15,6,0,0,0,8040,0,0,0,0,8040,0,0,0,0,0,9160,0,200812
15,7,0,0,0,8040,0,0,0,0,8040,0,0,0,0,0,0,10080,231753
15,8,0,0,0,8040,0,0,0,0,8040,0,0,0,0,0,0,10080,231753
15,9,0,0,0,8040,0,0,0,0,8040,0,0,0,0,0,0,10080,231753
15,10,0,0,0,8040,0,0,0,0,0,9160,0,0,0,0,8040,0,202521
15,11,0,0,0,8040,0,0,0,0,0,9160,0,0,0,0,8040,0,202521
15,12,0,0,0,8040,0,0,0,0,0,9160,0,0,0,0,8040,0,202521
15,13,0,0,0,8040,0,0,0,0,0,9160,0,0,0,0,0,9160,238027
15,14,0,0,0,8040,0,0,0,0,0,9160,0,0,0,0,0,9160,238027
15,15,0,0,0,8040,0,0,0,0,0,9160,0,0,0,0,0,9160,238027
15,16,0,0,0,8040,0,0,0,0,0,9160,0,0,0,0,0,0,288056
15,17,0,0,0,8040,0,0,0,0,0,9160,0,0,0,0,0,0,288056
15,18,0,0,0,8040,0,0,0,0,0,9160,0,0,0,0,0,0,288056
15,19,0,0,0,8040,0,0,0,0,0,0,10080,0,0,0,0,8040,232903
15,20,0,0,0,8040,0,0,0,0,0,0,10080,0,0,0,0,8040,232903
15,21,0,0,0,8040,0,0,0,0,0,0,10080,0,0,0,0,8040,232903
15,22,0,0,0,8040,0,0,0,0,0,0,10080,0,0,0,0,0,287159
15,23,0,0,0,8040,0,0,0,0,0,0,10080,0,0,0,0,0,287159
15,24,0,0,0,8040,0,0,0,0,0,0,10080,0,0,0,0,0,287159
15,25,0,0,0,8040,0,0,0,0,0,0,10080,0,0,0,0,0,287159
15,26,0,0,0,8040,0,0,0,0,0,0,10080,0,0,0,0,0,287159
15,27,0,0,0,8040,0,0,0,0,0,0,10080,0,0,0,0,0,287159
15,28,0,0,0,0,9160,0,0,0,0,8040,0,0,0,0,8040,0,205033
15,29,0,0,0,0,9160,0,0,0,0,8040,0,0,0,0,8040,0,205033
15,30,0,0,0,0,9160,0,0,0,0,8040,0,0,0,0,8040,0,205033
15,31,0,0,0,0,9160,0,0,0,0,8040,0,0,0,0,0,9160,240539
15,32,0,0,0,0,9160,0,0,0,0,8040,0,0,0,0,0,9160,240539
15,33,0,0,0,0,9160,0,0,0,0,8040,0,0,0,0,0,9160,240539
15,34,0,0,0,0,9160,0,0,0,0,8040,0,0,0,0,0,0,290568
15,35,0,0,0,0,9160,0,0,0,0,8040,0,0,0,0,0,0,290568
15,36,0,0,0,0,9160,0,0,0,0,8040,0,0,0,0,0,0,290568
15,37,0,0,0,0,9160,0,0,0,0,0,9160,0,0,0,0,8040,242122
15,38,0,0,0,0,9160,0,0,0,0,0,9160,0,0,0,0,8040,242122
15,39,0,0,0,0,9160,0,0,0,0,0,9160,0,0,0,0,8040,242122
15,40,0,0,0,0,9160,0,0,0,0,0,9160,0,0,0,0,0,296378
15,41,0,0,0,0,9160,0,0,0,0,0,9160,0,0,0,0,0,296378
15,42,0,0,0,0,9160,0,0,0,0,0,9160,0,0,0,0,0,296378
15,43,0,0,0,0,9160,0,0,0,0,0,9160,0,0,0,0,0,296378
15,44,0,0,0,0,9160,0,0,0,0,0,9160,0,0,0,0,0,296378
15,45,0,0,0,0,9160,0,0,0,0,0,9160,0,0,0,0,0,296378
15,46,0,0,0,0,9160,0,0,0,0,0,0,10080,0,0,0,0,291634
15,47,0,0,0,0,9160,0,0,0,0,0,0,10080,0,0,0,0,291634
15,48,0,0,0,0,9160,0,0,0,0,0,0,10080,0,0,0,0,291634
15,49,0,0,0,0,9160,0,0,0,0,0,0,10080,0,0,0,0,291634
15,50,0,0,0,0,9160,0,0,0,0,0,0,10080,0,0,0,0,291634
15,51,0,0,0,0,9160,0,0,0,0,0,0,10080,0,0,0,0,291634
15,52,0,0,0,0,9160,0,0,0,0,0,0,10080,0,0,0,0,291634
15,53,0,0,0,0,9160,0,0,0,0,0,0,10080,0,0,0,0,291634
15,54,0,0,0,0,9160,0,0,0,0,0,0,10080,0,0,0,0,291634
15,55,0,0,0,0,0,10080,0,0,0,0,8040,0,0,0,0,8040,234594
15,56,0,0,0,0,0,10080,0,0,0,0,8040,0,0,0,0,8040,234594
15,57,0,0,0,0,0,10080,0,0,0,0,8040,0,0,0,0,8040,234594
15,58,0,0,0,0,0,10080,0,0,0,0,8040,0,0,0,0,0,288850
15,59,0,0,0,0,0,10080,0,0,0,0,8040,0,0,0,0,0,288850
15,60,0,0,0,0,0,10080,0,0,0,0,8040,0,0,0,0,0,288850
15,61,0,0,0,0,0,10080,0,0,0,0,8040,0,0,0,0,0,288850
15,62,0,0,0,0,0,10080,0,0,0,0,8040,0,0,0,0,0,288850
15,63,0,0,0,0,0,10080,0,0,0,0,8040,0,0,0,0,0,288850
15,64,0,0,0,0,0,10080,0,0,0,0,0,9160,0,0,0,0,290317
15,65,0,0,0,0,0,10080,0,0,0,0,0,9160,0,0,0,0,290317
15,66,0,0,0,0,0,10080,0,0,0,0,0,9160,0,0,0,0,290317
15,67,0,0,0,0,0,10080,0,0,0,0,0,9160,0,0,0,0,290317
15,68,0,0,0,0,0,10080,0,0,0,0,0,9160,0,0,0,0,290317
15,69,0,0,0,0,0,10080,0,0,0,0,0,9160,0,0,0,0,290317
15,70,0,0,0,0,0,10080,0,0,0,0,0,9160,0,0,0,0,290317
15,71,0,0,0,0,0,10080,0,0,0,0,0,9160,0,0,0,0,290317
15,72,0,0,0,0,0,10080,0,0,0,0,0,9160,0,0,0,0,290317
15,73,0,0,0,0,0,10080,0,0,0,0,0,0,10080,0,0,0,202986
15,74,0,0,0,0,0,10080,0,0,0,0,0,0,10080,0,0,0,202986
15,75,0,0,0,0,0,10080,0,0,0,0,0,0,10080,0,0,0,202986
15,76,0,0,0,0,0,10080,0,0,0,0,0,0,10080,0,0,0,202986
15,77,0,0,0,0,0,10080,0,0,0,0,0,0,10080,0,0,0,202986
15,78,0,0,0,0,0,10080,0,0,0,0,0,0,10080,0,0,0,202986
15,79,0,0,0,0,0,10080,0,0,0,0,0,0,10080,0,0,0,202986
15,80,0,0,0,0,0,10080,0,0,0,0,0,0,10080,0,0,0,202986
15,81,0,0,0,0,0,10080,0,0,0,0,0,0,10080,0,0,0,202986
16,1,0,0,0,5520,0,0,0,0,5520,0,0,0,0,5520,0,0,96605
16,2,0,0,0,5520,0,0,0,0,5520,0,0,0,0,5520,0,0,96605
16,3,0,0,0,5520,0,0,0,0,5520,0,0,0,0,5520,0,0,96605
16,4,0,0,0,5520,0,0,0,0,5520,0,0,0,0,0,6390,0,109467
16,5,0,0,0,5520,0,0,0,0,5520,0,0,0,0,0,6390,0,109467
16,6,0,0,0,5520,0,0,0,0,5520,0,0,0,0,0,6390,0,109467
16,7,0,0,0,5520,0,0,0,0,5520,0,0,0,0,0,0,7080,132490
16,8,0,0,0,5520,0,0,0,0,5520,0,0,0,0,0,0,7080,132490
16,9,0,0,0,5520,0,0,0,0,5520,0,0,0,0,0,0,7080,132490
16,10,0,0,0,5520,0,0,0,0,0,6390,0,0,0,0,5520,0,112010
16,11,0,0,0,5520,0,0,0,0,0,6390,0,0,0,0,5520,0,112010
16,12,0,0,0,5520,0,0,0,0,0,6390,0,0,0,0,5520,0,112010
16,13,0,0,0,5520,0,0,0,0,0,6390,0,0,0,0,0,6390,138967
16,14,0,0,0,5520,0,0,0,0,0,6390,0,0,0,0,0,6390,138967
16,15,0,0,0,5520,0,0,0,0,0,6390,0,0,0,0,0,6390,138967
16,16,0,0,0,5520,0,0,0,0,0,6390,0,0,0,0,0,0,176788
16,17,0,0,0,5520,0,0,0,0,0,6390,0,0,0,0,0,0,176788
16,18,0,0,0,5520,0,0,0,0,0,6390,0,0,0,0,0,0,176788
16,19,0,0,0,5520,0,0,0,0,0,0,7080,0,0,0,0,5520,135542
16,20,0,0,0,5520,0,0,0,0,0,0,7080,0,0,0,0,5520,135542
16,21,0,0,0,5520,0,0,0,0,0,0,7080,0,0,0,0,5520,135542
16,22,0,0,0,5520,0,0,0,0,0,0,7080,0,0,0,0,0,177005
16,23,0,0,0,5520,0,0,0,0,0,0,7080,0,0,0,0,0,177005
16,24,0,0,0,5520,0,0,0,0,0,0,7080,0,0,0,0,0,177005
16,25,0,0,0,5520,0,0,0,0,0,0,7080,0,0,0,0,0,177005
16,26,0,0,0,5520,0,0,0,0,0,0,7080,0,0,0,0,0,177005
16,27,0,0,0,5520,0,0,0,0,0,0,7080,0,0,0,0,0,177005
16,28,0,0,0,0,6390,0,0,0,0,5520,0,0,0,0,5520,0,115747
16,29,0,0,0,0,6390,0,0,0,0,5520,0,0,0,0,5520,0,115747
16,30,0,0,0,0,6390,0,0,0,0,5520,0,0,0,0,5520,0,115747
16,31,0,0,0,0,6390,0,0,0,0,5520,0,0,0,0,0,6390,142704
16,32,0,0,0,0,6390,0,0,0,0,5520,0,0,0,0,0,6390,142704
16,33,0,0,0,0,6390,0,0,0,0,5520,0,0,0,0,0,6390,142704
16,34,0,0,0,0,6390,0,0,0,0,5520,0,0,0,0,0,0,180525
16,35,0,0,0,0,6390,0,0,0,0,5520,0,0,0,0,0,0,180525
16,36,0,0,0,0,6390,0,0,0,0,5520,0,0,0,0,0,0,180525
16,37,0,0,0,0,6390,0,0,0,0,0,6390,0,0,0,0,5520,145059
16,38,0,0,0,0,6390,0,0,0,0,0,6390,0,0,0,0,5520,145059
16,39,0,0,0,0,6390,0,0,0,0,0,6390,0,0,0,0,5520,145059
16,40,0,0,0,0,6390,0,0,0,0,0,6390,0,0,0,0,0,186522
16,41,0,0,0,0,6390,0,0,0,0,0,6390,0,0,0,0,0,186522
16,42,0,0,0,0,6390,0,0,0,0,0,6390,0,0,0,0,0,186522
16,43,0,0,0,0,6390,0,0,0,0,0,6390,0,0,0,0,0,186522
16,44,0,0,0,0,6390,0,0,0,0,0,6390,0,0,0,0,0,186522
16,45,0,0,0,0,6390,0,0,0,0,0,6390,0,0,0,0,0,186522
16,46,0,0,0,0,6390,0,0,0,0,0,0,7080,0,0,0,0,183351
16,47,0,0,0,0,6390,0,0,0,0,0,0,7080,0,0,0,0,183351
16,48,0,0,0,0,6390,0,0,0,0,0,0,7080,0,0,0,0,183351
16,49,0,0,0,0,6390,0,0,0,0,0,0,7080,0,0,0,0,183351
16,50,0,0,0,0,6390,0,0,0,0,0,0,7080,0,0,0,0,183351
16,51,0,0,0,0,6390,0,0,0,0,0,0,7080,0,0,0,0,183351
16,52,0,0,0,0,6390,0,0,0,0,0,0,7080,0,0,0,0,183351
16,53,0,0,0,0,6390,0,0,0,0,0,0,7080,0,0,0,0,183351
16,54,0,0,0,0,6390,0,0,0,0,0,0,7080,0,0,0,0,183351
16,55,0,0,0,0,0,7080,0,0,0,0,5520,0,0,0,0,5520,140025
16,56,0,0,0,0,0,7080,0,0,0,0,5520,0,0,0,0,5520,140025
16,57,0,0,0,0,0,7080,0,0,0,0,5520,0,0,0,0,5520,140025
16,58,0,0,0,0,0,7080,0,0,0,0,5520,0,0,0,0,0,181488
16,59,0,0,0,0,0,7080,0,0,0,0,5520,0,0,0,0,0,181488
16,60,0,0,0,0,0,7080,0,0,0,0,5520,0,0,0,0,0,181488
16,61,0,0,0,0,0,7080,0,0,0,0,5520,0,0,0,0,0,181488
16,62,0,0,0,0,0,7080,0,0,0,0,5520,0,0,0,0,0,181488
16,63,0,0,0,0,0,7080,0,0,0,0,5520,0,0,0,0,0,181488
16,64,0,0,0,0,0,7080,0,0,0,0,0,6390,0,0,0,0,183669
16,65,0,0,0,0,0,7080,0,0,0,0,0,6390,0,0,0,0,183669
16,66,0,0,0,0,0,7080,0,0,0,0,0,6390,0,0,0,0,183669
16,67,0,0,0,0,0,7080,0,0,0,0,0,6390,0,0,0,0,183669
16,68,0,0,0,0,0,7080,0,0,0,0,0,6390,0,0,0,0,183669
16,69,0,0,0,0,0,7080,0,0,0,0,0,6390,0,0,0,0,183669
16,70,0,0,0,0,0,7080,0,0,0,0,0,6390,0,0,0,0,183669
16,71,0,0,0,0,0,7080,0,0,0,0,0,6390,0,0,0,0,183669
16,72,0,0,0,0,0,7080,0,0,0,0,0,6390,0,0,0,0,183669
16,73,0,0,0,0,0,7080,0,0,0,0,0,0,7080,0,0,0,124886
16,74,0,0,0,0,0,7080,0,0,0,0,0,0,7080,0,0,0,124886
16,75,0,0,0,0,0,7080,0,0,0,0,0,0,7080,0,0,0,124886
16,76,0,0,0,0,0,7080,0,0,0,0,0,0,7080,0,0,0,124886
16,77,0,0,0,0,0,7080,0,0,0,0,0,0,7080,0,0,0,124886
16,78,0,0,0,0,0,7080,0,0,0,0,0,0,7080,0,0,0,124886
16,79,0,0,0,0,0,7080,0,0,0,0,0,0,7080,0,0,0,124886
16,80,0,0,0,0,0,7080,0,0,0,0,0,0,7080,0,0,0,124886
16,81,0,0,0,0,0,7080,0,0,0,0,0,0,7080,0,0,0,124886
17,1,0,0,0,4898,0,0,0,0,4898,0,0,0,0,4898,0,0,31243
17,2,0,0,0,4898,0,0,0,0,4898,0,0,0,0,4898,0,0,31243
17,3,0,0,0,4898,0,0,0,0,4898,0,0,0,0,4898,0,0,31243
17,4,0,0,0,4898,0,0,0,0,4898,0,0,0,0,0,5828,0,47607
17,5,0,0,0,4898,0,0,0,0,4898,0,0,0,0,0,5828,0,47607
17,6,0,0,0,4898,0,0,0,0,4898,0,0,0,0,0,5828,0,47607
17,7,0,0,0,4898,0,0,0,0,4898,0,0,0,0,0,0,6572,71687
17,8,0,0,0,4898,0,0,0,0,4898,0,0,0,0,0,0,6572,71687
17,9,0,0,0,4898,0,0,0,0,4898,0,0,0,0,0,0,6572,71687
17,10,0,0,0,4898,0,0,0,0,0,5828,0,0,0,0,4898,0,52096
17,11,0,0,0,4898,0,0,0,0,0,5828,0,0,0,0,4898,0,52096
17,12,0,0,0,4898,0,0,0,0,0,5828,0,0,0,0,4898,0,52096
17,13,0,0,0,4898,0,0,0,0,0,5828,0,0,0,0,0,5828,80280
17,14,0,0,0,4898,0,0,0,0,0,5828,0,0,0,0,0,5828,80280
17,15,0,0,0,4898,0,0,0,0,0,5828,0,0,0,0,0,5828,80280
17,16,0,0,0,4898,0,0,0,0,0,5828,0,0,0,0,0,0,120447
17,17,0,0,0,4898,0,0,0,0,0,5828,0,0,0,0,0,0,120447
17,18,0,0,0,4898,0,0,0,0,0,5828,0,0,0,0,0,0,120447
17,19,0,0,0,4898,0,0,0,0,0,0,6572,0,0,0,0,4898,78407
17,20,0,0,0,4898,0,0,0,0,0,0,6572,0,0,0,0,4898,78407
17,21,0,0,0,4898,0,0,0,0,0,0,6572,0,0,0,0,4898,78407
17,22,0,0,0,4898,0,0,0,0,0,0,6572,0,0,0,0,0,122374
17,23,0,0,0,4898,0,0,0,0,0,0,6572,0,0,0,0,0,122374
17,24,0,0,0,4898,0,0,0,0,0,0,6572,0,0,0,0,0,122374
17,25,0,0,0,4898,0,0,0,0,0,0,6572,0,0,0,0,0,122374
17,26,0,0,0,4898,0,0,0,0,0,0,6572,0,0,0,0,0,122374
17,27,0,0,0,4898,0,0,0,0,0,0,6572,0,0,0,0,0,122374
17,28,0,0,0,0,5828,0,0,0,0,4898,0,0,0,0,4898,0,58690
17,29,0,0,0,0,5828,0,0,0,0,4898,0,0,0,0,4898,0,58690
17,30,0,0,0,0,5828,0,0,0,0,4898,0,0,0,0,4898,0,58690
17,31,0,0,0,0,5828,0,0,0,0,4898,0,0,0,0,0,5828,86874
17,32,0,0,0,0,5828,0,0,0,0,4898,0,0,0,0,0,5828,86874
17,33,0,0,0,0,5828,0,0,0,0,4898,0,0,0,0,0,5828,86874
17,34,0,0,0,0,5828,0,0,0,0,4898,0,0,0,0,0,0,127041
17,35,0,0,0,0,5828,0,0,0,0,4898,0,0,0,0,0,0,127041
17,36,0,0,0,0,5828,0,0,0,0,4898,0,0,0,0,0,0,127041
17,37,0,0,0,0,5828,0,0,0,0,0,5828,0,0,0,0,4898,91032
17,38,0,0,0,0,5828,0,0,0,0,0,5828,0,0,0,0,4898,91032
17,39,0,0,0,0,5828,0,0,0,0,0,5828,0,0,0,0,4898,91032
17,40,0,0,0,0,5828,0,0,0,0,0,5828,0,0,0,0,0,134999
17,41,0,0,0,0,5828,0,0,0,0,0,5828,0,0,0,0,0,134999
17,42,0,0,0,0,5828,0,0,0,0,0,5828,0,0,0,0,0,134999
17,43,0,0,0,0,5828,0,0,0,0,0,5828,0,0,0,0,0,134999
17,44,0,0,0,0,5828,0,0,0,0,0,5828,0,0,0,0,0,134999
17,45,0,0,0,0,5828,0,0,0,0,0,5828,0,0,0,0,0,134999
17,46,0,0,0,0,5828,0,0,0,0,0,0,6572,0,0,0,0,133262
17,47,0,0,0,0,5828,0,0,0,0,0,0,6572,0,0,0,0,133262
17,48,0,0,0,0,5828,0,0,0,0,0,0,6572,0,0,0,0,133262
17,49,0,0,0,0,5828,0,0,0,0,0,0,6572,0,0,0,0,133262
17,50,0,0,0,0,5828,0,0,0,0,0,0,6572,0,0,0,0,133262
17,51,0,0,0,0,5828,0,0,0,0,0,0,6572,0,0,0,0,133262
17,52,0,0,0,0,5828,0,0,0,0,0,0,6572,0,0,0,0,133262
17,53,0,0,0,0,5828,0,0,0,0,0,0,6572,0,0,0,0,133262
17,54,0,0,0,0,5828,0,0,0,0,0,0,6572,0,0,0,0,133262
17,55,0,0,0,0,0,6572,0,0,0,0,4898,0,0,0,0,4898,88278
17,56,0,0,0,0,0,6572,0,0,0,0,4898,0,0,0,0,4898,88278
17,57,0,0,0,0,0,6572,0,0,0,0,4898,0,0,0,0,4898,88278
17,58,0,0,0,0,0,6572,0,0,0,0,4898,0,0,0,0,0,132245
17,59,0,0,0,0,0,6572,0,0,0,0,4898,0,0,0,0,0,132245
17,60,0,0,0,0,0,6572,0,0,0,0,4898,0,0,0,0,0,132245
17,61,0,0,0,0,0,6572,0,0,0,0,4898,0,0,0,0,0,132245
17,62,0,0,0,0,0,6572,0,0,0,0,4898,0,0,0,0,0,132245
17,63,0,0,0,0,0,6572,0,0,0,0,4898,0,0,0,0,0,132245
17,64,0,0,0,0,0,6572,0,0,0,0,0,5828,0,0,0,0,136092
17,65,0,0,0,0,0,6572,0,0,0,0,0,5828,0,0,0,0,136092
17,66,0,0,0,0,0,6572,0,0,0,0,0,5828,0,0,0,0,136092
17,67,0,0,0,0,0,6572,0,0,0,0,0,5828,0,0,0,0,136092
17,68,0,0,0,0,0,6572,0,0,0,0,0,5828,0,0,0,0,136092
17,69,0,0,0,0,0,6572,0,0,0,0,0,5828,0,0,0,0,136092
17,70,0,0,0,0,0,6572,0,0,0,0,0,5828,0,0,0,0,136092
17,71,0,0,0,0,0,6572,0,0,0,0,0,5828,0,0,0,0,136092
17,72,0,0,0,0,0,6572,0,0,0,0,0,5828,0,0,0,0,136092
17,73,0,0,0,0,0,6572,0,0,0,0,0,0,6572,0,0,0,86699
17,74,0,0,0,0,0,6572,0,0,0,0,0,0,6572,0,0,0,86699
17,75,0,0,0,0,0,6572,0,0,0,0,0,0,6572,0,0,0,86699
17,76,0,0,0,0,0,6572,0,0,0,0,0,0,6572,0,0,0,86699
17,77,0,0,0,0,0,6572,0,0,0,0,0,0,6572,0,0,0,86699
17,78,0,0,0,0,0,6572,0,0,0,0,0,0,6572,0,0,0,86699
17,79,0,0,0,0,0,6572,0,0,0,0,0,0,6572,0,0,0,86699
17,80,0,0,0,0,0,6572,0,0,0,0,0,0,6572,0,0,0,86699
17,81,0,0,0,0,0,6572,0,0,0,0,0,0,6572,0,0,0,86699
18,1,0,0,0,6600,0,0,0,0,6600,0,0,0,0,6600,0,0,64139
18,2,0,0,0,6600,0,0,0,0,6600,0,0,0,0,6600,0,0,64139
18,3,0,0,0,6600,0,0,0,0,6600,0,0,0,0,6600,0,0,64139
18,4,0,0,0,6600,0,0,0,0,6600,0,0,0,0,0,7800,0,84408
18,5,0,0,0,6600,0,0,0,0,6600,0,0,0,0,0,7800,0,84408
18,6,0,0,0,6600,0,0,0,0,6600,0,0,0,0,0,7800,0,84408
18,7,0,0,0,6600,0,0,0,0,6600,0,0,0,0,0,0,8760,115476
18,8,0,0,0,6600,0,0,0,0,6600,0,0,0,0,0,0,8760,115476
18,9,0,0,0,6600,0,0,0,0,6600,0,0,0,0,0,0,8760,115476
18,10,0,0,0,6600,0,0,0,0,0,7800,0,0,0,0,6600,0,89637
18,11,0,0,0,6600,0,0,0,0,0,7800,0,0,0,0,6600,0,89637
18,12,0,0,0,6600,0,0,0,0,0,7800,0,0,0,0,6600,0,89637
18,13,0,0,0,6600,0,0,0,0,0,7800,0,0,0,0,0,7800,126001
18,14,0,0,0,6600,0,0,0,0,0,7800,0,0,0,0,0,7800,126001
18,15,0,0,0,6600,0,0,0,0,0,7800,0,0,0,0,0,7800,126001
18,16,0,0,0,6600,0,0,0,0,0,7800,0,0,0,0,0,0,177618
18,17,0,0,0,6600,0,0,0,0,0,7800,0,0,0,0,0,0,177618
18,18,0,0,0,6600,0,0,0,0,0,7800,0,0,0,0,0,0,177618
18,19,0,0,0,6600,0,0,0,0,0,0,8760,0,0,0,0,6600,123063
18,20,0,0,0,6600,0,0,0,0,0,0,8760,0,0,0,0,6600,123063
18,21,0,0,0,6600,0,0,0,0,0,0,8760,0,0,0,0,6600,123063
18,22,0,0,0,6600,0,0,0,0,0,0,8760,0,0,0,0,0,179584
18,23,0,0,0,6600,0,0,0,0,0,0,8760,0,0,0,0,0,179584
18,24,0,0,0,6600,0,0,0,0,0,0,8760,0,0,0,0,0,179584
18,25,0,0,0,6600,0,0,0,0,0,0,8760,0,0,0,0,0,179584
18,26,0,0,0,6600,0,0,0,0,0,0,8760,0,0,0,0,0,179584
18,27,0,0,0,6600,0,0,0,0,0,0,8760,0,0,0,0,0,179584
18,28,0,0,0,0,7800,0,0,0,0,6600,0,0,0,0,6600,0,97322
18,29,0,0,0,0,7800,0,0,0,0,6600,0,0,0,0,6600,0,97322
18,30,0,0,0,0,7800,0,0,0,0,6600,0,0,0,0,6600,0,97322
18,31,0,0,0,0,7800,0,0,0,0,6600,0,0,0,0,0,7800,133686
18,32,0,0,0,0,7800,0,0,0,0,6600,0,0,0,0,0,7800,133686
18,33,0,0,0,0,7800,0,0,0,0,6600,0,0,0,0,0,7800,133686
18,34,0,0,0,0,7800,0,0,0,0,6600,0,0,0,0,0,0,185303
18,35,0,0,0,0,7800,0,0,0,0,6600,0,0,0,0,0,0,185303
18,36,0,0,0,0,7800,0,0,0,0,6600,0,0,0,0,0,0,185303
18,37,0,0,0,0,7800,0,0,0,0,0,7800,0,0,0,0,6600,138530
18,38,0,0,0,0,7800,0,0,0,0,0,7800,0,0,0,0,6600,138530
18,39,0,0,0,0,7800,0,0,0,0,0,7800,0,0,0,0,6600,138530
18,40,0,0,0,0,7800,0,0,0,0,0,7800,0,0,0,0,0,195051
18,41,0,0,0,0,7800,0,0,0,0,0,7800,0,0,0,0,0,195051
18,42,0,0,0,0,7800,0,0,0,0,0,7800,0,0,0,0,0,195051
18,43,0,0,0,0,7800,0,0,0,0,0,7800,0,0,0,0,0,195051
18,44,0,0,0,0,7800,0,0,0,0,0,7800,0,0,0,0,0,195051
18,45,0,0,0,0,7800,0,0,0,0,0,7800,0,0,0,0,0,195051
18,46,0,0,0,0,7800,0,0,0,0,0,0,8760,0,0,0,0,192330
18,47,0,0,0,0,7800,0,0,0,0,0,0,8760,0,0,0,0,192330
18,48,0,0,0,0,7800,0,0,0,0,0,0,8760,0,0,0,0,192330
18,49,0,0,0,0,7800,0,0,0,0,0,0,8760,0,0,0,0,192330
18,50,0,0,0,0,7800,0,0,0,0,0,0,8760,0,0,0,0,192330
18,51,0,0,0,0,7800,0,0,0,0,0,0,8760,0,0,0,0,192330
18,52,0,0,0,0,7800,0,0,0,0,0,0,8760,0,0,0,0,192330
18,53,0,0,0,0,7800,0,0,0,0,0,0,8760,0,0,0,0,192330
18,54,0,0,0,0,7800,0,0,0,0,0,0,8760,0,0,0,0,192330
18,55,0,0,0,0,0,8760,0,0,0,0,6600,0,0,0,0,6600,134213
18,56,0,0,0,0,0,8760,0,0,0,0,6600,0,0,0,0,6600,134213
18,57,0,0,0,0,0,8760,0,0,0,0,6600,0,0,0,0,6600,134213
18,58,0,0,0,0,0,8760,0,0,0,0,6600,0,0,0,0,0,190734
18,59,0,0,0,0,0,8760,0,0,0,0,6600,0,0,0,0,0,190734
18,60,0,0,0,0,0,8760,0,0,0,0,6600,0,0,0,0,0,190734
18,61,0,0,0,0,0,8760,0,0,0,0,6600,0,0,0,0,0,190734
18,62,0,0,0,0,0,8760,0,0,0,0,6600,0,0,0,0,0,190734
18,63,0,0,0,0,0,8760,0,0,0,0,6600,0,0,0,0,0,190734
18,64,0,0,0,0,0,8760,0,0,0,0,0,7800,0,0,0,0,195219
18,65,0,0,0,0,0,8760,0,0,0,0,0,7800,0,0,0,0,195219
18,66,0,0,0,0,0,8760,0,0,0,0,0,7800,0,0,0,0,195219
18,67,0,0,0,0,0,8760,0,0,0,0,0,7800,0,0,0,0,195219
18,68,0,0,0,0,0,8760,0,0,0,0,0,7800,0,0,0,0,195219
18,69,0,0,0,0,0,8760,0,0,0,0,0,7800,0,0,0,0,195219
18,70,0,0,0,0,0,8760,0,0,0,0,0,7800,0,0,0,0,195219
18,71,0,0,0,0,0,8760,0,0,0,0,0,7800,0,0,0,0,195219
18,72,0,0,0,0,0,8760,0,0,0,0,0,7800,0,0,0,0,195219
18,73,0,0,0,0,0,8760,0,0,0,0,0,0,8760,0,0,0,127655
18,74,0,0,0,0,0,8760,0,0,0,0,0,0,8760,0,0,0,127655
18,75,0,0,0,0,0,8760,0,0,0,0,0,0,8760,0,0,0,127655
18,76,0,0,0,0,0,8760,0,0,0,0,0,0,8760,0,0,0,127655
18,77,0,0,0,0,0,8760,0,0,0,0,0,0,8760,0,0,0,127655
18,78,0,0,0,0,0,8760,0,0,0,0,0,0,8760,0,0,0,127655
18,79,0,0,0,0,0,8760,0,0,0,0,0,0,8760,0,0,0,127655
18,80,0,0,0,0,0,8760,0,0,0,0,0,0,8760,0,0,0,127655
18,81,0,0,0,0,0,8760,0,0,0,0,0,0,8760,0,0,0,127655
19,1,0,0,0,4806,0,0,0,0,4806,0,0,0,0,4806,0,0,73161
19,2,0,0,0,4806,0,0,0,0,4806,0,0,0,0,4806,0,0,73161
19,3,0,0,0,4806,0,0,0,0,4806,0,0,0,0,4806,0,0,73161
19,4,0,0,0,4806,0,0,0,0,4806,0,0,0,0,0,5589,0,85272
19,5,0,0,0,4806,0,0,0,0,4806,0,0,0,0,0,5589,0,85272
19,6,0,0,0,4806,0,0,0,0,4806,0,0,0,0,0,5589,0,85272
19,7,0,0,0,4806,0,0,0,0,4806,0,0,0,0,0,0,6237,106386
19,8,0,0,0,4806,0,0,0,0,4806,0,0,0,0,0,0,6237,106386
19,9,0,0,0,4806,0,0,0,0,4806,0,0,0,0,0,0,6237,106386
19,10,0,0,0,4806,0,0,0,0,0,5589,0,0,0,0,4806,0,87885
19,11,0,0,0,4806,0,0,0,0,0,5589,0,0,0,0,4806,0,87885
19,12,0,0,0,4806,0,0,0,0,0,5589,0,0,0,0,4806,0,87885
19,13,0,0,0,4806,0,0,0,0,0,5589,0,0,0,0,0,5589,112114
19,14,0,0,0,4806,0,0,0,0,0,5589,0,0,0,0,0,5589,112114
19,15,0,0,0,4806,0,0,0,0,0,5589,0,0,0,0,0,5589,112114
19,16,0,0,0,4806,0,0,0,0,0,5589,0,0,0,0,0,0,146657
19,17,0,0,0,4806,0,0,0,0,0,5589,0,0,0,0,0,0,146657
19,18,0,0,0,4806,0,0,0,0,0,5589,0,0,0,0,0,0,146657
19,19,0,0,0,4806,0,0,0,0,0,0,6237,0,0,0,0,4806,109957
19,20,0,0,0,4806,0,0,0,0,0,0,6237,0,0,0,0,4806,109957
19,21,0,0,0,4806,0,0,0,0,0,0,6237,0,0,0,0,4806,109957
19,22,0,0,0,4806,0,0,0,0,0,0,6237,0,0,0,0,0,147383
19,23,0,0,0,4806,0,0,0,0,0,0,6237,0,0,0,0,0,147383
19,24,0,0,0,4806,0,0,0,0,0,0,6237,0,0,0,0,0,147383
19,25,0,0,0,4806,0,0,0,0,0,0,6237,0,0,0,0,0,147383
19,26,0,0,0,4806,0,0,0,0,0,0,6237,0,0,0,0,0,147383
19,27,0,0,0,4806,0,0,0,0,0,0,6237,0,0,0,0,0,147383
19,28,0,0,0,0,5589,0,0,0,0,4806,0,0,0,0,4806,0,91724
19,29,0,0,0,0,5589,0,0,0,0,4806,0,0,0,0,4806,0,91724
19,30,0,0,0,0,5589,0,0,0,0,4806,0,0,0,0,4806,0,91724
19,31,0,0,0,0,5589,0,0,0,0,4806,0,0,0,0,0,5589,115953
19,32,0,0,0,0,5589,0,0,0,0,4806,0,0,0,0,0,5589,115953
19,33,0,0,0,0,5589,0,0,0,0,4806,0,0,0,0,0,5589,115953
19,34,0,0,0,0,5589,0,0,0,0,4806,0,0,0,0,0,0,150496
19,35,0,0,0,0,5589,0,0,0,0,4806,0,0,0,0,0,0,150496
19,36,0,0,0,0,5589,0,0,0,0,4806,0,0,0,0,0,0,150496
19,37,0,0,0,0,5589,0,0,0,0,0,5589,0,0,0,0,4806,118372
19,38,0,0,0,0,5589,0,0,0,0,0,5589,0,0,0,0,4806,118372
19,39,0,0,0,0,5589,0,0,0,0,0,5589,0,0,0,0,4806,118372
19,40,0,0,0,0,5589,0,0,0,0,0,5589,0,0,0,0,0,155798
19,41,0,0,0,0,5589,0,0,0,0,0,5589,0,0,0,0,0,155798
19,42,0,0,0,0,5589,0,0,0,0,0,5589,0,0,0,0,0,155798
19,43,0,0,0,0,5589,0,0,0,0,0,5589,0,0,0,0,0,155798
19,44,0,0,0,0,5589,0,0,0,0,0,5589,0,0,0,0,0,155798
19,45,0,0,0,0,5589,0,0,0,0,0,5589,0,0,0,0,0,155798
19,46,0,0,0,0,5589,0,0,0,0,0,0,6237,0,0,0,0,153802
19,47,0,0,0,0,5589,0,0,0,0,0,0,6237,0,0,0,0,153802
19,48,0,0,0,0,5589,0,0,0,0,0,0,6237,0,0,0,0,153802
19,49,0,0,0,0,5589,0,0,0,0,0,0,6237,0,0,0,0,153802
19,50,0,0,0,0,5589,0,0,0,0,0,0,6237,0,0,0,0,153802
19,51,0,0,0,0,5589,0,0,0,0,0,0,6237,0,0,0,0,153802
19,52,0,0,0,0,5589,0,0,0,0,0,0,6237,0,0,0,0,153802
19,53,0,0,0,0,5589,0,0,0,0,0,0,6237,0,0,0,0,153802
19,54,0,0,0,0,5589,0,0,0,0,0,0,6237,0,0,0,0,153802
19,55,0,0,0,0,0,6237,0,0,0,0,4806,0,0,0,0,4806,115202
19,56,0,0,0,0,0,6237,0,0,0,0,4806,0,0,0,0,4806,115202
19,57,0,0,0,0,0,6237,0,0,0,0,4806,0,0,0,0,4806,115202
19,58,0,0,0,0,0,6237,0,0,0,0,4806,0,0,0,0,0,152628
19,59,0,0,0,0,0,6237,0,0,0,0,4806,0,0,0,0,0,152628
19,60,0,0,0,0,0,6237,0,0,0,0,4806,0,0,0,0,0,152628
19,61,0,0,0,0,0,6237,0,0,0,0,4806,0,0,0,0,0,152628
19,62,0,0,0,0,0,6237,0,0,0,0,4806,0,0,0,0,0,152628
19,63,0,0,0,0,0,6237,0,0,0,0,4806,0,0,0,0,0,152628
19,64,0,0,0,0,0,6237,0,0,0,0,0,5589,0,0,0,0,154870
19,65,0,0,0,0,0,6237,0,0,0,0,0,5589,0,0,0,0,154870
19,66,0,0,0,0,0,6237,0,0,0,0,0,5589,0,0,0,0,154870
19,67,0,0,0,0,0,6237,0,0,0,0,0,5589,0,0,0,0,154870
19,68,0,0,0,0,0,6237,0,0,0,0,0,5589,0,0,0,0,154870
19,69,0,0,0,0,0,6237,0,0,0,0,0,5589,0,0,0,0,154870
19,70,0,0,0,0,0,6237,0,0,0,0,0,5589,0,0,0,0,154870
19,71,0,0,0,0,0,6237,0,0,0,0,0,5589,0,0,0,0,154870
19,72,0,0,0,0,0,6237,0,0,0,0,0,5589,0,0,0,0,154870
19,73,0,0,0,0,0,6237,0,0,0,0,0,0,6237,0,0,0,104651
19,74,0,0,0,0,0,6237,0,0,0,0,0,0,6237,0,0,0,104651
19,75,0,0,0,0,0,6237,0,0,0,0,0,0,6237,0,0,0,104651
19,76,0,0,0,0,0,6237,0,0,0,0,0,0,6237,0,0,0,104651
19,77,0,0,0,0,0,6237,0,0,0,0,0,0,6237,0,0,0,104651
19,78,0,0,0,0,0,6237,0,0,0,0,0,0,6237,0,0,0,104651
19,79,0,0,0,0,0,6237,0,0,0,0,0,0,6237,0,0,0,104651
19,80,0,0,0,0,0,6237,0,0,0,0,0,0,6237,0,0,0,104651
19,81,0,0,0,0,0,6237,0,0,0,0,0,0,6237,0,0,0,104651
20,1,0,0,0,3738,0,0,0,0,3738,0,0,0,0,3738,0,0,56904
20,2,0,0,0,3738,0,0,0,0,3738,0,0,0,0,3738,0,0,56904
20,3,0,0,0,3738,0,0,0,0,3738,0,0,0,0,3738,0,0,56904
20,4,0,0,0,3738,0,0,0,0,3738,0,0,0,0,0,4347,0,66325
20,5,0,0,0,3738,0,0,0,0,3738,0,0,0,0,0,4347,0,66325
20,6,0,0,0,3738,0,0,0,0,3738,0,0,0,0,0,4347,0,66325
20,7,0,0,0,3738,0,0,0,0,3738,0,0,0,0,0,0,4851,82748
20,8,0,0,0,3738,0,0,0,0,3738,0,0,0,0,0,0,4851,82748
20,9,0,0,0,3738,0,0,0,0,3738,0,0,0,0,0,0,4851,82748
20,10,0,0,0,3738,0,0,0,0,0,4347,0,0,0,0,3738,0,68358
20,11,0,0,0,3738,0,0,0,0,0,4347,0,0,0,0,3738,0,68358
20,12,0,0,0,3738,0,0,0,0,0,4347,0,0,0,0,3738,0,68358
20,13,0,0,0,3738,0,0,0,0,0,4347,0,0,0,0,0,4347,87204
20,14,0,0,0,3738,0,0,0,0,0,4347,0,0,0,0,0,4347,87204
20,15,0,0,0,3738,0,0,0,0,0,4347,0,0,0,0,0,4347,87204
20,16,0,0,0,3738,0,0,0,0,0,4347,0,0,0,0,0,0,114070
20,17,0,0,0,3738,0,0,0,0,0,4347,0,0,0,0,0,0,114070
20,18,0,0,0,3738,0,0,0,0,0,4347,0,0,0,0,0,0,114070
20,19,0,0,0,3738,0,0,0,0,0,0,4851,0,0,0,0,3738,85525
20,20,0,0,0,3738,0,0,0,0,0,0,4851,0,0,0,0,3738,85525
20,21,0,0,0,3738,0,0,0,0,0,0,4851,0,0,0,0,3738,85525
20,22,0,0,0,3738,0,0,0,0,0,0,4851,0,0,0,0,0,114635
20,23,0,0,0,3738,0,0,0,0,0,0,4851,0,0,0,0,0,114635
20,24,0,0,0,3738,0,0,0,0,0,0,4851,0,0,0,0,0,114635
20,25,0,0,0,3738,0,0,0,0,0,0,4851,0,0,0,0,0,114635
20,26,0,0,0,3738,0,0,0,0,0,0,4851,0,0,0,0,0,114635
20,27,0,0,0,3738,0,0,0,0,0,0,4851,0,0,0,0,0,114635
20,28,0,0,0,0,4347,0,0,0,0,3738,0,0,0,0,3738,0,71342
20,29,0,0,0,0,4347,0,0,0,0,3738,0,0,0,0,3738,0,71342
20,30,0,0,0,0,4347,0,0,0,0,3738,0,0,0,0,3738,0,71342
20,31,0,0,0,0,4347,0,0,0,0,3738,0,0,0,0,0,4347,90188
20,32,0,0,0,0,4347,0,0,0,0,3738,0,0,0,0,0,4347,90188
20,33,0,0,0,0,4347,0,0,0,0,3738,0,0,0,0,0,4347,90188
20,34,0,0,0,0,4347,0,0,0,0,3738,0,0,0,0,0,0,117054
20,35,0,0,0,0,4347,0,0,0,0,3738,0,0,0,0,0,0,117054
20,36,0,0,0,0,4347,0,0,0,0,3738,0,0,0,0,0,0,117054
20,37,0,0,0,0,4347,0,0,0,0,0,4347,0,0,0,0,3738,92069
20,38,0,0,0,0,4347,0,0,0,0,0,4347,0,0,0,0,3738,92069
20,39,0,0,0,0,4347,0,0,0,0,0,4347,0,0,0,0,3738,92069
20,40,0,0,0,0,4347,0,0,0,0,0,4347,0,0,0,0,0,121179
20,41,0,0,0,0,4347,0,0,0,0,0,4347,0,0,0,0,0,121179
20,42,0,0,0,0,4347,0,0,0,0,0,4347,0,0,0,0,0,121179
20,43,0,0,0,0,4347,0,0,0,0,0,4347,0,0,0,0,0,121179
20,44,0,0,0,0,4347,0,0,0,0,0,4347,0,0,0,0,0,121179
20,45,0,0,0,0,4347,0,0,0,0,0,4347,0,0,0,0,0,121179
20,46,0,0,0,0,4347,0,0,0,0,0,0,4851,0,0,0,0,119625
20,47,0,0,0,0,4347,0,0,0,0,0,0,4851,0,0,0,0,119625
20,48,0,0,0,0,4347,0,0,0,0,0,0,4851,0,0,0,0,119625
20,49,0,0,0,0,4347,0,0,0,0,0,0,4851,0,0,0,0,119625
20,50,0,0,0,0,4347,0,0,0,0,0,0,4851,0,0,0,0,119625
20,51,0,0,0,0,4347,0,0,0,0,0,0,4851,0,0,0,0,119625
20,52,0,0,0,0,4347,0,0,0,0,0,0,4851,0,0,0,0,119625
20,53,0,0,0,0,4347,0,0,0,0,0,0,4851,0,0,0,0,119625
20,54,0,0,0,0,4347,0,0,0,0,0,0,4851,0,0,0,0,119625
20,55,0,0,0,0,0,4851,0,0,0,0,3738,0,0,0,0,3738,89602
20,56,0,0,0,0,0,4851,0,0,0,0,3738,0,0,0,0,3738,89602
20,57,0,0,0,0,0,4851,0,0,0,0,3738,0,0,0,0,3738,89602
20,58,0,0,0,0,0,4851,0,0,0,0,3738,0,0,0,0,0,118712
20,59,0,0,0,0,0,4851,0,0,0,0,3738,0,0,0,0,0,118712
20,60,0,0,0,0,0,4851,0,0,0,0,3738,0,0,0,0,0,118712
20,61,0,0,0,0,0,4851,0,0,0,0,3738,0,0,0,0,0,118712
20,62,0,0,0,0,0,4851,0,0,0,0,3738,0,0,0,0,0,118712
20,63,0,0,0,0,0,4851,0,0,0,0,3738,0,0,0,0,0,118712
20,64,0,0,0,0,0,4851,0,0,0,0,0,4347,0,0,0,0,120454
20,65,0,0,0,0,0,4851,0,0,0,0,0,4347,0,0,0,0,120454
20,66,0,0,0,0,0,4851,0,0,0,0,0,4347,0,0,0,0,120454
20,67,0,0,0,0,0,4851,0,0,0,0,0,4347,0,0,0,0,120454
20,68,0,0,0,0,0,4851,0,0,0,0,0,4347,0,0,0,0,120454
20,69,0,0,0,0,0,4851,0,0,0,0,0,4347,0,0,0,0,120454
20,70,0,0,0,0,0,4851,0,0,0,0,0,4347,0,0,0,0,120454
20,71,0,0,0,0,0,4851,0,0,0,0,0,4347,0,0,0,0,120454
20,72,0,0,0,0,0,4851,0,0,0,0,0,4347,0,0,0,0,120454
20,73,0,0,0,0,0,4851,0,0,0,0,0,0,4851,0,0,0,81395
20,74,0,0,0,0,0,4851,0,0,0,0,0,0,4851,0,0,0,81395
20,75,0,0,0,0,0,4851,0,0,0,0,0,0,4851,0,0,0,81395
20,76,0,0,0,0,0,4851,0,0,0,0,0,0,4851,0,0,0,81395
20,77,0,0,0,0,0,4851,0,0,0,0,0,0,4851,0,0,0,81395
20,78,0,0,0,0,0,4851,0,0,0,0,0,0,4851,0,0,0,81395
20,79,0,0,0,0,0,4851,0,0,0,0,0,0,4851,0,0,0,81395
20,80,0,0,0,0,0,4851,0,0,0,0,0,0,4851,0,0,0,81395
20,81,0,0,0,0,0,4851,0,0,0,0,0,0,4851,0,0,0,81395
21,1,0,0,0,8740,0,0,0,0,8740,0,0,0,0,8740,0,0,171613
21,2,0,0,0,8740,0,0,0,0,8740,0,0,0,0,8740,0,0,171613
21,3,0,0,0,8740,0,0,0,0,8740,0,0,0,0,8740,0,0,171613
21,4,0,0,0,8740,0,0,0,0,8740,0,0,0,0,0,10074,0,190422
21,5,0,0,0,8740,0,0,0,0,8740,0,0,0,0,0,10074,0,190422
21,6,0,0,0,8740,0,0,0,0,8740,0,0,0,0,0,10074,0,190422
21,7,0,0,0,8740,0,0,0,0,8740,0,0,0,0,0,0,11132,225780
21,8,0,0,0,8740,0,0,0,0,8740,0,0,0,0,0,0,11132,225780
21,9,0,0,0,8740,0,0,0,0,8740,0,0,0,0,0,0,11132,225780
21,10,0,0,0,8740,0,0,0,0,0,10074,0,0,0,0,8740,0,193769
21,11,0,0,0,8740,0,0,0,0,0,10074,0,0,0,0,8740,0,193769
21,12,0,0,0,8740,0,0,0,0,0,10074,0,0,0,0,8740,0,193769
21,13,0,0,0,8740,0,0,0,0,0,10074,0,0,0,0,0,10074,235158
21,14,0,0,0,8740,0,0,0,0,0,10074,0,0,0,0,0,10074,235158
21,15,0,0,0,8740,0,0,0,0,0,10074,0,0,0,0,0,10074,235158
21,16,0,0,0,8740,0,0,0,0,0,10074,0,0,0,0,0,0,292960
21,17,0,0,0,8740,0,0,0,0,0,10074,0,0,0,0,0,0,292960
21,18,0,0,0,8740,0,0,0,0,0,10074,0,0,0,0,0,0,292960
21,19,0,0,0,8740,0,0,0,0,0,0,11132,0,0,0,0,8740,229393
21,20,0,0,0,8740,0,0,0,0,0,0,11132,0,0,0,0,8740,229393
21,21,0,0,0,8740,0,0,0,0,0,0,11132,0,0,0,0,8740,229393
21,22,0,0,0,8740,0,0,0,0,0,0,11132,0,0,0,0,0,292780
21,23,0,0,0,8740,0,0,0,0,0,0,11132,0,0,0,0,0,292780
21,24,0,0,0,8740,0,0,0,0,0,0,11132,0,0,0,0,0,292780
21,25,0,0,0,8740,0,0,0,0,0,0,11132,0,0,0,0,0,292780
21,26,0,0,0,8740,0,0,0,0,0,0,11132,0,0,0,0,0,292780
21,27,0,0,0,8740,0,0,0,0,0,0,11132,0,0,0,0,0,292780
21,28,0,0,0,0,10074,0,0,0,0,8740,0,0,0,0,8740,0,198687
21,29,0,0,0,0,10074,0,0,0,0,8740,0,0,0,0,8740,0,198687
21,30,0,0,0,0,10074,0,0,0,0,8740,0,0,0,0,8740,0,198687
21,31,0,0,0,0,10074,0,0,0,0,8740,0,0,0,0,0,10074,240076
21,32,0,0,0,0,10074,0,0,0,0,8740,0,0,0,0,0,10074,240076
21,33,0,0,0,0,10074,0,0,0,0,8740,0,0,0,0,0,10074,240076
21,34,0,0,0,0,10074,0,0,0,0,8740,0,0,0,0,0,0,297878
21,35,0,0,0,0,10074,0,0,0,0,8740,0,0,0,0,0,0,297878
21,36,0,0,0,0,10074,0,0,0,0,8740,0,0,0,0,0,0,297878
21,37,0,0,0,0,10074,0,0,0,0,0,10074,0,0,0,0,8740,243175
21,38,0,0,0,0,10074,0,0,0,0,0,10074,0,0,0,0,8740,243175
21,39,0,0,0,0,10074,0,0,0,0,0,10074,0,0,0,0,8740,243175
21,40,0,0,0,0,10074,0,0,0,0,0,10074,0,0,0,0,0,306562
21,41,0,0,0,0,10074,0,0,0,0,0,10074,0,0,0,0,0,306562
21,42,0,0,0,0,10074,0,0,0,0,0,10074,0,0,0,0,0,306562
21,43,0,0,0,0,10074,0,0,0,0,0,10074,0,0,0,0,0,306562
21,44,0,0,0,0,10074,0,0,0,0,0,10074,0,0,0,0,0,306562
21,45,0,0,0,0,10074,0,0,0,0,0,10074,0,0,0,0,0,306562
21,46,0,0,0,0,10074,0,0,0,0,0,0,11132,0,0,0,0,301225
21,47,0,0,0,0,10074,0,0,0,0,0,0,11132,0,0,0,0,301225
21,48,0,0,0,0,10074,0,0,0,0,0,0,11132,0,0,0,0,301225
21,49,0,0,0,0,10074,0,0,0,0,0,0,11132,0,0,0,0,301225
21,50,0,0,0,0,10074,0,0,0,0,0,0,11132,0,0,0,0,301225
21,51,0,0,0,0,10074,0,0,0,0,0,0,11132,0,0,0,0,301225
21,52,0,0,0,0,10074,0,0,0,0,0,0,11132,0,0,0,0,301225
21,53,0,0,0,0,10074,0,0,0,0,0,0,11132,0,0,0,0,301225
21,54,0,0,0,0,10074,0,0,0,0,0,0,11132,0,0,0,0,301225
21,55,0,0,0,0,0,11132,0,0,0,0,8740,0,0,0,0,8740,234705
21,56,0,0,0,0,0,11132,0,0,0,0,8740,0,0,0,0,8740,234705
21,57,0,0,0,0,0,11132,0,0,0,0,8740,0,0,0,0,8740,234705
21,58,0,0,0,0,0,11132,0,0,0,0,8740,0,0,0,0,0,298092
21,59,0,0,0,0,0,11132,0,0,0,0,8740,0,0,0,0,0,298092
21,60,0,0,0,0,0,11132,0,0,0,0,8740,0,0,0,0,0,298092
21,61,0,0,0,0,0,11132,0,0,0,0,8740,0,0,0,0,0,298092
21,62,0,0,0,0,0,11132,0,0,0,0,8740,0,0,0,0,0,298092
21,63,0,0,0,0,0,11132,0,0,0,0,8740,0,0,0,0,0,298092
21,64,0,0,0,0,0,11132,0,0,0,0,0,10074,0,0,0,0,300962
21,65,0,0,0,0,0,11132,0,0,0,0,0,10074,0,0,0,0,300962
21,66,0,0,0,0,0,11132,0,0,0,0,0,10074,0,0,0,0,300962
21,67,0,0,0,0,0,11132,0,0,0,0,0,10074,0,0,0,0,300962
21,68,0,0,0,0,0,11132,0,0,0,0,0,10074,0,0,0,0,300962
21,69,0,0,0,0,0,11132,0,0,0,0,0,10074,0,0,0,0,300962
21,70,0,0,0,0,0,11132,0,0,0,0,0,10074,0,0,0,0,300962
21,71,0,0,0,0,0,11132,0,0,0,0,0,10074,0,0,0,0,300962
21,72,0,0,0,0,0,11132,0,0,0,0,0,10074,0,0,0,0,300962
21,73,0,0,0,0,0,11132,0,0,0,0,0,0,11132,0,0,0,207168
21,74,0,0,0,0,0,11132,0,0,0,0,0,0,11132,0,0,0,207168
21,75,0,0,0,0,0,11132,0,0,0,0,0,0,11132,0,0,0,207168
21,76,0,0,0,0,0,11132,0,0,0,0,0,0,11132,0,0,0,207168
21,77,0,0,0,0,0,11132,0,0,0,0,0,0,11132,0,0,0,207168
21,78,0,0,0,0,0,11132,0,0,0,0,0,0,11132,0,0,0,207168
21,79,0,0,0,0,0,11132,0,0,0,0,0,0,11132,0,0,0,207168
21,80,0,0,0,0,0,11132,0,0,0,0,0,0,11132,0,0,0,207168
21,81,0,0,0,0,0,11132,0,0,0,0,0,0,11132,0,0,0,207168
22,1,0,0,0,3476,0,0,0,0,3476,0,0,0,0,3476,0,0,22177
22,2,0,0,0,3476,0,0,0,0,3476,0,0,0,0,3476,0,0,22177
22,3,0,0,0,3476,0,0,0,0,3476,0,0,0,0,3476,0,0,22177
22,4,0,0,0,3476,0,0,0,0,3476,0,0,0,0,0,4136,0,33790
22,5,0,0,0,3476,0,0,0,0,3476,0,0,0,0,0,4136,0,33790
22,6,0,0,0,3476,0,0,0,0,3476,0,0,0,0,0,4136,0,33790
22,7,0,0,0,3476,0,0,0,0,3476,0,0,0,0,0,0,4664,50879
22,8,0,0,0,3476,0,0,0,0,3476,0,0,0,0,0,0,4664,50879
22,9,0,0,0,3476,0,0,0,0,3476,0,0,0,0,0,0,4664,50879
22,10,0,0,0,3476,0,0,0,0,0,4136,0,0,0,0,3476,0,36975
22,11,0,0,0,3476,0,0,0,0,0,4136,0,0,0,0,3476,0,36975
22,12,0,0,0,3476,0,0,0,0,0,4136,0,0,0,0,3476,0,36975
22,13,0,0,0,3476,0,0,0,0,0,4136,0,0,0,0,0,4136,56977
22,14,0,0,0,3476,0,0,0,0,0,4136,0,0,0,0,0,4136,56977
22,15,0,0,0,3476,0,0,0,0,0,4136,0,0,0,0,0,4136,56977
22,16,0,0,0,3476,0,0,0,0,0,4136,0,0,0,0,0,0,85482
22,17,0,0,0,3476,0,0,0,0,0,4136,0,0,0,0,0,0,85482
22,18,0,0,0,3476,0,0,0,0,0,4136,0,0,0,0,0,0,85482
22,19,0,0,0,3476,0,0,0,0,0,0,4664,0,0,0,0,3476,55647
22,20,0,0,0,3476,0,0,0,0,0,0,4664,0,0,0,0,3476,55647
22,21,0,0,0,3476,0,0,0,0,0,0,4664,0,0,0,0,3476,55647
22,22,0,0,0,3476,0,0,0,0,0,0,4664,0,0,0,0,0,86849
22,23,0,0,0,3476,0,0,0,0,0,0,4664,0,0,0,0,0,86849
22,24,0,0,0,3476,0,0,0,0,0,0,4664,0,0,0,0,0,86849
22,25,0,0,0,3476,0,0,0,0,0,0,4664,0,0,0,0,0,86849
22,26,0,0,0,3476,0,0,0,0,0,0,4664,0,0,0,0,0,86849
22,27,0,0,0,3476,0,0,0,0,0,0,4664,0,0,0,0,0,86849
22,28,0,0,0,0,4136,0,0,0,0,3476,0,0,0,0,3476,0,41655
22,29,0,0,0,0,4136,0,0,0,0,3476,0,0,0,0,3476,0,41655
22,30,0,0,0,0,4136,0,0,0,0,3476,0,0,0,0,3476,0,41655
22,31,0,0,0,0,4136,0,0,0,0,3476,0,0,0,0,0,4136,61657
22,32,0,0,0,0,4136,0,0,0,0,3476,0,0,0,0,0,4136,61657
22,33,0,0,0,0,4136,0,0,0,0,3476,0,0,0,0,0,4136,61657
22,34,0,0,0,0,4136,0,0,0,0,3476,0,0,0,0,0,0,90162
22,35,0,0,0,0,4136,0,0,0,0,3476,0,0,0,0,0,0,90162
22,36,0,0,0,0,4136,0,0,0,0,3476,0,0,0,0,0,0,90162
22,37,0,0,0,0,4136,0,0,0,0,0,4136,0,0,0,0,3476,64607
22,38,0,0,0,0,4136,0,0,0,0,0,4136,0,0,0,0,3476,64607
22,39,0,0,0,0,4136,0,0,0,0,0,4136,0,0,0,0,3476,64607
22,40,0,0,0,0,4136,0,0,0,0,0,4136,0,0,0,0,0,95809
22,41,0,0,0,0,4136,0,0,0,0,0,4136,0,0,0,0,0,95809
22,42,0,0,0,0,4136,0,0,0,0,0,4136,0,0,0,0,0,95809
22,43,0,0,0,0,4136,0,0,0,0,0,4136,0,0,0,0,0,95809
22,44,0,0,0,0,4136,0,0,0,0,0,4136,0,0,0,0,0,95809
22,45,0,0,0,0,4136,0,0,0,0,0,4136,0,0,0,0,0,95809
22,46,0,0,0,0,4136,0,0,0,0,0,0,4664,0,0,0,0,94576
22,47,0,0,0,0,4136,0,0,0,0,0,0,4664,0,0,0,0,94576
22,48,0,0,0,0,4136,0,0,0,0,0,0,4664,0,0,0,0,94576
22,49,0,0,0,0,4136,0,0,0,0,0,0,4664,0,0,0,0,94576
22,50,0,0,0,0,4136,0,0,0,0,0,0,4664,0,0,0,0,94576
22,51,0,0,0,0,4136,0,0,0,0,0,0,4664,0,0,0,0,94576
22,52,0,0,0,0,4136,0,0,0,0,0,0,4664,0,0,0,0,94576
22,53,0,0,0,0,4136,0,0,0,0,0,0,4664,0,0,0,0,94576
22,54,0,0,0,0,4136,0,0,0,0,0,0,4664,0,0,0,0,94576
22,55,0,0,0,0,0,4664,0,0,0,0,3476,0,0,0,0,3476,62651
22,56,0,0,0,0,0,4664,0,0,0,0,3476,0,0,0,0,3476,62651
22,57,0,0,0,0,0,4664,0,0,0,0,3476,0,0,0,0,3476,62651
22,58,0,0,0,0,0,4664,0,0,0,0,3476,0,0,0,0,0,93853
22,59,0,0,0,0,0,4664,0,0,0,0,3476,0,0,0,0,0,93853
22,60,0,0,0,0,0,4664,0,0,0,0,3476,0,0,0,0,0,93853
22,61,0,0,0,0,0,4664,0,0,0,0,3476,0,0,0,0,0,93853
22,62,0,0,0,0,0,4664,0,0,0,0,3476,0,0,0,0,0,93853
22,63,0,0,0,0,0,4664,0,0,0,0,3476,0,0,0,0,0,93853
22,64,0,0,0,0,0,4664,0,0,0,0,0,4136,0,0,0,0,96584
22,65,0,0,0,0,0,4664,0,0,0,0,0,4136,0,0,0,0,96584
22,66,0,0,0,0,0,4664,0,0,0,0,0,4136,0,0,0,0,96584
22,67,0,0,0,0,0,4664,0,0,0,0,0,4136,0,0,0,0,96584
22,68,0,0,0,0,0,4664,0,0,0,0,0,4136,0,0,0,0,96584
22,69,0,0,0,0,0,4664,0,0,0,0,0,4136,0,0,0,0,96584
22,70,0,0,0,0,0,4664,0,0,0,0,0,4136,0,0,0,0,96584
22,71,0,0,0,0,0,4664,0,0,0,0,0,4136,0,0,0,0,96584
22,72,0,0,0,0,0,4664,0,0,0,0,0,4136,0,0,0,0,96584
22,73,0,0,0,0,0,4664,0,0,0,0,0,0,4664,0,0,0,61531
22,74,0,0,0,0,0,4664,0,0,0,0,0,0,4664,0,0,0,61531
22,75,0,0,0,0,0,4664,0,0,0,0,0,0,4664,0,0,0,61531
22,76,0,0,0,0,0,4664,0,0,0,0,0,0,4664,0,0,0,61531
22,77,0,0,0,0,0,4664,0,0,0,0,0,0,4664,0,0,0,61531
22,78,0,0,0,0,0,4664,0,0,0,0,0,0,4664,0,0,0,61531
22,79,0,0,0,0,0,4664,0,0,0,0,0,0,4664,0,0,0,61531
22,80,0,0,0,0,0,4664,0,0,0,0,0,0,4664,0,0,0,61531
22,81,0,0,0,0,0,4664,0,0,0,0,0,0,4664,0,0,0,61531
23,1,0,0,0,4898,0,0,0,0,4898,0,0,0,0,4898,0,0,31243
23,2,0,0,0,4898,0,0,0,0,4898,0,0,0,0,4898,0,0,31243
23,3,0,0,0,4898,0,0,0,0,4898,0,0,0,0,4898,0,0,31243
23,4,0,0,0,4898,0,0,0,0,4898,0,0,0,0,0,5828,0,47607
23,5,0,0,0,4898,0,0,0,0,4898,0,0,0,0,0,5828,0,47607
23,6,0,0,0,4898,0,0,0,0,4898,0,0,0,0,0,5828,0,47607
23,7,0,0,0,4898,0,0,0,0,4898,0,0,0,0,0,0,6572,71687
23,8,0,0,0,4898,0,0,0,0,4898,0,0,0,0,0,0,6572,71687
23,9,0,0,0,4898,0,0,0,0,4898,0,0,0,0,0,0,6572,71687
23,10,0,0,0,4898,0,0,0,0,0,5828,0,0,0,0,4898,0,52096
23,11,0,0,0,4898,0,0,0,0,0,5828,0,0,0,0,4898,0,52096
23,12,0,0,0,4898,0,0,0,0,0,5828,0,0,0,0,4898,0,52096
23,13,0,0,0,4898,0,0,0,0,0,5828,0,0,0,0,0,5828,80280
23,14,0,0,0,4898,0,0,0,0,0,5828,0,0,0,0,0,5828,80280
23,15,0,0,0,4898,0,0,0,0,0,5828,0,0,0,0,0,5828,80280
23,16,0,0,0,4898,0,0,0,0,0,5828,0,0,0,0,0,0,120447
23,17,0,0,0,4898,0,0,0,0,0,5828,0,0,0,0,0,0,120447
23,18,0,0,0,4898,0,0,0,0,0,5828,0,0,0,0,0,0,120447
23,19,0,0,0,4898,0,0,0,0,0,0,6572,0,0,0,0,4898,78407
23,20,0,0,0,4898,0,0,0,0,0,0,6572,0,0,0,0,4898,78407
23,21,0,0,0,4898,0,0,0,0,0,0,6572,0,0,0,0,4898,78407
23,22,0,0,0,4898,0,0,0,0,0,0,6572,0,0,0,0,0,122374
23,23,0,0,0,4898,0,0,0,0,0,0,6572,0,0,0,0,0,122374
23,24,0,0,0,4898,0,0,0,0,0,0,6572,0,0,0,0,0,122374
23,25,0,0,0,4898,0,0,0,0,0,0,6572,0,0,0,0,0,122374
23,26,0,0,0,4898,0,0,0,0,0,0,6572,0,0,0,0,0,122374
23,27,0,0,0,4898,0,0,0,0,0,0,6572,0,0,0,0,0,122374
23,28,0,0,0,0,5828,0,0,0,0,4898,0,0,0,0,4898,0,58690
23,29,0,0,0,0,5828,0,0,0,0,4898,0,0,0,0,4898,0,58690
23,30,0,0,0,0,5828,0,0,0,0,4898,0,0,0,0,4898,0,58690
23,31,0,0,0,0,5828,0,0,0,0,4898,0,0,0,0,0,5828,86874
23,32,0,0,0,0,5828,0,0,0,0,4898,0,0,0,0,0,5828,86874
23,33,0,0,0,0,5828,0,0,0,0,4898,0,0,0,0,0,5828,86874
23,34,0,0,0,0,5828,0,0,0,0,4898,0,0,0,0,0,0,127041
23,35,0,0,0,0,5828,0,0,0,0,4898,0,0,0,0,0,0,127041
23,36,0,0,0,0,5828,0,0,0,0,4898,0,0,0,0,0,0,127041
23,37,0,0,0,0,5828,0,0,0,0,0,5828,0,0,0,0,4898,91032
23,38,0,0,0,0,5828,0,0,0,0,0,5828,0,0,0,0,4898,91032
23,39,0,0,0,0,5828,0,0,0,0,0,5828,0,0,0,0,4898,91032
23,40,0,0,0,0,5828,0,0,0,0,0,5828,0,0,0,0,0,134999
23,41,0,0,0,0,5828,0,0,0,0,0,5828,0,0,0,0,0,134999
23,42,0,0,0,0,5828,0,0,0,0,0,5828,0,0,0,0,0,134999
23,43,0,0,0,0,5828,0,0,0,0,0,5828,0,0,0,0,0,134999
23,44,0,0,0,0,5828,0,0,0,0,0,5828,0,0,0,0,0,134999
23,45,0,0,0,0,5828,0,0,0,0,0,5828,0,0,0,0,0,134999
23,46,0,0,0,0,5828,0,0,0,0,0,0,6572,0,0,0,0,133262
23,47,0,0,0,0,5828,0,0,0,0,0,0,6572,0,0,0,0,133262
23,48,0,0,0,0,5828,0,0,0,0,0,0,6572,0,0,0,0,133262
23,49,0,0,0,0,5828,0,0,0,0,0,0,6572,0,0,0,0,133262
23,50,0,0,0,0,5828,0,0,0,0,0,0,6572,0,0,0,0,133262
23,51,0,0,0,0,5828,0,0,0,0,0,0,6572,0,0,0,0,133262
23,52,0,0,0,0,5828,0,0,0,0,0,0,6572,0,0,0,0,133262
23,53,0,0,0,0,5828,0,0,0,0,0,0,6572,0,0,0,0,133262
23,54,0,0,0,0,5828,0,0,0,0,0,0,6572,0,0,0,0,133262
23,55,0,0,0,0,0,6572,0,0,0,0,4898,0,0,0,0,4898,88278
23,56,0,0,0,0,0,6572,0,0,0,0,4898,0,0,0,0,4898,88278
23,57,0,0,0,0,0,6572,0,0,0,0,4898,0,0,0,0,4898,88278
23,58,0,0,0,0,0,6572,0,0,0,0,4898,0,0,0,0,0,132245
23,59,0,0,0,0,0,6572,0,0,0,0,4898,0,0,0,0,0,132245
23,60,0,0,0,0,0,6572,0,0,0,0,4898,0,0,0,0,0,132245
23,61,0,0,0,0,0,6572,0,0,0,0,4898,0,0,0,0,0,132245
23,62,0,0,0,0,0,6572,0,0,0,0,4898,0,0,0,0,0,132245
23,63,0,0,0,0,0,6572,0,0,0,0,4898,0,0,0,0,0,132245
23,64,0,0,0,0,0,6572,0,0,0,0,0,5828,0,0,0,0,136092
23,65,0,0,0,0,0,6572,0,0,0,0,0,5828,0,0,0,0,136092
23,66,0,0,0,0,0,6572,0,0,0,0,0,5828,0,0,0,0,136092
23,67,0,0,0,0,0,6572,0,0,0,0,0,5828,0,0,0,0,136092
23,68,0,0,0,0,0,6572,0,0,0,0,0,5828,0,0,0,0,136092
23,69,0,0,0,0,0,6572,0,0,0,0,0,5828,0,0,0,0,136092
23,70,0,0,0,0,0,6572,0,0,0,0,0,5828,0,0,0,0,136092
23,71,0,0,0,0,0,6572,0,0,0,0,0,5828,0,0,0,0,136092
23,72,0,0,0,0,0,6572,0,0,0,0,0,5828,0,0,0,0,136092
23,73,0,0,0,0,0,6572,0,0,0,0,0,0,6572,0,0,0,86699
23,74,0,0,0,0,0,6572,0,0,0,0,0,0,6572,0,0,0,86699
23,75,0,0,0,0,0,6572,0,0,0,0,0,0,6572,0,0,0,86699
23,76,0,0,0,0,0,6572,0,0,0,0,0,0,6572,0,0,0,86699
23,77,0,0,0,0,0,6572,0,0,0,0,0,0,6572,0,0,0,86699
23,78,0,0,0,0,0,6572,0,0,0,0,0,0,6572,0,0,0,86699
23,79,0,0,0,0,0,6572,0,0,0,0,0,0,6572,0,0,0,86699
23,80,0,0,0,0,0,6572,0,0,0,0,0,0,6572,0,0,0,86699
23,81,0,0,0,0,0,6572,0,0,0,0,0,0,6572,0,0,0,86699
24,1,0,0,0,8442,0,0,0,0,8442,0,0,0,0,8442,0,0,195999
24,2,0,0,0,8442,0,0,0,0,8442,0,0,0,0,8442,0,0,195999
24,3,0,0,0,8442,0,0,0,0,8442,0,0,0,0,8442,0,0,195999
24,4,0,0,0,8442,0,0,0,0,8442,0,0,0,0,0,9618,0,210849
24,5,0,0,0,8442,0,0,0,0,8442,0,0,0,0,0,9618,0,210849
24,6,0,0,0,8442,0,0,0,0,8442,0,0,0,0,0,9618,0,210849
24,7,0,0,0,8442,0,0,0,0,8442,0,0,0,0,0,0,10584,243337
24,8,0,0,0,8442,0,0,0,0,8442,0,0,0,0,0,0,10584,243337
24,9,0,0,0,8442,0,0,0,0,8442,0,0,0,0,0,0,10584,243337
24,10,0,0,0,8442,0,0,0,0,0,9618,0,0,0,0,8442,0,212644
24,11,0,0,0,8442,0,0,0,0,0,9618,0,0,0,0,8442,0,212644
24,12,0,0,0,8442,0,0,0,0,0,9618,0,0,0,0,8442,0,212644
24,13,0,0,0,8442,0,0,0,0,0,9618,0,0,0,0,0,9618,249926
24,14,0,0,0,8442,0,0,0,0,0,9618,0,0,0,0,0,9618,249926
24,15,0,0,0,8442,0,0,0,0,0,9618,0,0,0,0,0,9618,249926
24,16,0,0,0,8442,0,0,0,0,0,9618,0,0,0,0,0,0,302456
24,17,0,0,0,8442,0,0,0,0,0,9618,0,0,0,0,0,0,302456
24,18,0,0,0,8442,0,0,0,0,0,9618,0,0,0,0,0,0,302456
24,19,0,0,0,8442,0,0,0,0,0,0,10584,0,0,0,0,8442,244547
24,20,0,0,0,8442,0,0,0,0,0,0,10584,0,0,0,0,8442,244547
24,21,0,0,0,8442,0,0,0,0,0,0,10584,0,0,0,0,8442,244547
24,22,0,0,0,8442,0,0,0,0,0,0,10584,0,0,0,0,0,301515
24,23,0,0,0,8442,0,0,0,0,0,0,10584,0,0,0,0,0,301515
24,24,0,0,0,8442,0,0,0,0,0,0,10584,0,0,0,0,0,301515
24,25,0,0,0,8442,0,0,0,0,0,0,10584,0,0,0,0,0,301515
24,26,0,0,0,8442,0,0,0,0,0,0,10584,0,0,0,0,0,301515
24,27,0,0,0,8442,0,0,0,0,0,0,10584,0,0,0,0,0,301515
24,28,0,0,0,0,9618,0,0,0,0,8442,0,0,0,0,8442,0,215282
24,29,0,0,0,0,9618,0,0,0,0,8442,0,0,0,0,8442,0,215282
24,30,0,0,0,0,9618,0,0,0,0,8442,0,0,0,0,8442,0,215282
24,31,0,0,0,0,9618,0,0,0,0,8442,0,0,0,0,0,9618,252564
24,32,0,0,0,0,9618,0,0,0,0,8442,0,0,0,0,0,9618,252564
24,33,0,0,0,0,9618,0,0,0,0,8442,0,0,0,0,0,9618,252564
24,34,0,0,0,0,9618,0,0,0,0,8442,0,0,0,0,0,0,305094
24,35,0,0,0,0,9618,0,0,0,0,8442,0,0,0,0,0,0,305094
24,36,0,0,0,0,9618,0,0,0,0,8442,0,0,0,0,0,0,305094
24,37,0,0,0,0,9618,0,0,0,0,0,9618,0,0,0,0,8442,254226
24,38,0,0,0,0,9618,0,0,0,0,0,9618,0,0,0,0,8442,254226
24,39,0,0,0,0,9618,0,0,0,0,0,9618,0,0,0,0,8442,254226
24,40,0,0,0,0,9618,0,0,0,0,0,9618,0,0,0,0,0,311194
24,41,0,0,0,0,9618,0,0,0,0,0,9618,0,0,0,0,0,311194
24,42,0,0,0,0,9618,0,0,0,0,0,9618,0,0,0,0,0,311194
24,43,0,0,0,0,9618,0,0,0,0,0,9618,0,0,0,0,0,311194
24,44,0,0,0,0,9618,0,0,0,0,0,9618,0,0,0,0,0,311194
24,45,0,0,0,0,9618,0,0,0,0,0,9618,0,0,0,0,0,311194
24,46,0,0,0,0,9618,0,0,0,0,0,0,10584,0,0,0,0,306213
24,47,0,0,0,0,9618,0,0,0,0,0,0,10584,0,0,0,0,306213
24,48,0,0,0,0,9618,0,0,0,0,0,0,10584,0,0,0,0,306213
24,49,0,0,0,0,9618,0,0,0,0,0,0,10584,0,0,0,0,306213
24,50,0,0,0,0,9618,0,0,0,0,0,0,10584,0,0,0,0,306213
24,51,0,0,0,0,9618,0,0,0,0,0,0,10584,0,0,0,0,306213
24,52,0,0,0,0,9618,0,0,0,0,0,0,10584,0,0,0,0,306213
24,53,0,0,0,0,9618,0,0,0,0,0,0,10584,0,0,0,0,306213
24,54,0,0,0,0,9618,0,0,0,0,0,0,10584,0,0,0,0,306213
24,55,0,0,0,0,0,10584,0,0,0,0,8442,0,0,0,0,8442,246324
24,56,0,0,0,0,0,10584,0,0,0,0,8442,0,0,0,0,8442,246324
24,57,0,0,0,0,0,10584,0,0,0,0,8442,0,0,0,0,8442,246324
24,58,0,0,0,0,0,10584,0,0,0,0,8442,0,0,0,0,0,303292
24,59,0,0,0,0,0,10584,0,0,0,0,8442,0,0,0,0,0,303292
24,60,0,0,0,0,0,10584,0,0,0,0,8442,0,0,0,0,0,303292
24,61,0,0,0,0,0,10584,0,0,0,0,8442,0,0,0,0,0,303292
24,62,0,0,0,0,0,10584,0,0,0,0,8442,0,0,0,0,0,303292
24,63,0,0,0,0,0,10584,0,0,0,0,8442,0,0,0,0,0,303292
24,64,0,0,0,0,0,10584,0,0,0,0,0,9618,0,0,0,0,304831
24,65,0,0,0,0,0,10584,0,0,0,0,0,9618,0,0,0,0,304831
24,66,0,0,0,0,0,10584,0,0,0,0,0,9618,0,0,0,0,304831
24,67,0,0,0,0,0,10584,0,0,0,0,0,9618,0,0,0,0,304831
24,68,0,0,0,0,0,10584,0,0,0,0,0,9618,0,0,0,0,304831
24,69,0,0,0,0,0,10584,0,0,0,0,0,9618,0,0,0,0,304831
24,70,0,0,0,0,0,10584,0,0,0,0,0,9618,0,0,0,0,304831
24,71,0,0,0,0,0,10584,0,0,0,0,0,9618,0,0,0,0,304831
24,72,0,0,0,0,0,10584,0,0,0,0,0,9618,0,0,0,0,304831
24,73,0,0,0,0,0,10584,0,0,0,0,0,0,10584,0,0,0,213133
24,74,0,0,0,0,0,10584,0,0,0,0,0,0,10584,0,0,0,213133
24,75,0,0,0,0,0,10584,0,0,0,0,0,0,10584,0,0,0,213133
24,76,0,0,0,0,0,10584,0,0,0,0,0,0,10584,0,0,0,213133
24,77,0,0,0,0,0,10584,0,0,0,0,0,0,10584,0,0,0,213133
24,78,0,0,0,0,0,10584,0,0,0,0,0,0,10584,0,0,0,213133
24,79,0,0,0,0,0,10584,0,0,0,0,0,0,10584,0,0,0,213133
24,80,0,0,0,0,0,10584,0,0,0,0,0,0,10584,0,0,0,213133
24,81,0,0,0,0,0,10584,0,0,0,0,0,0,10584,0,0,0,213133
25,1,0,0,0,3920,0,0,0,0,3920,0,0,0,0,3920,0,0,84824
25,2,0,0,0,3920,0,0,0,0,3920,0,0,0,0,3920,0,0,84824
25,3,0,0,0,3920,0,0,0,0,3920,0,0,0,0,3920,0,0,84824
25,4,0,0,0,3920,0,0,0,0,3920,0,0,0,0,0,4480,0,92264
25,5,0,0,0,3920,0,0,0,0,3920,0,0,0,0,0,4480,0,92264
25,6,0,0,0,3920,0,0,0,0,3920,0,0,0,0,0,4480,0,92264
25,7,0,0,0,3920,0,0,0,0,3920,0,0,0,0,0,0,4940,107686
25,8,0,0,0,3920,0,0,0,0,3920,0,0,0,0,0,0,4940,107686
25,9,0,0,0,3920,0,0,0,0,3920,0,0,0,0,0,0,4940,107686
25,10,0,0,0,3920,0,0,0,0,0,4480,0,0,0,0,3920,0,93319
25,11,0,0,0,3920,0,0,0,0,0,4480,0,0,0,0,3920,0,93319
25,12,0,0,0,3920,0,0,0,0,0,4480,0,0,0,0,3920,0,93319
25,13,0,0,0,3920,0,0,0,0,0,4480,0,0,0,0,0,4480,111024
25,14,0,0,0,3920,0,0,0,0,0,4480,0,0,0,0,0,4480,111024
25,15,0,0,0,3920,0,0,0,0,0,4480,0,0,0,0,0,4480,111024
25,16,0,0,0,3920,0,0,0,0,0,4480,0,0,0,0,0,0,136098
25,17,0,0,0,3920,0,0,0,0,0,4480,0,0,0,0,0,0,136098
25,18,0,0,0,3920,0,0,0,0,0,4480,0,0,0,0,0,0,136098
25,19,0,0,0,3920,0,0,0,0,0,0,4940,0,0,0,0,3920,108649
25,20,0,0,0,3920,0,0,0,0,0,0,4940,0,0,0,0,3920,108649
25,21,0,0,0,3920,0,0,0,0,0,0,4940,0,0,0,0,3920,108649
25,22,0,0,0,3920,0,0,0,0,0,0,4940,0,0,0,0,0,135836
25,23,0,0,0,3920,0,0,0,0,0,0,4940,0,0,0,0,0,135836
25,24,0,0,0,3920,0,0,0,0,0,0,4940,0,0,0,0,0,135836
25,25,0,0,0,3920,0,0,0,0,0,0,4940,0,0,0,0,0,135836
25,26,0,0,0,3920,0,0,0,0,0,0,4940,0,0,0,0,0,135836
25,27,0,0,0,3920,0,0,0,0,0,0,4940,0,0,0,0,0,135836
25,28,0,0,0,0,4480,0,0,0,0,3920,0,0,0,0,3920,0,94870
25,29,0,0,0,0,4480,0,0,0,0,3920,0,0,0,0,3920,0,94870
25,30,0,0,0,0,4480,0,0,0,0,3920,0,0,0,0,3920,0,94870
25,31,0,0,0,0,4480,0,0,0,0,3920,0,0,0,0,0,4480,112575
25,32,0,0,0,0,4480,0,0,0,0,3920,0,0,0,0,0,4480,112575
25,33,0,0,0,0,4480,0,0,0,0,3920,0,0,0,0,0,4480,112575
25,34,0,0,0,0,4480,0,0,0,0,3920,0,0,0,0,0,0,137649
25,35,0,0,0,0,4480,0,0,0,0,3920,0,0,0,0,0,0,137649
25,36,0,0,0,0,4480,0,0,0,0,3920,0,0,0,0,0,0,137649
25,37,0,0,0,0,4480,0,0,0,0,0,4480,0,0,0,0,3920,113553
25,38,0,0,0,0,4480,0,0,0,0,0,4480,0,0,0,0,3920,113553
25,39,0,0,0,0,4480,0,0,0,0,0,4480,0,0,0,0,3920,113553
25,40,0,0,0,0,4480,0,0,0,0,0,4480,0,0,0,0,0,140740
25,41,0,0,0,0,4480,0,0,0,0,0,4480,0,0,0,0,0,140740
25,42,0,0,0,0,4480,0,0,0,0,0,4480,0,0,0,0,0,140740
25,43,0,0,0,0,4480,0,0,0,0,0,4480,0,0,0,0,0,140740
25,44,0,0,0,0,4480,0,0,0,0,0,4480,0,0,0,0,0,140740
25,45,0,0,0,0,4480,0,0,0,0,0,4480,0,0,0,0,0,140740
25,46,0,0,0,0,4480,0,0,0,0,0,0,4940,0,0,0,0,138539
25,47,0,0,0,0,4480,0,0,0,0,0,0,4940,0,0,0,0,138539
25,48,0,0,0,0,4480,0,0,0,0,0,0,4940,0,0,0,0,138539
25,49,0,0,0,0,4480,0,0,0,0,0,0,4940,0,0,0,0,138539
25,50,0,0,0,0,4480,0,0,0,0,0,0,4940,0,0,0,0,138539
25,51,0,0,0,0,4480,0,0,0,0,0,0,4940,0,0,0,0,138539
25,52,0,0,0,0,4480,0,0,0,0,0,0,4940,0,0,0,0,138539
25,53,0,0,0,0,4480,0,0,0,0,0,0,4940,0,0,0,0,138539
25,54,0,0,0,0,4480,0,0,0,0,0,0,4940,0,0,0,0,138539
25,55,0,0,0,0,0,4940,0,0,0,0,3920,0,0,0,0,3920,110061
25,56,0,0,0,0,0,4940,0,0,0,0,3920,0,0,0,0,3920,110061
25,57,0,0,0,0,0,4940,0,0,0,0,3920,0,0,0,0,3920,110061
25,58,0,0,0,0,0,4940,0,0,0,0,3920,0,0,0,0,0,137248
25,59,0,0,0,0,0,4940,0,0,0,0,3920,0,0,0,0,0,137248
25,60,0,0,0,0,0,4940,0,0,0,0,3920,0,0,0,0,0,137248
25,61,0,0,0,0,0,4940,0,0,0,0,3920,0,0,0,0,0,137248
25,62,0,0,0,0,0,4940,0,0,0,0,3920,0,0,0,0,0,137248
25,63,0,0,0,0,0,4940,0,0,0,0,3920,0,0,0,0,0,137248
25,64,0,0,0,0,0,4940,0,0,0,0,0,4480,0,0,0,0,138152
25,65,0,0,0,0,0,4940,0,0,0,0,0,4480,0,0,0,0,138152
25,66,0,0,0,0,0,4940,0,0,0,0,0,4480,0,0,0,0,138152
25,67,0,0,0,0,0,4940,0,0,0,0,0,4480,0,0,0,0,138152
25,68,0,0,0,0,0,4940,0,0,0,0,0,4480,0,0,0,0,138152
25,69,0,0,0,0,0,4940,0,0,0,0,0,4480,0,0,0,0,138152
25,70,0,0,0,0,0,4940,0,0,0,0,0,4480,0,0,0,0,138152
25,71,0,0,0,0,0,4940,0,0,0,0,0,4480,0,0,0,0,138152
25,72,0,0,0,0,0,4940,0,0,0,0,0,4480,0,0,0,0,138152
25,73,0,0,0,0,0,4940,0,0,0,0,0,0,4940,0,0,0,95811
25,74,0,0,0,0,0,4940,0,0,0,0,0,0,4940,0,0,0,95811
25,75,0,0,0,0,0,4940,0,0,0,0,0,0,4940,0,0,0,95811
25,76,0,0,0,0,0,4940,0,0,0,0,0,0,4940,0,0,0,95811
25,77,0,0,0,0,0,4940,0,0,0,0,0,0,4940,0,0,0,95811
25,78,0,0,0,0,0,4940,0,0,0,0,0,0,4940,0,0,0,95811
25,79,0,0,0,0,0,4940,0,0,0,0,0,0,4940,0,0,0,95811
25,80,0,0,0,0,0,4940,0,0,0,0,0,0,4940,0,0,0,95811
25,81,0,0,0,0,0,4940,0,0,0,0,0,0,4940,0,0,0,95811
26,1,0,0,0,8232,0,0,0,0,8232,0,0,0,0,8232,0,0,178130
26,2,0,0,0,8232,0,0,0,0,8232,0,0,0,0,8232,0,0,178130
26,3,0,0,0,8232,0,0,0,0,8232,0,0,0,0,8232,0,0,178130
26,4,0,0,0,8232,0,0,0,0,8232,0,0,0,0,0,9408,0,193756
26,5,0,0,0,8232,0,0,0,0,8232,0,0,0,0,0,9408,0,193756
26,6,0,0,0,8232,0,0,0,0,8232,0,0,0,0,0,9408,0,193756
26,7,0,0,0,8232,0,0,0,0,8232,0,0,0,0,0,0,10374,226140
26,8,0,0,0,8232,0,0,0,0,8232,0,0,0,0,0,0,10374,226140
26,9,0,0,0,8232,0,0,0,0,8232,0,0,0,0,0,0,10374,226140
26,10,0,0,0,8232,0,0,0,0,0,9408,0,0,0,0,8232,0,195973
26,11,0,0,0,8232,0,0,0,0,0,9408,0,0,0,0,8232,0,195973
26,12,0,0,0,8232,0,0,0,0,0,9408,0,0,0,0,8232,0,195973
26,13,0,0,0,8232,0,0,0,0,0,9408,0,0,0,0,0,9408,233150
26,14,0,0,0,8232,0,0,0,0,0,9408,0,0,0,0,0,9408,233150
26,15,0,0,0,8232,0,0,0,0,0,9408,0,0,0,0,0,9408,233150
26,16,0,0,0,8232,0,0,0,0,0,9408,0,0,0,0,0,0,285803
26,17,0,0,0,8232,0,0,0,0,0,9408,0,0,0,0,0,0,285803
26,18,0,0,0,8232,0,0,0,0,0,9408,0,0,0,0,0,0,285803
26,19,0,0,0,8232,0,0,0,0,0,0,10374,0,0,0,0,8232,228159
26,20,0,0,0,8232,0,0,0,0,0,0,10374,0,0,0,0,8232,228159
26,21,0,0,0,8232,0,0,0,0,0,0,10374,0,0,0,0,8232,228159
26,22,0,0,0,8232,0,0,0,0,0,0,10374,0,0,0,0,0,285250
26,23,0,0,0,8232,0,0,0,0,0,0,10374,0,0,0,0,0,285250
26,24,0,0,0,8232,0,0,0,0,0,0,10374,0,0,0,0,0,285250
26,25,0,0,0,8232,0,0,0,0,0,0,10374,0,0,0,0,0,285250
26,26,0,0,0,8232,0,0,0,0,0,0,10374,0,0,0,0,0,285250
26,27,0,0,0,8232,0,0,0,0,0,0,10374,0,0,0,0,0,285250
26,28,0,0,0,0,9408,0,0,0,0,8232,0,0,0,0,8232,0,199229
26,29,0,0,0,0,9408,0,0,0,0,8232,0,0,0,0,8232,0,199229
26,30,0,0,0,0,9408,0,0,0,0,8232,0,0,0,0,8232,0,199229
26,31,0,0,0,0,9408,0,0,0,0,8232,0,0,0,0,0,9408,236406
26,32,0,0,0,0,9408,0,0,0,0,8232,0,0,0,0,0,9408,236406
26,33,0,0,0,0,9408,0,0,0,0,8232,0,0,0,0,0,9408,236406
26,34,0,0,0,0,9408,0,0,0,0,8232,0,0,0,0,0,0,289059
26,35,0,0,0,0,9408,0,0,0,0,8232,0,0,0,0,0,0,289059
26,36,0,0,0,0,9408,0,0,0,0,8232,0,0,0,0,0,0,289059
26,37,0,0,0,0,9408,0,0,0,0,0,9408,0,0,0,0,8232,238458
26,38,0,0,0,0,9408,0,0,0,0,0,9408,0,0,0,0,8232,238458
26,39,0,0,0,0,9408,0,0,0,0,0,9408,0,0,0,0,8232,238458
26,40,0,0,0,0,9408,0,0,0,0,0,9408,0,0,0,0,0,295549
26,41,0,0,0,0,9408,0,0,0,0,0,9408,0,0,0,0,0,295549
26,42,0,0,0,0,9408,0,0,0,0,0,9408,0,0,0,0,0,295549
26,43,0,0,0,0,9408,0,0,0,0,0,9408,0,0,0,0,0,295549
26,44,0,0,0,0,9408,0,0,0,0,0,9408,0,0,0,0,0,295549
26,45,0,0,0,0,9408,0,0,0,0,0,9408,0,0,0,0,0,295549
26,46,0,0,0,0,9408,0,0,0,0,0,0,10374,0,0,0,0,290928
26,47,0,0,0,0,9408,0,0,0,0,0,0,10374,0,0,0,0,290928
26,48,0,0,0,0,9408,0,0,0,0,0,0,10374,0,0,0,0,290928
26,49,0,0,0,0,9408,0,0,0,0,0,0,10374,0,0,0,0,290928
26,50,0,0,0,0,9408,0,0,0,0,0,0,10374,0,0,0,0,290928
26,51,0,0,0,0,9408,0,0,0,0,0,0,10374,0,0,0,0,290928
26,52,0,0,0,0,9408,0,0,0,0,0,0,10374,0,0,0,0,290928
26,53,0,0,0,0,9408,0,0,0,0,0,0,10374,0,0,0,0,290928
26,54,0,0,0,0,9408,0,0,0,0,0,0,10374,0,0,0,0,290928
26,55,0,0,0,0,0,10374,0,0,0,0,8232,0,0,0,0,8232,231126
26,56,0,0,0,0,0,10374,0,0,0,0,8232,0,0,0,0,8232,231126
26,57,0,0,0,0,0,10374,0,0,0,0,8232,0,0,0,0,8232,231126
26,58,0,0,0,0,0,10374,0,0,0,0,8232,0,0,0,0,0,288217
26,59,0,0,0,0,0,10374,0,0,0,0,8232,0,0,0,0,0,288217
26,60,0,0,0,0,0,10374,0,0,0,0,8232,0,0,0,0,0,288217
26,61,0,0,0,0,0,10374,0,0,0,0,8232,0,0,0,0,0,288217
26,62,0,0,0,0,0,10374,0,0,0,0,8232,0,0,0,0,0,288217
26,63,0,0,0,0,0,10374,0,0,0,0,8232,0,0,0,0,0,288217
26,64,0,0,0,0,0,10374,0,0,0,0,0,9408,0,0,0,0,290117
26,65,0,0,0,0,0,10374,0,0,0,0,0,9408,0,0,0,0,290117
26,66,0,0,0,0,0,10374,0,0,0,0,0,9408,0,0,0,0,290117
26,67,0,0,0,0,0,10374,0,0,0,0,0,9408,0,0,0,0,290117
26,68,0,0,0,0,0,10374,0,0,0,0,0,9408,0,0,0,0,290117
26,69,0,0,0,0,0,10374,0,0,0,0,0,9408,0,0,0,0,290117
26,70,0,0,0,0,0,10374,0,0,0,0,0,9408,0,0,0,0,290117
26,71,0,0,0,0,0,10374,0,0,0,0,0,9408,0,0,0,0,290117
26,72,0,0,0,0,0,10374,0,0,0,0,0,9408,0,0,0,0,290117
26,73,0,0,0,0,0,10374,0,0,0,0,0,0,10374,0,0,0,201204
26,74,0,0,0,0,0,10374,0,0,0,0,0,0,10374,0,0,0,201204
26,75,0,0,0,0,0,10374,0,0,0,0,0,0,10374,0,0,0,201204
26,76,0,0,0,0,0,10374,0,0,0,0,0,0,10374,0,0,0,201204
26,77,0,0,0,0,0,10374,0,0,0,0,0,0,10374,0,0,0,201204
26,78,0,0,0,0,0,10374,0,0,0,0,0,0,10374,0,0,0,201204
26,79,0,0,0,0,0,10374,0,0,0,0,0,0,10374,0,0,0,201204
26,80,0,0,0,0,0,10374,0,0,0,0,0,0,10374,0,0,0,201204
26,81,0,0,0,0,0,10374,0,0,0,0,0,0,10374,0,0,0,201204
27,1,0,0,0,6992,0,0,0,0,6992,0,0,0,0,6992,0,0,122366
27,2,0,0,0,6992,0,0,0,0,6992,0,0,0,0,6992,0,0,122366
27,3,0,0,0,6992,0,0,0,0,6992,0,0,0,0,6992,0,0,122366
27,4,0,0,0,6992,0,0,0,0,6992,0,0,0,0,0,8094,0,138660
27,5,0,0,0,6992,0,0,0,0,6992,0,0,0,0,0,8094,0,138660
27,6,0,0,0,6992,0,0,0,0,6992,0,0,0,0,0,8094,0,138660
27,7,0,0,0,6992,0,0,0,0,6992,0,0,0,0,0,0,8968,167822
27,8,0,0,0,6992,0,0,0,0,6992,0,0,0,0,0,0,8968,167822
27,9,0,0,0,6992,0,0,0,0,6992,0,0,0,0,0,0,8968,167822
27,10,0,0,0,6992,0,0,0,0,0,8094,0,0,0,0,6992,0,141881
27,11,0,0,0,6992,0,0,0,0,0,8094,0,0,0,0,6992,0,141881
27,12,0,0,0,6992,0,0,0,0,0,8094,0,0,0,0,6992,0,141881
27,13,0,0,0,6992,0,0,0,0,0,8094,0,0,0,0,0,8094,176027
27,14,0,0,0,6992,0,0,0,0,0,8094,0,0,0,0,0,8094,176027
27,15,0,0,0,6992,0,0,0,0,0,8094,0,0,0,0,0,8094,176027
27,16,0,0,0,6992,0,0,0,0,0,8094,0,0,0,0,0,0,223932
27,17,0,0,0,6992,0,0,0,0,0,8094,0,0,0,0,0,0,223932
27,18,0,0,0,6992,0,0,0,0,0,8094,0,0,0,0,0,0,223932
27,19,0,0,0,6992,0,0,0,0,0,0,8968,0,0,0,0,6992,171687
27,20,0,0,0,6992,0,0,0,0,0,0,8968,0,0,0,0,6992,171687
27,21,0,0,0,6992,0,0,0,0,0,0,8968,0,0,0,0,6992,171687
27,22,0,0,0,6992,0,0,0,0,0,0,8968,0,0,0,0,0,224207
27,23,0,0,0,6992,0,0,0,0,0,0,8968,0,0,0,0,0,224207
27,24,0,0,0,6992,0,0,0,0,0,0,8968,0,0,0,0,0,224207
27,25,0,0,0,6992,0,0,0,0,0,0,8968,0,0,0,0,0,224207
27,26,0,0,0,6992,0,0,0,0,0,0,8968,0,0,0,0,0,224207
27,27,0,0,0,6992,0,0,0,0,0,0,8968,0,0,0,0,0,224207
27,28,0,0,0,0,8094,0,0,0,0,6992,0,0,0,0,6992,0,146613
27,29,0,0,0,0,8094,0,0,0,0,6992,0,0,0,0,6992,0,146613
27,30,0,0,0,0,8094,0,0,0,0,6992,0,0,0,0,6992,0,146613
27,31,0,0,0,0,8094,0,0,0,0,6992,0,0,0,0,0,8094,180759
27,32,0,0,0,0,8094,0,0,0,0,6992,0,0,0,0,0,8094,180759
27,33,0,0,0,0,8094,0,0,0,0,6992,0,0,0,0,0,8094,180759
27,34,0,0,0,0,8094,0,0,0,0,6992,0,0,0,0,0,0,228664
27,35,0,0,0,0,8094,0,0,0,0,6992,0,0,0,0,0,0,228664
27,36,0,0,0,0,8094,0,0,0,0,6992,0,0,0,0,0,0,228664
27,37,0,0,0,0,8094,0,0,0,0,0,8094,0,0,0,0,6992,183742
27,38,0,0,0,0,8094,0,0,0,0,0,8094,0,0,0,0,6992,183742
27,39,0,0,0,0,8094,0,0,0,0,0,8094,0,0,0,0,6992,183742
27,40,0,0,0,0,8094,0,0,0,0,0,8094,0,0,0,0,0,236262
27,41,0,0,0,0,8094,0,0,0,0,0,8094,0,0,0,0,0,236262
27,42,0,0,0,0,8094,0,0,0,0,0,8094,0,0,0,0,0,236262
27,43,0,0,0,0,8094,0,0,0,0,0,8094,0,0,0,0,0,236262
27,44,0,0,0,0,8094,0,0,0,0,0,8094,0,0,0,0,0,236262
27,45,0,0,0,0,8094,0,0,0,0,0,8094,0,0,0,0,0,236262
27,46,0,0,0,0,8094,0,0,0,0,0,0,8968,0,0,0,0,232243
27,47,0,0,0,0,8094,0,0,0,0,0,0,8968,0,0,0,0,232243
27,48,0,0,0,0,8094,0,0,0,0,0,0,8968,0,0,0,0,232243
27,49,0,0,0,0,8094,0,0,0,0,0,0,8968,0,0,0,0,232243
27,50,0,0,0,0,8094,0,0,0,0,0,0,8968,0,0,0,0,232243
27,51,0,0,0,0,8094,0,0,0,0,0,0,8968,0,0,0,0,232243
27,52,0,0,0,0,8094,0,0,0,0,0,0,8968,0,0,0,0,232243
27,53,0,0,0,0,8094,0,0,0,0,0,0,8968,0,0,0,0,232243
27,54,0,0,0,0,8094,0,0,0,0,0,0,8968,0,0,0,0,232243
27,55,0,0,0,0,0,8968,0,0,0,0,6992,0,0,0,0,6992,177366
27,56,0,0,0,0,0,8968,0,0,0,0,6992,0,0,0,0,6992,177366
27,57,0,0,0,0,0,8968,0,0,0,0,6992,0,0,0,0,6992,177366
27,58,0,0,0,0,0,8968,0,0,0,0,6992,0,0,0,0,0,229886
27,59,0,0,0,0,0,8968,0,0,0,0,6992,0,0,0,0,0,229886
27,60,0,0,0,0,0,8968,0,0,0,0,6992,0,0,0,0,0,229886
27,61,0,0,0,0,0,8968,0,0,0,0,6992,0,0,0,0,0,229886
27,62,0,0,0,0,0,8968,0,0,0,0,6992,0,0,0,0,0,229886
27,63,0,0,0,0,0,8968,0,0,0,0,6992,0,0,0,0,0,229886
27,64,0,0,0,0,0,8968,0,0,0,0,0,8094,0,0,0,0,232647
27,65,0,0,0,0,0,8968,0,0,0,0,0,8094,0,0,0,0,232647
27,66,0,0,0,0,0,8968,0,0,0,0,0,8094,0,0,0,0,232647
27,67,0,0,0,0,0,8968,0,0,0,0,0,8094,0,0,0,0,232647
27,68,0,0,0,0,0,8968,0,0,0,0,0,8094,0,0,0,0,232647
27,69,0,0,0,0,0,8968,0,0,0,0,0,8094,0,0,0,0,232647
27,70,0,0,0,0,0,8968,0,0,0,0,0,8094,0,0,0,0,232647
27,71,0,0,0,0,0,8968,0,0,0,0,0,8094,0,0,0,0,232647
27,72,0,0,0,0,0,8968,0,0,0,0,0,8094,0,0,0,0,232647
27,73,0,0,0,0,0,8968,0,0,0,0,0,0,8968,0,0,0,158187
27,74,0,0,0,0,0,8968,0,0,0,0,0,0,8968,0,0,0,158187
27,75,0,0,0,0,0,8968,0,0,0,0,0,0,8968,0,0,0,158187
27,76,0,0,0,0,0,8968,0,0,0,0,0,0,8968,0,0,0,158187
27,77,0,0,0,0,0,8968,0,0,0,0,0,0,8968,0,0,0,158187
27,78,0,0,0,0,0,8968,0,0,0,0,0,0,8968,0,0,0,158187
27,79,0,0,0,0,0,8968,0,0,0,0,0,0,8968,0,0,0,158187
27,80,0,0,0,0,0,8968,0,0,0,0,0,0,8968,0,0,0,158187
27,81,0,0,0,0,0,8968,0,0,0,0,0,0,8968,0,0,0,158187
28,1,0,0,0,4228,0,0,0,0,4228,0,0,0,0,4228,0,0,11545
28,2,0,0,0,4228,0,0,0,0,4228,0,0,0,0,4228,0,0,11545
28,3,0,0,0,4228,0,0,0,0,4228,0,0,0,0,4228,0,0,11545
28,4,0,0,0,4228,0,0,0,0,4228,0,0,0,0,0,5068,0,26919
28,5,0,0,0,4228,0,0,0,0,4228,0,0,0,0,0,5068,0,26919
28,6,0,0,0,4228,0,0,0,0,4228,0,0,0,0,0,5068,0,26919
28,7,0,0,0,4228,0,0,0,0,4228,0,0,0,0,0,0,5740,48589
28,8,0,0,0,4228,0,0,0,0,4228,0,0,0,0,0,0,5740,48589
28,9,0,0,0,4228,0,0,0,0,4228,0,0,0,0,0,0,5740,48589
28,10,0,0,0,4228,0,0,0,0,0,5068,0,0,0,0,4228,0,31365
28,11,0,0,0,4228,0,0,0,0,0,5068,0,0,0,0,4228,0,31365
28,12,0,0,0,4228,0,0,0,0,0,5068,0,0,0,0,4228,0,31365
28,13,0,0,0,4228,0,0,0,0,0,5068,0,0,0,0,0,5068,56741
28,14,0,0,0,4228,0,0,0,0,0,5068,0,0,0,0,0,5068,56741
28,15,0,0,0,4228,0,0,0,0,0,5068,0,0,0,0,0,5068,56741
28,16,0,0,0,4228,0,0,0,0,0,5068,0,0,0,0,0,0,93249
28,17,0,0,0,4228,0,0,0,0,0,5068,0,0,0,0,0,0,93249
28,18,0,0,0,4228,0,0,0,0,0,5068,0,0,0,0,0,0,93249
28,19,0,0,0,4228,0,0,0,0,0,0,5740,0,0,0,0,4228,55411
28,20,0,0,0,4228,0,0,0,0,0,0,5740,0,0,0,0,4228,55411
28,21,0,0,0,4228,0,0,0,0,0,0,5740,0,0,0,0,4228,55411
28,22,0,0,0,4228,0,0,0,0,0,0,5740,0,0,0,0,0,95352
28,23,0,0,0,4228,0,0,0,0,0,0,5740,0,0,0,0,0,95352
28,24,0,0,0,4228,0,0,0,0,0,0,5740,0,0,0,0,0,95352
28,25,0,0,0,4228,0,0,0,0,0,0,5740,0,0,0,0,0,95352
28,26,0,0,0,4228,0,0,0,0,0,0,5740,0,0,0,0,0,95352
28,27,0,0,0,4228,0,0,0,0,0,0,5740,0,0,0,0,0,95352
28,28,0,0,0,0,5068,0,0,0,0,4228,0,0,0,0,4228,0,37896
28,29,0,0,0,0,5068,0,0,0,0,4228,0,0,0,0,4228,0,37896
28,30,0,0,0,0,5068,0,0,0,0,4228,0,0,0,0,4228,0,37896
28,31,0,0,0,0,5068,0,0,0,0,4228,0,0,0,0,0,5068,63272
28,32,0,0,0,0,5068,0,0,0,0,4228,0,0,0,0,0,5068,63272
28,33,0,0,0,0,5068,0,0,0,0,4228,0,0,0,0,0,5068,63272
28,34,0,0,0,0,5068,0,0,0,0,4228,0,0,0,0,0,0,99780
28,35,0,0,0,0,5068,0,0,0,0,4228,0,0,0,0,0,0,99780
28,36,0,0,0,0,5068,0,0,0,0,4228,0,0,0,0,0,0,99780
28,37,0,0,0,0,5068,0,0,0,0,0,5068,0,0,0,0,4228,67389
28,38,0,0,0,0,5068,0,0,0,0,0,5068,0,0,0,0,4228,67389
28,39,0,0,0,0,5068,0,0,0,0,0,5068,0,0,0,0,4228,67389
28,40,0,0,0,0,5068,0,0,0,0,0,5068,0,0,0,0,0,107330
28,41,0,0,0,0,5068,0,0,0,0,0,5068,0,0,0,0,0,107330
28,42,0,0,0,0,5068,0,0,0,0,0,5068,0,0,0,0,0,107330
28,43,0,0,0,0,5068,0,0,0,0,0,5068,0,0,0,0,0,107330
28,44,0,0,0,0,5068,0,0,0,0,0,5068,0,0,0,0,0,107330
28,45,0,0,0,0,5068,0,0,0,0,0,5068,0,0,0,0,0,107330
28,46,0,0,0,0,5068,0,0,0,0,0,0,5740,0,0,0,0,106099
28,47,0,0,0,0,5068,0,0,0,0,0,0,5740,0,0,0,0,106099
28,48,0,0,0,0,5068,0,0,0,0,0,0,5740,0,0,0,0,106099
28,49,0,0,0,0,5068,0,0,0,0,0,0,5740,0,0,0,0,106099
28,50,0,0,0,0,5068,0,0,0,0,0,0,5740,0,0,0,0,106099
28,51,0,0,0,0,5068,0,0,0,0,0,0,5740,0,0,0,0,106099
28,52,0,0,0,0,5068,0,0,0,0,0,0,5740,0,0,0,0,106099
28,53,0,0,0,0,5068,0,0,0,0,0,0,5740,0,0,0,0,106099
28,54,0,0,0,0,5068,0,0,0,0,0,0,5740,0,0,0,0,106099
28,55,0,0,0,0,0,5740,0,0,0,0,4228,0,0,0,0,4228,65434
28,56,0,0,0,0,0,5740,0,0,0,0,4228,0,0,0,0,4228,65434
28,57,0,0,0,0,0,5740,0,0,0,0,4228,0,0,0,0,4228,65434
28,58,0,0,0,0,0,5740,0,0,0,0,4228,0,0,0,0,0,105375
28,59,0,0,0,0,0,5740,0,0,0,0,4228,0,0,0,0,0,105375
28,60,0,0,0,0,0,5740,0,0,0,0,4228,0,0,0,0,0,105375
28,61,0,0,0,0,0,5740,0,0,0,0,4228,0,0,0,0,0,105375
28,62,0,0,0,0,0,5740,0,0,0,0,4228,0,0,0,0,0,105375
28,63,0,0,0,0,0,5740,0,0,0,0,4228,0,0,0,0,0,105375
28,64,0,0,0,0,0,5740,0,0,0,0,0,5068,0,0,0,0,109188
28,65,0,0,0,0,0,5740,0,0,0,0,0,5068,0,0,0,0,109188
28,66,0,0,0,0,0,5740,0,0,0,0,0,5068,0,0,0,0,109188
28,67,0,0,0,0,0,5740,0,0,0,0,0,5068,0,0,0,0,109188
28,68,0,0,0,0,0,5740,0,0,0,0,0,5068,0,0,0,0,109188
28,69,0,0,0,0,0,5740,0,0,0,0,0,5068,0,0,0,0,109188
28,70,0,0,0,0,0,5740,0,0,0,0,0,5068,0,0,0,0,109188
28,71,0,0,0,0,0,5740,0,0,0,0,0,5068,0,0,0,0,109188
28,72,0,0,0,0,0,5740,0,0,0,0,0,5068,0,0,0,0,109188
28,73,0,0,0,0,0,5740,0,0,0,0,0,0,5740,0,0,0,67173
28,74,0,0,0,0,0,5740,0,0,0,0,0,0,5740,0,0,0,67173
28,75,0,0,0,0,0,5740,0,0,0,0,0,0,5740,0,0,0,67173
28,76,0,0,0,0,0,5740,0,0,0,0,0,0,5740,0,0,0,67173
28,77,0,0,0,0,0,5740,0,0,0,0,0,0,5740,0,0,0,67173
28,78,0,0,0,0,0,5740,0,0,0,0,0,0,5740,0,0,0,67173
28,79,0,0,0,0,0,5740,0,0,0,0,0,0,5740,0,0,0,67173
28,80,0,0,0,0,0,5740,0,0,0,0,0,0,5740,0,0,0,67173
28,81,0,0,0,0,0,5740,0,0,0,0,0,0,5740,0,0,0,67173
29,1,0,0,0,9682,0,0,0,0,9682,0,0,0,0,9682,0,0,239332
29,2,0,0,0,9682,0,0,0,0,9682,0,0,0,0,9682,0,0,239332
29,3,0,0,0,9682,0,0,0,0,9682,0,0,0,0,9682,0,0,239332
29,4,0,0,0,9682,0,0,0,0,9682,0,0,0,0,0,10998,0,255080
29,5,0,0,0,9682,0,0,0,0,9682,0,0,0,0,0,10998,0,255080
29,6,0,0,0,9682,0,0,0,0,9682,0,0,0,0,0,10998,0,255080
29,7,0,0,0,9682,0,0,0,0,9682,0,0,0,0,0,0,12032,290810
29,8,0,0,0,9682,0,0,0,0,9682,0,0,0,0,0,0,12032,290810
29,9,0,0,0,9682,0,0,0,0,9682,0,0,0,0,0,0,12032,290810
29,10,0,0,0,9682,0,0,0,0,0,10998,0,0,0,0,9682,0,256618
29,11,0,0,0,9682,0,0,0,0,0,10998,0,0,0,0,9682,0,256618
29,12,0,0,0,9682,0,0,0,0,0,10998,0,0,0,0,9682,0,256618
29,13,0,0,0,9682,0,0,0,0,0,10998,0,0,0,0,0,10998,298453
29,14,0,0,0,9682,0,0,0,0,0,10998,0,0,0,0,0,10998,298453
29,15,0,0,0,9682,0,0,0,0,0,10998,0,0,0,0,0,10998,298453
29,16,0,0,0,9682,0,0,0,0,0,10998,0,0,0,0,0,0,356414
29,17,0,0,0,9682,0,0,0,0,0,10998,0,0,0,0,0,0,356414
29,18,0,0,0,9682,0,0,0,0,0,10998,0,0,0,0,0,0,356414
29,19,0,0,0,9682,0,0,0,0,0,0,12032,0,0,0,0,9682,290910
29,20,0,0,0,9682,0,0,0,0,0,0,12032,0,0,0,0,9682,290910
29,21,0,0,0,9682,0,0,0,0,0,0,12032,0,0,0,0,9682,290910
29,22,0,0,0,9682,0,0,0,0,0,0,12032,0,0,0,0,0,354524
29,23,0,0,0,9682,0,0,0,0,0,0,12032,0,0,0,0,0,354524
29,24,0,0,0,9682,0,0,0,0,0,0,12032,0,0,0,0,0,354524
29,25,0,0,0,9682,0,0,0,0,0,0,12032,0,0,0,0,0,354524
29,26,0,0,0,9682,0,0,0,0,0,0,12032,0,0,0,0,0,354524
29,27,0,0,0,9682,0,0,0,0,0,0,12032,0,0,0,0,0,354524
29,28,0,0,0,0,10998,0,0,0,0,9682,0,0,0,0,9682,0,258880
29,29,0,0,0,0,10998,0,0,0,0,9682,0,0,0,0,9682,0,258880
29,30,0,0,0,0,10998,0,0,0,0,9682,0,0,0,0,9682,0,258880
29,31,0,0,0,0,10998,0,0,0,0,9682,0,0,0,0,0,10998,300715
29,32,0,0,0,0,10998,0,0,0,0,9682,0,0,0,0,0,10998,300715
29,33,0,0,0,0,10998,0,0,0,0,9682,0,0,0,0,0,10998,300715
29,34,0,0,0,0,10998,0,0,0,0,9682,0,0,0,0,0,0,358676
29,35,0,0,0,0,10998,0,0,0,0,9682,0,0,0,0,0,0,358676
29,36,0,0,0,0,10998,0,0,0,0,9682,0,0,0,0,0,0,358676
29,37,0,0,0,0,10998,0,0,0,0,0,10998,0,0,0,0,9682,302141
29,38,0,0,0,0,10998,0,0,0,0,0,10998,0,0,0,0,9682,302141
29,39,0,0,0,0,10998,0,0,0,0,0,10998,0,0,0,0,9682,302141
29,40,0,0,0,0,10998,0,0,0,0,0,10998,0,0,0,0,0,365755
29,41,0,0,0,0,10998,0,0,0,0,0,10998,0,0,0,0,0,365755
29,42,0,0,0,0,10998,0,0,0,0,0,10998,0,0,0,0,0,365755
29,43,0,0,0,0,10998,0,0,0,0,0,10998,0,0,0,0,0,365755
29,44,0,0,0,0,10998,0,0,0,0,0,10998,0,0,0,0,0,365755
29,45,0,0,0,0,10998,0,0,0,0,0,10998,0,0,0,0,0,365755
29,46,0,0,0,0,10998,0,0,0,0,0,0,12032,0,0,0,0,358770
29,47,0,0,0,0,10998,0,0,0,0,0,0,12032,0,0,0,0,358770
29,48,0,0,0,0,10998,0,0,0,0,0,0,12032,0,0,0,0,358770
29,49,0,0,0,0,10998,0,0,0,0,0,0,12032,0,0,0,0,358770
29,50,0,0,0,0,10998,0,0,0,0,0,0,12032,0,0,0,0,358770
29,51,0,0,0,0,10998,0,0,0,0,0,0,12032,0,0,0,0,358770
29,52,0,0,0,0,10998,0,0,0,0,0,0,12032,0,0,0,0,358770
29,53,0,0,0,0,10998,0,0,0,0,0,0,12032,0,0,0,0,358770
29,54,0,0,0,0,10998,0,0,0,0,0,0,12032,0,0,0,0,358770
29,55,0,0,0,0,0,12032,0,0,0,0,9682,0,0,0,0,9682,291055
29,56,0,0,0,0,0,12032,0,0,0,0,9682,0,0,0,0,9682,291055
29,57,0,0,0,0,0,12032,0,0,0,0,9682,0,0,0,0,9682,291055
29,58,0,0,0,0,0,12032,0,0,0,0,9682,0,0,0,0,0,354669
29,59,0,0,0,0,0,12032,0,0,0,0,9682,0,0,0,0,0,354669
29,60,0,0,0,0,0,12032,0,0,0,0,9682,0,0,0,0,0,354669
29,61,0,0,0,0,0,12032,0,0,0,0,9682,0,0,0,0,0,354669
29,62,0,0,0,0,0,12032,0,0,0,0,9682,0,0,0,0,0,354669
29,63,0,0,0,0,0,12032,0,0,0,0,9682,0,0,0,0,0,354669
29,64,0,0,0,0,0,12032,0,0,0,0,0,10998,0,0,0,0,355989
29,65,0,0,0,0,0,12032,0,0,0,0,0,10998,0,0,0,0,355989
29,66,0,0,0,0,0,12032,0,0,0,0,0,10998,0,0,0,0,355989
29,67,0,0,0,0,0,12032,0,0,0,0,0,10998,0,0,0,0,355989
29,68,0,0,0,0,0,12032,0,0,0,0,0,10998,0,0,0,0,355989
29,69,0,0,0,0,0,12032,0,0,0,0,0,10998,0,0,0,0,355989
29,70,0,0,0,0,0,12032,0,0,0,0,0,10998,0,0,0,0,355989
29,71,0,0,0,0,0,12032,0,0,0,0,0,10998,0,0,0,0,355989
29,72,0,0,0,0,0,12032,0,0,0,0,0,10998,0,0,0,0,355989
29,73,0,0,0,0,0,12032,0,0,0,0,0,0,12032,0,0,0,249458
29,74,0,0,0,0,0,12032,0,0,0,0,0,0,12032,0,0,0,249458
29,75,0,0,0,0,0,12032,0,0,0,0,0,0,12032,0,0,0,249458
29,76,0,0,0,0,0,12032,0,0,0,0,0,0,12032,0,0,0,249458
29,77,0,0,0,0,0,12032,0,0,0,0,0,0,12032,0,0,0,249458
29,78,0,0,0,0,0,12032,0,0,0,0,0,0,12032,0,0,0,249458
29,79,0,0,0,0,0,12032,0,0,0,0,0,0,12032,0,0,0,249458
29,80,0,0,0,0,0,12032,0,0,0,0,0,0,12032,0,0,0,249458
29,81,0,0,0,0,0,12032,0,0,0,0,0,0,12032,0,0,0,249458
30,1,0,0,0,5340,0,0,0,0,5340,0,0,0,0,5340,0,0,81288
30,2,0,0,0,5340,0,0,0,0,5340,0,0,0,0,5340,0,0,81288
30,3,0,0,0,5340,0,0,0,0,5340,0,0,0,0,5340,0,0,81288
30,4,0,0,0,5340,0,0,0,0,5340,0,0,0,0,0,6210,0,94747
30,5,0,0,0,5340,0,0,0,0,5340,0,0,0,0,0,6210,0,94747
30,6,0,0,0,5340,0,0,0,0,5340,0,0,0,0,0,6210,0,94747
30,7,0,0,0,5340,0,0,0,0,5340,0,0,0,0,0,0,6930,118207
30,8,0,0,0,5340,0,0,0,0,5340,0,0,0,0,0,0,6930,118207
30,9,0,0,0,5340,0,0,0,0,5340,0,0,0,0,0,0,6930,118207
30,10,0,0,0,5340,0,0,0,0,0,6210,0,0,0,0,5340,0,97650
30,11,0,0,0,5340,0,0,0,0,0,6210,0,0,0,0,5340,0,97650
30,12,0,0,0,5340,0,0,0,0,0,6210,0,0,0,0,5340,0,97650
30,13,0,0,0,5340,0,0,0,0,0,6210,0,0,0,0,0,6210,124571
30,14,0,0,0,5340,0,0,0,0,0,6210,0,0,0,0,0,6210,124571
30,15,0,0,0,5340,0,0,0,0,0,6210,0,0,0,0,0,6210,124571
30,16,0,0,0,5340,0,0,0,0,0,6210,0,0,0,0,0,0,162952
30,17,0,0,0,5340,0,0,0,0,0,6210,0,0,0,0,0,0,162952
30,18,0,0,0,5340,0,0,0,0,0,6210,0,0,0,0,0,0,162952
30,19,0,0,0,5340,0,0,0,0,0,0,6930,0,0,0,0,5340,122174
30,20,0,0,0,5340,0,0,0,0,0,0,6930,0,0,0,0,5340,122174
30,21,0,0,0,5340,0,0,0,0,0,0,6930,0,0,0,0,5340,122174
30,22,0,0,0,5340,0,0,0,0,0,0,6930,0,0,0,0,0,163759
30,23,0,0,0,5340,0,0,0,0,0,0,6930,0,0,0,0,0,163759
30,24,0,0,0,5340,0,0,0,0,0,0,6930,0,0,0,0,0,163759
30,25,0,0,0,5340,0,0,0,0,0,0,6930,0,0,0,0,0,163759
30,26,0,0,0,5340,0,0,0,0,0,0,6930,0,0,0,0,0,163759
30,27,0,0,0,5340,0,0,0,0,0,0,6930,0,0,0,0,0,163759
30,28,0,0,0,0,6210,0,0,0,0,5340,0,0,0,0,5340,0,101916
30,29,0,0,0,0,6210,0,0,0,0,5340,0,0,0,0,5340,0,101916
30,30,0,0,0,0,6210,0,0,0,0,5340,0,0,0,0,5340,0,101916
30,31,0,0,0,0,6210,0,0,0,0,5340,0,0,0,0,0,6210,128837
30,32,0,0,0,0,6210,0,0,0,0,5340,0,0,0,0,0,6210,128837
30,33,0,0,0,0,6210,0,0,0,0,5340,0,0,0,0,0,6210,128837
30,34,0,0,0,0,6210,0,0,0,0,5340,0,0,0,0,0,0,167218
30,35,0,0,0,0,6210,0,0,0,0,5340,0,0,0,0,0,0,167218
30,36,0,0,0,0,6210,0,0,0,0,5340,0,0,0,0,0,0,167218
30,37,0,0,0,0,6210,0,0,0,0,0,6210,0,0,0,0,5340,131526
30,38,0,0,0,0,6210,0,0,0,0,0,6210,0,0,0,0,5340,131526
30,39,0,0,0,0,6210,0,0,0,0,0,6210,0,0,0,0,5340,131526
30,40,0,0,0,0,6210,0,0,0,0,0,6210,0,0,0,0,0,173111
30,41,0,0,0,0,6210,0,0,0,0,0,6210,0,0,0,0,0,173111
30,42,0,0,0,0,6210,0,0,0,0,0,6210,0,0,0,0,0,173111
30,43,0,0,0,0,6210,0,0,0,0,0,6210,0,0,0,0,0,173111
30,44,0,0,0,0,6210,0,0,0,0,0,6210,0,0,0,0,0,173111
30,45,0,0,0,0,6210,0,0,0,0,0,6210,0,0,0,0,0,173111
30,46,0,0,0,0,6210,0,0,0,0,0,0,6930,0,0,0,0,170892
30,47,0,0,0,0,6210,0,0,0,0,0,0,6930,0,0,0,0,170892
30,48,0,0,0,0,6210,0,0,0,0,0,0,6930,0,0,0,0,170892
30,49,0,0,0,0,6210,0,0,0,0,0,0,6930,0,0,0,0,170892
30,50,0,0,0,0,6210,0,0,0,0,0,0,6930,0,0,0,0,170892
30,51,0,0,0,0,6210,0,0,0,0,0,0,6930,0,0,0,0,170892
30,52,0,0,0,0,6210,0,0,0,0,0,0,6930,0,0,0,0,170892
30,53,0,0,0,0,6210,0,0,0,0,0,0,6930,0,0,0,0,170892
30,54,0,0,0,0,6210,0,0,0,0,0,0,6930,0,0,0,0,170892
30,55,0,0,0,0,0,6930,0,0,0,0,5340,0,0,0,0,5340,128002
30,56,0,0,0,0,0,6930,0,0,0,0,5340,0,0,0,0,5340,128002
30,57,0,0,0,0,0,6930,0,0,0,0,5340,0,0,0,0,5340,128002
30,58,0,0,0,0,0,6930,0,0,0,0,5340,0,0,0,0,0,169587
30,59,0,0,0,0,0,6930,0,0,0,0,5340,0,0,0,0,0,169587
30,60,0,0,0,0,0,6930,0,0,0,0,5340,0,0,0,0,0,169587
30,61,0,0,0,0,0,6930,0,0,0,0,5340,0,0,0,0,0,169587
30,62,0,0,0,0,0,6930,0,0,0,0,5340,0,0,0,0,0,169587
30,63,0,0,0,0,0,6930,0,0,0,0,5340,0,0,0,0,0,169587
30,64,0,0,0,0,0,6930,0,0,0,0,0,6210,0,0,0,0,172078
30,65,0,0,0,0,0,6930,0,0,0,0,0,6210,0,0,0,0,172078
30,66,0,0,0,0,0,6930,0,0,0,0,0,6210,0,0,0,0,172078
30,67,0,0,0,0,0,6930,0,0,0,0,0,6210,0,0,0,0,172078
30,68,0,0,0,0,0,6930,0,0,0,0,0,6210,0,0,0,0,172078
30,69,0,0,0,0,0,6930,0,0,0,0,0,6210,0,0,0,0,172078
30,70,0,0,0,0,0,6930,0,0,0,0,0,6210,0,0,0,0,172078
30,71,0,0,0,0,0,6930,0,0,0,0,0,6210,0,0,0,0,172078
30,72,0,0,0,0,0,6930,0,0,0,0,0,6210,0,0,0,0,172078
30,73,0,0,0,0,0,6930,0,0,0,0,0,0,6930,0,0,0,116277
30,74,0,0,0,0,0,6930,0,0,0,0,0,0,6930,0,0,0,116277
30,75,0,0,0,0,0,6930,0,0,0,0,0,0,6930,0,0,0,116277
30,76,0,0,0,0,0,6930,0,0,0,0,0,0,6930,0,0,0,116277
30,77,0,0,0,0,0,6930,0,0,0,0,0,0,6930,0,0,0,116277
30,78,0,0,0,0,0,6930,0,0,0,0,0,0,6930,0,0,0,116277
30,79,0,0,0,0,0,6930,0,0,0,0,0,0,6930,0,0,0,116277
30,80,0,0,0,0,0,6930,0,0,0,0,0,0,6930,0,0,0,116277
30,81,0,0,0,0,0,6930,0,0,0,0,0,0,6930,0,0,0,116277
31,1,0,0,0,3775,0,0,0,0,3775,0,0,0,0,3775,0,0,10306
31,2,0,0,0,3775,0,0,0,0,3775,0,0,0,0,3775,0,0,10306
31,3,0,0,0,3775,0,0,0,0,3775,0,0,0,0,3775,0,0,10306
31,4,0,0,0,3775,0,0,0,0,3775,0,0,0,0,0,4525,0,24034
31,5,0,0,0,3775,0,0,0,0,3775,0,0,0,0,0,4525,0,24034
31,6,0,0,0,3775,0,0,0,0,3775,0,0,0,0,0,4525,0,24034
31,7,0,0,0,3775,0,0,0,0,3775,0,0,0,0,0,0,5125,43382
31,8,0,0,0,3775,0,0,0,0,3775,0,0,0,0,0,0,5125,43382
31,9,0,0,0,3775,0,0,0,0,3775,0,0,0,0,0,0,5125,43382
31,10,0,0,0,3775,0,0,0,0,0,4525,0,0,0,0,3775,0,28003
31,11,0,0,0,3775,0,0,0,0,0,4525,0,0,0,0,3775,0,28003
31,12,0,0,0,3775,0,0,0,0,0,4525,0,0,0,0,3775,0,28003
31,13,0,0,0,3775,0,0,0,0,0,4525,0,0,0,0,0,4525,50661
31,14,0,0,0,3775,0,0,0,0,0,4525,0,0,0,0,0,4525,50661
31,15,0,0,0,3775,0,0,0,0,0,4525,0,0,0,0,0,4525,50661
31,16,0,0,0,3775,0,0,0,0,0,4525,0,0,0,0,0,0,83258
31,17,0,0,0,3775,0,0,0,0,0,4525,0,0,0,0,0,0,83258
31,18,0,0,0,3775,0,0,0,0,0,4525,0,0,0,0,0,0,83258
31,19,0,0,0,3775,0,0,0,0,0,0,5125,0,0,0,0,3775,49473
31,20,0,0,0,3775,0,0,0,0,0,0,5125,0,0,0,0,3775,49473
31,21,0,0,0,3775,0,0,0,0,0,0,5125,0,0,0,0,3775,49473
31,22,0,0,0,3775,0,0,0,0,0,0,5125,0,0,0,0,0,85135
31,23,0,0,0,3775,0,0,0,0,0,0,5125,0,0,0,0,0,85135
31,24,0,0,0,3775,0,0,0,0,0,0,5125,0,0,0,0,0,85135
31,25,0,0,0,3775,0,0,0,0,0,0,5125,0,0,0,0,0,85135
31,26,0,0,0,3775,0,0,0,0,0,0,5125,0,0,0,0,0,85135
31,27,0,0,0,3775,0,0,0,0,0,0,5125,0,0,0,0,0,85135
31,28,0,0,0,0,4525,0,0,0,0,3775,0,0,0,0,3775,0,33834
31,29,0,0,0,0,4525,0,0,0,0,3775,0,0,0,0,3775,0,33834
31,30,0,0,0,0,4525,0,0,0,0,3775,0,0,0,0,3775,0,33834
31,31,0,0,0,0,4525,0,0,0,0,3775,0,0,0,0,0,4525,56492
31,32,0,0,0,0,4525,0,0,0,0,3775,0,0,0,0,0,4525,56492
31,33,0,0,0,0,4525,0,0,0,0,3775,0,0,0,0,0,4525,56492
31,34,0,0,0,0,4525,0,0,0,0,3775,0,0,0,0,0,0,89089
31,35,0,0,0,0,4525,0,0,0,0,3775,0,0,0,0,0,0,89089
31,36,0,0,0,0,4525,0,0,0,0,3775,0,0,0,0,0,0,89089
31,37,0,0,0,0,4525,0,0,0,0,0,4525,0,0,0,0,3775,60167
31,38,0,0,0,0,4525,0,0,0,0,0,4525,0,0,0,0,3775,60167
31,39,0,0,0,0,4525,0,0,0,0,0,4525,0,0,0,0,3775,60167
31,40,0,0,0,0,4525,0,0,0,0,0,4525,0,0,0,0,0,95829
31,41,0,0,0,0,4525,0,0,0,0,0,4525,0,0,0,0,0,95829
31,42,0,0,0,0,4525,0,0,0,0,0,4525,0,0,0,0,0,95829
31,43,0,0,0,0,4525,0,0,0,0,0,4525,0,0,0,0,0,95829
31,44,0,0,0,0,4525,0,0,0,0,0,4525,0,0,0,0,0,95829
31,45,0,0,0,0,4525,0,0,0,0,0,4525,0,0,0,0,0,95829
31,46,0,0,0,0,4525,0,0,0,0,0,0,5125,0,0,0,0,94730
31,47,0,0,0,0,4525,0,0,0,0,0,0,5125,0,0,0,0,94730
31,48,0,0,0,0,4525,0,0,0,0,0,0,5125,0,0,0,0,94730
31,49,0,0,0,0,4525,0,0,0,0,0,0,5125,0,0,0,0,94730
31,50,0,0,0,0,4525,0,0,0,0,0,0,5125,0,0,0,0,94730
31,51,0,0,0,0,4525,0,0,0,0,0,0,5125,0,0,0,0,94730
31,52,0,0,0,0,4525,0,0,0,0,0,0,5125,0,0,0,0,94730
31,53,0,0,0,0,4525,0,0,0,0,0,0,5125,0,0,0,0,94730
31,54,0,0,0,0,4525,0,0,0,0,0,0,5125,0,0,0,0,94730
31,55,0,0,0,0,0,5125,0,0,0,0,3775,0,0,0,0,3775,58422
31,56,0,0,0,0,0,5125,0,0,0,0,3775,0,0,0,0,3775,58422
31,57,0,0,0,0,0,5125,0,0,0,0,3775,0,0,0,0,3775,58422
31,58,0,0,0,0,0,5125,0,0,0,0,3775,0,0,0,0,0,94084
31,59,0,0,0,0,0,5125,0,0,0,0,3775,0,0,0,0,0,94084
31,60,0,0,0,0,0,5125,0,0,0,0,3775,0,0,0,0,0,94084
31,61,0,0,0,0,0,5125,0,0,0,0,3775,0,0,0,0,0,94084
31,62,0,0,0,0,0,5125,0,0,0,0,3775,0,0,0,0,0,94084
31,63,0,0,0,0,0,5125,0,0,0,0,3775,0,0,0,0,0,94084
31,64,0,0,0,0,0,5125,0,0,0,0,0,4525,0,0,0,0,97489
31,65,0,0,0,0,0,5125,0,0,0,0,0,4525,0,0,0,0,97489
31,66,0,0,0,0,0,5125,0,0,0,0,0,4525,0,0,0,0,97489
31,67,0,0,0,0,0,5125,0,0,0,0,0,4525,0,0,0,0,97489
31,68,0,0,0,0,0,5125,0,0,0,0,0,4525,0,0,0,0,97489
31,69,0,0,0,0,0,5125,0,0,0,0,0,4525,0,0,0,0,97489
31,70,0,0,0,0,0,5125,0,0,0,0,0,4525,0,0,0,0,97489
31,71,0,0,0,0,0,5125,0,0,0,0,0,4525,0,0,0,0,97489
31,72,0,0,0,0,0,5125,0,0,0,0,0,4525,0,0,0,0,97489
31,73,0,0,0,0,0,5125,0,0,0,0,0,0,5125,0,0,0,59976
31,74,0,0,0,0,0,5125,0,0,0,0,0,0,5125,0,0,0,59976
31,75,0,0,0,0,0,5125,0,0,0,0,0,0,5125,0,0,0,59976
31,76,0,0,0,0,0,5125,0,0,0,0,0,0,5125,0,0,0,59976
31,77,0,0,0,0,0,5125,0,0,0,0,0,0,5125,0,0,0,59976
31,78,0,0,0,0,0,5125,0,0,0,0,0,0,5125,0,0,0,59976
31,79,0,0,0,0,0,5125,0,0,0,0,0,0,5125,0,0,0,59976
31,80,0,0,0,0,0,5125,0,0,0,0,0,0,5125,0,0,0,59976
31,81,0,0,0,0,0,5125,0,0,0,0,0,0,5125,0,0,0,59976
32,1,0,0,0,6708,0,0,0,0,6708,0,0,0,0,6708,0,0,85766
32,2,0,0,0,6708,0,0,0,0,6708,0,0,0,0,6708,0,0,85766
32,3,0,0,0,6708,0,0,0,0,6708,0,0,0,0,6708,0,0,85766
32,4,0,0,0,6708,0,0,0,0,6708,0,0,0,0,0,7839,0,104037
32,5,0,0,0,6708,0,0,0,0,6708,0,0,0,0,0,7839,0,104037
32,6,0,0,0,6708,0,0,0,0,6708,0,0,0,0,0,7839,0,104037
32,7,0,0,0,6708,0,0,0,0,6708,0,0,0,0,0,0,8775,134375
32,8,0,0,0,6708,0,0,0,0,6708,0,0,0,0,0,0,8775,134375
32,9,0,0,0,6708,0,0,0,0,6708,0,0,0,0,0,0,8775,134375
32,10,0,0,0,6708,0,0,0,0,0,7839,0,0,0,0,6708,0,108279
32,11,0,0,0,6708,0,0,0,0,0,7839,0,0,0,0,6708,0,108279
32,12,0,0,0,6708,0,0,0,0,0,7839,0,0,0,0,6708,0,108279
32,13,0,0,0,6708,0,0,0,0,0,7839,0,0,0,0,0,7839,143117
32,14,0,0,0,6708,0,0,0,0,0,7839,0,0,0,0,0,7839,143117
32,15,0,0,0,6708,0,0,0,0,0,7839,0,0,0,0,0,7839,143117
32,16,0,0,0,6708,0,0,0,0,0,7839,0,0,0,0,0,0,193284
32,17,0,0,0,6708,0,0,0,0,0,7839,0,0,0,0,0,0,193284
32,18,0,0,0,6708,0,0,0,0,0,7839,0,0,0,0,0,0,193284
32,19,0,0,0,6708,0,0,0,0,0,0,8775,0,0,0,0,6708,140433
32,20,0,0,0,6708,0,0,0,0,0,0,8775,0,0,0,0,6708,140433
32,21,0,0,0,6708,0,0,0,0,0,0,8775,0,0,0,0,6708,140433
32,22,0,0,0,6708,0,0,0,0,0,0,8775,0,0,0,0,0,194766
32,23,0,0,0,6708,0,0,0,0,0,0,8775,0,0,0,0,0,194766
32,24,0,0,0,6708,0,0,0,0,0,0,8775,0,0,0,0,0,194766
32,25,0,0,0,6708,0,0,0,0,0,0,8775,0,0,0,0,0,194766
32,26,0,0,0,6708,0,0,0,0,0,0,8775,0,0,0,0,0,194766
32,27,0,0,0,6708,0,0,0,0,0,0,8775,0,0,0,0,0,194766
32,28,0,0,0,0,7839,0,0,0,0,6708,0,0,0,0,6708,0,114511
32,29,0,0,0,0,7839,0,0,0,0,6708,0,0,0,0,6708,0,114511
32,30,0,0,0,0,7839,0,0,0,0,6708,0,0,0,0,6708,0,114511
32,31,0,0,0,0,7839,0,0,0,0,6708,0,0,0,0,0,7839,149349
32,32,0,0,0,0,7839,0,0,0,0,6708,0,0,0,0,0,7839,149349
32,33,0,0,0,0,7839,0,0,0,0,6708,0,0,0,0,0,7839,149349
32,34,0,0,0,0,7839,0,0,0,0,6708,0,0,0,0,0,0,199516
32,35,0,0,0,0,7839,0,0,0,0,6708,0,0,0,0,0,0,199516
32,36,0,0,0,0,7839,0,0,0,0,6708,0,0,0,0,0,0,199516
32,37,0,0,0,0,7839,0,0,0,0,0,7839,0,0,0,0,6708,153276
32,38,0,0,0,0,7839,0,0,0,0,0,7839,0,0,0,0,6708,153276
32,39,0,0,0,0,7839,0,0,0,0,0,7839,0,0,0,0,6708,153276
32,40,0,0,0,0,7839,0,0,0,0,0,7839,0,0,0,0,0,207609
32,41,0,0,0,0,7839,0,0,0,0,0,7839,0,0,0,0,0,207609
32,42,0,0,0,0,7839,0,0,0,0,0,7839,0,0,0,0,0,207609
32,43,0,0,0,0,7839,0,0,0,0,0,7839,0,0,0,0,0,207609
32,44,0,0,0,0,7839,0,0,0,0,0,7839,0,0,0,0,0,207609
32,45,0,0,0,0,7839,0,0,0,0,0,7839,0,0,0,0,0,207609
32,46,0,0,0,0,7839,0,0,0,0,0,0,8775,0,0,0,0,205124
32,47,0,0,0,0,7839,0,0,0,0,0,0,8775,0,0,0,0,205124
32,48,0,0,0,0,7839,0,0,0,0,0,0,8775,0,0,0,0,205124
32,49,0,0,0,0,7839,0,0,0,0,0,0,8775,0,0,0,0,205124
32,50,0,0,0,0,7839,0,0,0,0,0,0,8775,0,0,0,0,205124
32,51,0,0,0,0,7839,0,0,0,0,0,0,8775,0,0,0,0,205124
32,52,0,0,0,0,7839,0,0,0,0,0,0,8775,0,0,0,0,205124
32,53,0,0,0,0,7839,0,0,0,0,0,0,8775,0,0,0,0,205124
32,54,0,0,0,0,7839,0,0,0,0,0,0,8775,0,0,0,0,205124
32,55,0,0,0,0,0,8775,0,0,0,0,6708,0,0,0,0,6708,149334
32,56,0,0,0,0,0,8775,0,0,0,0,6708,0,0,0,0,6708,149334
32,57,0,0,0,0,0,8775,0,0,0,0,6708,0,0,0,0,6708,149334
32,58,0,0,0,0,0,8775,0,0,0,0,6708,0,0,0,0,0,203667
32,59,0,0,0,0,0,8775,0,0,0,0,6708,0,0,0,0,0,203667
32,60,0,0,0,0,0,8775,0,0,0,0,6708,0,0,0,0,0,203667
32,61,0,0,0,0,0,8775,0,0,0,0,6708,0,0,0,0,0,203667
32,62,0,0,0,0,0,8775,0,0,0,0,6708,0,0,0,0,0,203667
32,63,0,0,0,0,0,8775,0,0,0,0,6708,0,0,0,0,0,203667
32,64,0,0,0,0,0,8775,0,0,0,0,0,7839,0,0,0,0,207303
32,65,0,0,0,0,0,8775,0,0,0,0,0,7839,0,0,0,0,207303
32,66,0,0,0,0,0,8775,0,0,0,0,0,7839,0,0,0,0,207303
32,67,0,0,0,0,0,8775,0,0,0,0,0,7839,0,0,0,0,207303
32,68,0,0,0,0,0,8775,0,0,0,0,0,7839,0,0,0,0,207303
32,69,0,0,0,0,0,8775,0,0,0,0,0,7839,0,0,0,0,207303
32,70,0,0,0,0,0,8775,0,0,0,0,0,7839,0,0,0,0,207303
32,71,0,0,0,0,0,8775,0,0,0,0,0,7839,0,0,0,0,207303
32,72,0,0,0,0,0,8775,0,0,0,0,0,7839,0,0,0,0,207303
32,73,0,0,0,0,0,8775,0,0,0,0,0,0,8775,0,0,0,137867
32,74,0,0,0,0,0,8775,0,0,0,0,0,0,8775,0,0,0,137867
32,75,0,0,0,0,0,8775,0,0,0,0,0,0,8775,0,0,0,137867
32,76,0,0,0,0,0,8775,0,0,0,0,0,0,8775,0,0,0,137867
32,77,0,0,0,0,0,8775,0,0,0,0,0,0,8775,0,0,0,137867
32,78,0,0,0,0,0,8775,0,0,0,0,0,0,8775,0,0,0,137867
32,79,0,0,0,0,0,8775,0,0,0,0,0,0,8775,0,0,0,137867
32,80,0,0,0,0,0,8775,0,0,0,0,0,0,8775,0,0,0,137867
32,81,0,0,0,0,0,8775,0,0,0,0,0,0,8775,0,0,0,137867
33,1,0,0,0,5688,0,0,0,0,5688,0,0,0,0,5688,0,0,36281
33,2,0,0,0,5688,0,0,0,0,5688,0,0,0,0,5688,0,0,36281
33,3,0,0,0,5688,0,0,0,0,5688,0,0,0,0,5688,0,0,36281
33,4,0,0,0,5688,0,0,0,0,5688,0,0,0,0,0,6768,0,55285
33,5,0,0,0,5688,0,0,0,0,5688,0,0,0,0,0,6768,0,55285
33,6,0,0,0,5688,0,0,0,0,5688,0,0,0,0,0,6768,0,55285
33,7,0,0,0,5688,0,0,0,0,5688,0,0,0,0,0,0,7632,83249
33,8,0,0,0,5688,0,0,0,0,5688,0,0,0,0,0,0,7632,83249
33,9,0,0,0,5688,0,0,0,0,5688,0,0,0,0,0,0,7632,83249
33,10,0,0,0,5688,0,0,0,0,0,6768,0,0,0,0,5688,0,60496
33,11,0,0,0,5688,0,0,0,0,0,6768,0,0,0,0,5688,0,60496
33,12,0,0,0,5688,0,0,0,0,0,6768,0,0,0,0,5688,0,60496
33,13,0,0,0,5688,0,0,0,0,0,6768,0,0,0,0,0,6768,93227
33,14,0,0,0,5688,0,0,0,0,0,6768,0,0,0,0,0,6768,93227
33,15,0,0,0,5688,0,0,0,0,0,6768,0,0,0,0,0,6768,93227
33,16,0,0,0,5688,0,0,0,0,0,6768,0,0,0,0,0,0,139871
33,17,0,0,0,5688,0,0,0,0,0,6768,0,0,0,0,0,0,139871
33,18,0,0,0,5688,0,0,0,0,0,6768,0,0,0,0,0,0,139871
33,19,0,0,0,5688,0,0,0,0,0,0,7632,0,0,0,0,5688,91050
33,20,0,0,0,5688,0,0,0,0,0,0,7632,0,0,0,0,5688,91050
33,21,0,0,0,5688,0,0,0,0,0,0,7632,0,0,0,0,5688,91050
33,22,0,0,0,5688,0,0,0,0,0,0,7632,0,0,0,0,0,142108
33,23,0,0,0,5688,0,0,0,0,0,0,7632,0,0,0,0,0,142108
33,24,0,0,0,5688,0,0,0,0,0,0,7632,0,0,0,0,0,142108
33,25,0,0,0,5688,0,0,0,0,0,0,7632,0,0,0,0,0,142108
33,26,0,0,0,5688,0,0,0,0,0,0,7632,0,0,0,0,0,142108
33,27,0,0,0,5688,0,0,0,0,0,0,7632,0,0,0,0,0,142108
33,28,0,0,0,0,6768,0,0,0,0,5688,0,0,0,0,5688,0,68155
33,29,0,0,0,0,6768,0,0,0,0,5688,0,0,0,0,5688,0,68155
33,30,0,0,0,0,6768,0,0,0,0,5688,0,0,0,0,5688,0,68155
33,31,0,0,0,0,6768,0,0,0,0,5688,0,0,0,0,0,6768,100886
33,32,0,0,0,0,6768,0,0,0,0,5688,0,0,0,0,0,6768,100886
33,33,0,0,0,0,6768,0,0,0,0,5688,0,0,0,0,0,6768,100886
33,34,0,0,0,0,6768,0,0,0,0,5688,0,0,0,0,0,0,147530
33,35,0,0,0,0,6768,0,0,0,0,5688,0,0,0,0,0,0,147530
33,36,0,0,0,0,6768,0,0,0,0,5688,0,0,0,0,0,0,147530
33,37,0,0,0,0,6768,0,0,0,0,0,6768,0,0,0,0,5688,105712
33,38,0,0,0,0,6768,0,0,0,0,0,6768,0,0,0,0,5688,105712
33,39,0,0,0,0,6768,0,0,0,0,0,6768,0,0,0,0,5688,105712
33,40,0,0,0,0,6768,0,0,0,0,0,6768,0,0,0,0,0,156770
33,41,0,0,0,0,6768,0,0,0,0,0,6768,0,0,0,0,0,156770
33,42,0,0,0,0,6768,0,0,0,0,0,6768,0,0,0,0,0,156770
33,43,0,0,0,0,6768,0,0,0,0,0,6768,0,0,0,0,0,156770
33,44,0,0,0,0,6768,0,0,0,0,0,6768,0,0,0,0,0,156770
33,45,0,0,0,0,6768,0,0,0,0,0,6768,0,0,0,0,0,156770
33,46,0,0,0,0,6768,0,0,0,0,0,0,7632,0,0,0,0,154754
33,47,0,0,0,0,6768,0,0,0,0,0,0,7632,0,0,0,0,154754
33,48,0,0,0,0,6768,0,0,0,0,0,0,7632,0,0,0,0,154754
33,49,0,0,0,0,6768,0,0,0,0,0,0,7632,0,0,0,0,154754
33,50,0,0,0,0,6768,0,0,0,0,0,0,7632,0,0,0,0,154754
33,51,0,0,0,0,6768,0,0,0,0,0,0,7632,0,0,0,0,154754
33,52,0,0,0,0,6768,0,0,0,0,0,0,7632,0,0,0,0,154754
33,53,0,0,0,0,6768,0,0,0,0,0,0,7632,0,0,0,0,154754
33,54,0,0,0,0,6768,0,0,0,0,0,0,7632,0,0,0,0,154754
33,55,0,0,0,0,0,7632,0,0,0,0,5688,0,0,0,0,5688,102512
33,56,0,0,0,0,0,7632,0,0,0,0,5688,0,0,0,0,5688,102512
33,57,0,0,0,0,0,7632,0,0,0,0,5688,0,0,0,0,5688,102512
33,58,0,0,0,0,0,7632,0,0,0,0,5688,0,0,0,0,0,153570
33,59,0,0,0,0,0,7632,0,0,0,0,5688,0,0,0,0,0,153570
33,60,0,0,0,0,0,7632,0,0,0,0,5688,0,0,0,0,0,153570
33,61,0,0,0,0,0,7632,0,0,0,0,5688,0,0,0,0,0,153570
33,62,0,0,0,0,0,7632,0,0,0,0,5688,0,0,0,0,0,153570
33,63,0,0,0,0,0,7632,0,0,0,0,5688,0,0,0,0,0,153570
33,64,0,0,0,0,0,7632,0,0,0,0,0,6768,0,0,0,0,158038
33,65,0,0,0,0,0,7632,0,0,0,0,0,6768,0,0,0,0,158038
33,66,0,0,0,0,0,7632,0,0,0,0,0,6768,0,0,0,0,158038
33,67,0,0,0,0,0,7632,0,0,0,0,0,6768,0,0,0,0,158038
33,68,0,0,0,0,0,7632,0,0,0,0,0,6768,0,0,0,0,158038
33,69,0,0,0,0,0,7632,0,0,0,0,0,6768,0,0,0,0,158038
33,70,0,0,0,0,0,7632,0,0,0,0,0,6768,0,0,0,0,158038
33,71,0,0,0,0,0,7632,0,0,0,0,0,6768,0,0,0,0,158038
33,72,0,0,0,0,0,7632,0,0,0,0,0,6768,0,0,0,0,158038
33,73,0,0,0,0,0,7632,0,0,0,0,0,0,7632,0,0,0,100677
33,74,0,0,0,0,0,7632,0,0,0,0,0,0,7632,0,0,0,100677
33,75,0,0,0,0,0,7632,0,0,0,0,0,0,7632,0,0,0,100677
33,76,0,0,0,0,0,7632,0,0,0,0,0,0,7632,0,0,0,100677
33,77,0,0,0,0,0,7632,0,0,0,0,0,0,7632,0,0,0,100677
33,78,0,0,0,0,0,7632,0,0,0,0,0,0,7632,0,0,0,100677
33,79,0,0,0,0,0,7632,0,0,0,0,0,0,7632,0,0,0,100677
33,80,0,0,0,0,0,7632,0,0,0,0,0,0,7632,0,0,0,100677
33,81,0,0,0,0,0,7632,0,0,0,0,0,0,7632,0,0,0,100677
34,1,0,0,0,8550,0,0,0,0,8550,0,0,0,0,8550,0,0,167881
34,2,0,0,0,8550,0,0,0,0,8550,0,0,0,0,8550,0,0,167881
34,3,0,0,0,8550,0,0,0,0,8550,0,0,0,0,8550,0,0,167881
34,4,0,0,0,8550,0,0,0,0,8550,0,0,0,0,0,9855,0,186283
34,5,0,0,0,8550,0,0,0,0,8550,0,0,0,0,0,9855,0,186283
34,6,0,0,0,8550,0,0,0,0,8550,0,0,0,0,0,9855,0,186283
34,7,0,0,0,8550,0,0,0,0,8550,0,0,0,0,0,0,10890,220871
34,8,0,0,0,8550,0,0,0,0,8550,0,0,0,0,0,0,10890,220871
34,9,0,0,0,8550,0,0,0,0,8550,0,0,0,0,0,0,10890,220871
34,10,0,0,0,8550,0,0,0,0,0,9855,0,0,0,0,8550,0,189558
34,11,0,0,0,8550,0,0,0,0,0,9855,0,0,0,0,8550,0,189558
34,12,0,0,0,8550,0,0,0,0,0,9855,0,0,0,0,8550,0,189558
34,13,0,0,0,8550,0,0,0,0,0,9855,0,0,0,0,0,9855,230047
34,14,0,0,0,8550,0,0,0,0,0,9855,0,0,0,0,0,9855,230047
34,15,0,0,0,8550,0,0,0,0,0,9855,0,0,0,0,0,9855,230047
34,16,0,0,0,8550,0,0,0,0,0,9855,0,0,0,0,0,0,286593
34,17,0,0,0,8550,0,0,0,0,0,9855,0,0,0,0,0,0,286593
34,18,0,0,0,8550,0,0,0,0,0,9855,0,0,0,0,0,0,286593
34,19,0,0,0,8550,0,0,0,0,0,0,10890,0,0,0,0,8550,224408
34,20,0,0,0,8550,0,0,0,0,0,0,10890,0,0,0,0,8550,224408
34,21,0,0,0,8550,0,0,0,0,0,0,10890,0,0,0,0,8550,224408
34,22,0,0,0,8550,0,0,0,0,0,0,10890,0,0,0,0,0,286418
34,23,0,0,0,8550,0,0,0,0,0,0,10890,0,0,0,0,0,286418
34,24,0,0,0,8550,0,0,0,0,0,0,10890,0,0,0,0,0,286418
34,25,0,0,0,8550,0,0,0,0,0,0,10890,0,0,0,0,0,286418
34,26,0,0,0,8550,0,0,0,0,0,0,10890,0,0,0,0,0,286418
34,27,0,0,0,8550,0,0,0,0,0,0,10890,0,0,0,0,0,286418
34,28,0,0,0,0,9855,0,0,0,0,8550,0,0,0,0,8550,0,194368
34,29,0,0,0,0,9855,0,0,0,0,8550,0,0,0,0,8550,0,194368
34,30,0,0,0,0,9855,0,0,0,0,8550,0,0,0,0,8550,0,194368
34,31,0,0,0,0,9855,0,0,0,0,8550,0,0,0,0,0,9855,234857
34,32,0,0,0,0,9855,0,0,0,0,8550,0,0,0,0,0,9855,234857
34,33,0,0,0,0,9855,0,0,0,0,8550,0,0,0,0,0,9855,234857
34,34,0,0,0,0,9855,0,0,0,0,8550,0,0,0,0,0,0,291403
34,35,0,0,0,0,9855,0,0,0,0,8550,0,0,0,0,0,0,291403
34,36,0,0,0,0,9855,0,0,0,0,8550,0,0,0,0,0,0,291403
34,37,0,0,0,0,9855,0,0,0,0,0,9855,0,0,0,0,8550,237889
34,38,0,0,0,0,9855,0,0,0,0,0,9855,0,0,0,0,8550,237889
34,39,0,0,0,0,9855,0,0,0,0,0,9855,0,0,0,0,8550,237889
34,40,0,0,0,0,9855,0,0,0,0,0,9855,0,0,0,0,0,299899
34,41,0,0,0,0,9855,0,0,0,0,0,9855,0,0,0,0,0,299899
34,42,0,0,0,0,9855,0,0,0,0,0,9855,0,0,0,0,0,299899
34,43,0,0,0,0,9855,0,0,0,0,0,9855,0,0,0,0,0,299899
34,44,0,0,0,0,9855,0,0,0,0,0,9855,0,0,0,0,0,299899
34,45,0,0,0,0,9855,0,0,0,0,0,9855,0,0,0,0,0,299899
34,46,0,0,0,0,9855,0,0,0,0,0,0,10890,0,0,0,0,294676
34,47,0,0,0,0,9855,0,0,0,0,0,0,10890,0,0,0,0,294676
34,48,0,0,0,0,9855,0,0,0,0,0,0,10890,0,0,0,0,294676
34,49,0,0,0,0,9855,0,0,0,0,0,0,10890,0,0,0,0,294676
34,50,0,0,0,0,9855,0,0,0,0,0,0,10890,0,0,0,0,294676
34,51,0,0,0,0,9855,0,0,0,0,0,0,10890,0,0,0,0,294676
34,52,0,0,0,0,9855,0,0,0,0,0,0,10890,0,0,0,0,294676
34,53,0,0,0,0,9855,0,0,0,0,0,0,10890,0,0,0,0,294676
34,54,0,0,0,0,9855,0,0,0,0,0,0,10890,0,0,0,0,294676
34,55,0,0,0,0,0,10890,0,0,0,0,8550,0,0,0,0,8550,229603
34,56,0,0,0,0,0,10890,0,0,0,0,8550,0,0,0,0,8550,229603
34,57,0,0,0,0,0,10890,0,0,0,0,8550,0,0,0,0,8550,229603
34,58,0,0,0,0,0,10890,0,0,0,0,8550,0,0,0,0,0,291613
34,59,0,0,0,0,0,10890,0,0,0,0,8550,0,0,0,0,0,291613
34,60,0,0,0,0,0,10890,0,0,0,0,8550,0,0,0,0,0,291613
34,61,0,0,0,0,0,10890,0,0,0,0,8550,0,0,0,0,0,291613
34,62,0,0,0,0,0,10890,0,0,0,0,8550,0,0,0,0,0,291613
34,63,0,0,0,0,0,10890,0,0,0,0,8550,0,0,0,0,0,291613
34,64,0,0,0,0,0,10890,0,0,0,0,0,9855,0,0,0,0,294418
34,65,0,0,0,0,0,10890,0,0,0,0,0,9855,0,0,0,0,294418
34,66,0,0,0,0,0,10890,0,0,0,0,0,9855,0,0,0,0,294418
34,67,0,0,0,0,0,10890,0,0,0,0,0,9855,0,0,0,0,294418
34,68,0,0,0,0,0,10890,0,0,0,0,0,9855,0,0,0,0,294418
34,69,0,0,0,0,0,10890,0,0,0,0,0,9855,0,0,0,0,294418
34,70,0,0,0,0,0,10890,0,0,0,0,0,9855,0,0,0,0,294418
34,71,0,0,0,0,0,10890,0,0,0,0,0,9855,0,0,0,0,294418
34,72,0,0,0,0,0,10890,0,0,0,0,0,9855,0,0,0,0,294418
34,73,0,0,0,0,0,10890,0,0,0,0,0,0,10890,0,0,0,202663
34,74,0,0,0,0,0,10890,0,0,0,0,0,0,10890,0,0,0,202663
34,75,0,0,0,0,0,10890,0,0,0,0,0,0,10890,0,0,0,202663
34,76,0,0,0,0,0,10890,0,0,0,0,0,0,10890,0,0,0,202663
34,77,0,0,0,0,0,10890,0,0,0,0,0,0,10890,0,0,0,202663
34,78,0,0,0,0,0,10890,0,0,0,0,0,0,10890,0,0,0,202663
34,79,0,0,0,0,0,10890,0,0,0,0,0,0,10890,0,0,0,202663
34,80,0,0,0,0,0,10890,0,0,0,0,0,0,10890,0,0,0,202663
34,81,0,0,0,0,0,10890,0,0,0,0,0,0,10890,0,0,0,202663
35,1,0,0,7839,0,0,0,0,7839,0,0,0,0,7839,0,0,0,282904
35,2,0,0,7839,0,0,0,0,7839,0,0,0,0,7839,0,0,0,282904
35,3,0,0,7839,0,0,0,0,7839,0,0,0,0,7839,0,0,0,282904
35,4,0,0,7839,0,0,0,0,7839,0,0,0,0,0,8931,0,0,279011
35,5,0,0,7839,0,0,0,0,7839,0,0,0,0,0,8931,0,0,279011
35,6,0,0,7839,0,0,0,0,7839,0,0,0,0,0,8931,0,0,279011
35,7,0,0,7839,0,0,0,0,7839,0,0,0,0,0,0,9828,0,287995
35,8,0,0,7839,0,0,0,0,7839,0,0,0,0,0,0,9828,0,287995
35,9,0,0,7839,0,0,0,0,7839,0,0,0,0,0,0,9828,0,287995
35,10,0,0,7839,0,0,0,0,0,8931,0,0,0,0,7839,0,0,280814
35,11,0,0,7839,0,0,0,0,0,8931,0,0,0,0,7839,0,0,280814
35,12,0,0,7839,0,0,0,0,0,8931,0,0,0,0,7839,0,0,280814
35,13,0,0,7839,0,0,0,0,0,8931,0,0,0,0,0,8931,0,294604
35,14,0,0,7839,0,0,0,0,0,8931,0,0,0,0,0,8931,0,294604
35,15,0,0,7839,0,0,0,0,0,8931,0,0,0,0,0,8931,0,294604
35,16,0,0,7839,0,0,0,0,0,8931,0,0,0,0,0,0,9828,324771
35,17,0,0,7839,0,0,0,0,0,8931,0,0,0,0,0,0,9828,324771
35,18,0,0,7839,0,0,0,0,0,8931,0,0,0,0,0,0,9828,324771
35,19,0,0,7839,0,0,0,0,0,0,9828,0,0,0,0,7839,0,289208
35,20,0,0,7839,0,0,0,0,0,0,9828,0,0,0,0,7839,0,289208
35,21,0,0,7839,0,0,0,0,0,0,9828,0,0,0,0,7839,0,289208
35,22,0,0,7839,0,0,0,0,0,0,9828,0,0,0,0,0,8931,323825
35,23,0,0,7839,0,0,0,0,0,0,9828,0,0,0,0,0,8931,323825
35,24,0,0,7839,0,0,0,0,0,0,9828,0,0,0,0,0,8931,323825
35,25,0,0,7839,0,0,0,0,0,0,9828,0,0,0,0,0,0,372604
35,26,0,0,7839,0,0,0,0,0,0,9828,0,0,0,0,0,0,372604
35,27,0,0,7839,0,0,0,0,0,0,9828,0,0,0,0,0,0,372604
35,28,0,0,0,8931,0,0,0,0,7839,0,0,0,0,7839,0,0,283459
35,29,0,0,0,8931,0,0,0,0,7839,0,0,0,0,7839,0,0,283459
35,30,0,0,0,8931,0,0,0,0,7839,0,0,0,0,7839,0,0,283459
35,31,0,0,0,8931,0,0,0,0,7839,0,0,0,0,0,8931,0,297249
35,32,0,0,0,8931,0,0,0,0,7839,0,0,0,0,0,8931,0,297249
35,33,0,0,0,8931,0,0,0,0,7839,0,0,0,0,0,8931,0,297249
35,34,0,0,0,8931,0,0,0,0,7839,0,0,0,0,0,0,9828,327416
35,35,0,0,0,8931,0,0,0,0,7839,0,0,0,0,0,0,9828,327416
35,36,0,0,0,8931,0,0,0,0,7839,0,0,0,0,0,0,9828,327416
35,37,0,0,0,8931,0,0,0,0,0,8931,0,0,0,0,7839,0,298916
35,38,0,0,0,8931,0,0,0,0,0,8931,0,0,0,0,7839,0,298916
35,39,0,0,0,8931,0,0,0,0,0,8931,0,0,0,0,7839,0,298916
35,40,0,0,0,8931,0,0,0,0,0,8931,0,0,0,0,0,8931,333533
35,41,0,0,0,8931,0,0,0,0,0,8931,0,0,0,0,0,8931,333533
35,42,0,0,0,8931,0,0,0,0,0,8931,0,0,0,0,0,8931,333533
35,43,0,0,0,8931,0,0,0,0,0,8931,0,0,0,0,0,0,382312
35,44,0,0,0,8931,0,0,0,0,0,8931,0,0,0,0,0,0,382312
35,45,0,0,0,8931,0,0,0,0,0,8931,0,0,0,0,0,0,382312
35,46,0,0,0,8931,0,0,0,0,0,0,9828,0,0,0,0,7839,328538
35,47,0,0,0,8931,0,0,0,0,0,0,9828,0,0,0,0,7839,328538
35,48,0,0,0,8931,0,0,0,0,0,0,9828,0,0,0,0,7839,328538
35,49,0,0,0,8931,0,0,0,0,0,0,9828,0,0,0,0,0,381438
35,50,0,0,0,8931,0,0,0,0,0,0,9828,0,0,0,0,0,381438
35,51,0,0,0,8931,0,0,0,0,0,0,9828,0,0,0,0,0,381438
35,52,0,0,0,8931,0,0,0,0,0,0,9828,0,0,0,0,0,381438
35,53,0,0,0,8931,0,0,0,0,0,0,9828,0,0,0,0,0,381438
35,54,0,0,0,8931,0,0,0,0,0,0,9828,0,0,0,0,0,381438
35,55,0,0,0,0,9828,0,0,0,0,7839,0,0,0,0,7839,0,290989
35,56,0,0,0,0,9828,0,0,0,0,7839,0,0,0,0,7839,0,290989
35,57,0,0,0,0,9828,0,0,0,0,7839,0,0,0,0,7839,0,290989
35,58,0,0,0,0,9828,0,0,0,0,7839,0,0,0,0,0,8931,325606
35,59,0,0,0,0,9828,0,0,0,0,7839,0,0,0,0,0,8931,325606
35,60,0,0,0,0,9828,0,0,0,0,7839,0,0,0,0,0,8931,325606
35,61,0,0,0,0,9828,0,0,0,0,7839,0,0,0,0,0,0,374385
35,62,0,0,0,0,9828,0,0,0,0,7839,0,0,0,0,0,0,374385
35,63,0,0,0,0,9828,0,0,0,0,7839,0,0,0,0,0,0,374385
35,64,0,0,0,0,9828,0,0,0,0,0,8931,0,0,0,0,7839,327149
35,65,0,0,0,0,9828,0,0,0,0,0,8931,0,0,0,0,7839,327149
35,66,0,0,0,0,9828,0,0,0,0,0,8931,0,0,0,0,7839,327149
35,67,0,0,0,0,9828,0,0,0,0,0,8931,0,0,0,0,0,380049
35,68,0,0,0,0,9828,0,0,0,0,0,8931,0,0,0,0,0,380049
35,69,0,0,0,0,9828,0,0,0,0,0,8931,0,0,0,0,0,380049
35,70,0,0,0,0,9828,0,0,0,0,0,8931,0,0,0,0,0,380049
35,71,0,0,0,0,9828,0,0,0,0,0,8931,0,0,0,0,0,380049
35,72,0,0,0,0,9828,0,0,0,0,0,8931,0,0,0,0,0,380049
35,73,0,0,0,0,9828,0,0,0,0,0,0,9828,0,0,0,0,375422
35,74,0,0,0,0,9828,0,0,0,0,0,0,9828,0,0,0,0,375422
35,75,0,0,0,0,9828,0,0,0,0,0,0,9828,0,0,0,0,375422
35,76,0,0,0,0,9828,0,0,0,0,0,0,9828,0,0,0,0,375422
35,77,0,0,0,0,9828,0,0,0,0,0,0,9828,0,0,0,0,375422
35,78,0,0,0,0,9828,0,0,0,0,0,0,9828,0,0,0,0,375422
35,79,0,0,0,0,9828,0,0,0,0,0,0,9828,0,0,0,0,375422
35,80,0,0,0,0,9828,0,0,0,0,0,0,9828,0,0,0,0,375422
35,81,0,0,0,0,9828,0,0,0,0,0,0,9828,0,0,0,0,375422
36,1,0,0,7912,0,0,0,0,7912,0,0,0,0,7912,0,0,0,242608
36,2,0,0,7912,0,0,0,0,7912,0,0,0,0,7912,0,0,0,242608
36,3,0,0,7912,0,0,0,0,7912,0,0,0,0,7912,0,0,0,242608
36,4,0,0,7912,0,0,0,0,7912,0,0,0,0,0,9159,0,0,242315
36,5,0,0,7912,0,0,0,0,7912,0,0,0,0,0,9159,0,0,242315
36,6,0,0,7912,0,0,0,0,7912,0,0,0,0,0,9159,0,0,242315
36,7,0,0,7912,0,0,0,0,7912,0,0,0,0,0,0,10148,0,254661
36,8,0,0,7912,0,0,0,0,7912,0,0,0,0,0,0,10148,0,254661
36,9,0,0,7912,0,0,0,0,7912,0,0,0,0,0,0,10148,0,254661
36,10,0,0,7912,0,0,0,0,0,9159,0,0,0,0,7912,0,0,246251
36,11,0,0,7912,0,0,0,0,0,9159,0,0,0,0,7912,0,0,246251
36,12,0,0,7912,0,0,0,0,0,9159,0,0,0,0,7912,0,0,246251
36,13,0,0,7912,0,0,0,0,0,9159,0,0,0,0,0,9159,0,264687
36,14,0,0,7912,0,0,0,0,0,9159,0,0,0,0,0,9159,0,264687
36,15,0,0,7912,0,0,0,0,0,9159,0,0,0,0,0,9159,0,264687
36,16,0,0,7912,0,0,0,0,0,9159,0,0,0,0,0,0,10148,297687
36,17,0,0,7912,0,0,0,0,0,9159,0,0,0,0,0,0,10148,297687
36,18,0,0,7912,0,0,0,0,0,9159,0,0,0,0,0,0,10148,297687
36,19,0,0,7912,0,0,0,0,0,0,10148,0,0,0,0,7912,0,259384
36,20,0,0,7912,0,0,0,0,0,0,10148,0,0,0,0,7912,0,259384
36,21,0,0,7912,0,0,0,0,0,0,10148,0,0,0,0,7912,0,259384
36,22,0,0,7912,0,0,0,0,0,0,10148,0,0,0,0,0,9159,298023
36,23,0,0,7912,0,0,0,0,0,0,10148,0,0,0,0,0,9159,298023
36,24,0,0,7912,0,0,0,0,0,0,10148,0,0,0,0,0,9159,298023
36,25,0,0,7912,0,0,0,0,0,0,10148,0,0,0,0,0,0,352232
36,26,0,0,7912,0,0,0,0,0,0,10148,0,0,0,0,0,0,352232
36,27,0,0,7912,0,0,0,0,0,0,10148,0,0,0,0,0,0,352232
36,28,0,0,0,9159,0,0,0,0,7912,0,0,0,0,7912,0,0,252036
36,29,0,0,0,9159,0,0,0,0,7912,0,0,0,0,7912,0,0,252036
36,30,0,0,0,9159,0,0,0,0,7912,0,0,0,0,7912,0,0,252036
36,31,0,0,0,9159,0,0,0,0,7912,0,0,0,0,0,9159,0,270472
36,32,0,0,0,9159,0,0,0,0,7912,0,0,0,0,0,9159,0,270472
36,33,0,0,0,9159,0,0,0,0,7912,0,0,0,0,0,9159,0,270472
36,34,0,0,0,9159,0,0,0,0,7912,0,0,0,0,0,0,10148,303472
36,35,0,0,0,9159,0,0,0,0,7912,0,0,0,0,0,0,10148,303472
36,36,0,0,0,9159,0,0,0,0,7912,0,0,0,0,0,0,10148,303472
36,37,0,0,0,9159,0,0,0,0,0,9159,0,0,0,0,7912,0,274117
36,38,0,0,0,9159,0,0,0,0,0,9159,0,0,0,0,7912,0,274117
36,39,0,0,0,9159,0,0,0,0,0,9159,0,0,0,0,7912,0,274117
36,40,0,0,0,9159,0,0,0,0,0,9159,0,0,0,0,0,9159,312756
36,41,0,0,0,9159,0,0,0,0,0,9159,0,0,0,0,0,9159,312756
36,42,0,0,0,9159,0,0,0,0,0,9159,0,0,0,0,0,9159,312756
36,43,0,0,0,9159,0,0,0,0,0,9159,0,0,0,0,0,0,366965
36,44,0,0,0,9159,0,0,0,0,0,9159,0,0,0,0,0,0,366965
36,45,0,0,0,9159,0,0,0,0,0,9159,0,0,0,0,0,0,366965
36,46,0,0,0,9159,0,0,0,0,0,0,10148,0,0,0,0,7912,307845
36,47,0,0,0,9159,0,0,0,0,0,0,10148,0,0,0,0,7912,307845
36,48,0,0,0,9159,0,0,0,0,0,0,10148,0,0,0,0,7912,307845
36,49,0,0,0,9159,0,0,0,0,0,0,10148,0,0,0,0,0,367275
36,50,0,0,0,9159,0,0,0,0,0,0,10148,0,0,0,0,0,367275
36,51,0,0,0,9159,0,0,0,0,0,0,10148,0,0,0,0,0,367275
36,52,0,0,0,9159,0,0,0,0,0,0,10148,0,0,0,0,0,367275
36,53,0,0,0,9159,0,0,0,0,0,0,10148,0,0,0,0,0,367275
36,54,0,0,0,9159,0,0,0,0,0,0,10148,0,0,0,0,0,367275
36,55,0,0,0,0,10148,0,0,0,0,7912,0,0,0,0,7912,0,266323
36,56,0,0,0,0,10148,0,0,0,0,7912,0,0,0,0,7912,0,266323
36,57,0,0,0,0,10148,0,0,0,0,7912,0,0,0,0,7912,0,266323
36,58,0,0,0,0,10148,0,0,0,0,7912,0,0,0,0,0,9159,304962
36,59,0,0,0,0,10148,0,0,0,0,7912,0,0,0,0,0,9159,304962
36,60,0,0,0,0,10148,0,0,0,0,7912,0,0,0,0,0,9159,304962
36,61,0,0,0,0,10148,0,0,0,0,7912,0,0,0,0,0,0,359171
36,62,0,0,0,0,10148,0,0,0,0,7912,0,0,0,0,0,0,359171
36,63,0,0,0,0,10148,0,0,0,0,7912,0,0,0,0,0,0,359171
36,64,0,0,0,0,10148,0,0,0,0,0,9159,0,0,0,0,7912,308336
36,65,0,0,0,0,10148,0,0,0,0,0,9159,0,0,0,0,7912,308336
36,66,0,0,0,0,10148,0,0,0,0,0,9159,0,0,0,0,7912,308336
36,67,0,0,0,0,10148,0,0,0,0,0,9159,0,0,0,0,0,367766
36,68,0,0,0,0,10148,0,0,0,0,0,9159,0,0,0,0,0,367766
36,69,0,0,0,0,10148,0,0,0,0,0,9159,0,0,0,0,0,367766
36,70,0,0,0,0,10148,0,0,0,0,0,9159,0,0,0,0,0,367766
36,71,0,0,0,0,10148,0,0,0,0,0,9159,0,0,0,0,0,367766
36,72,0,0,0,0,10148,0,0,0,0,0,9159,0,0,0,0,0,367766
36,73,0,0,0,0,10148,0,0,0,0,0,0,10148,0,0,0,0,363220
36,74,0,0,0,0,10148,0,0,0,0,0,0,10148,0,0,0,0,363220
36,75,0,0,0,0,10148,0,0,0,0,0,0,10148,0,0,0,0,363220
36,76,0,0,0,0,10148,0,0,0,0,0,0,10148,0,0,0,0,363220
36,77,0,0,0,0,10148,0,0,0,0,0,0,10148,0,0,0,0,363220
36,78,0,0,0,0,10148,0,0,0,0,0,0,10148,0,0,0,0,363220
36,79,0,0,0,0,10148,0,0,0,0,0,0,10148,0,0,0,0,363220
36,80,0,0,0,0,10148,0,0,0,0,0,0,10148,0,0,0,0,363220
36,81,0,0,0,0,10148,0,0,0,0,0,0,10148,0,0,0,0,363220
37,1,0,0,5888,0,0,0,0,5888,0,0,0,0,5888,0,0,0,180552
37,2,0,0,5888,0,0,0,0,5888,0,0,0,0,5888,0,0,0,180552
37,3,0,0,5888,0,0,0,0,5888,0,0,0,0,5888,0,0,0,180552
37,4,0,0,5888,0,0,0,0,5888,0,0,0,0,0,6816,0,0,180333
37,5,0,0,5888,0,0,0,0,5888,0,0,0,0,0,6816,0,0,180333
37,6,0,0,5888,0,0,0,0,5888,0,0,0,0,0,6816,0,0,180333
37,7,0,0,5888,0,0,0,0,5888,0,0,0,0,0,0,7552,0,189521
37,8,0,0,5888,0,0,0,0,5888,0,0,0,0,0,0,7552,0,189521
37,9,0,0,5888,0,0,0,0,5888,0,0,0,0,0,0,7552,0,189521
37,10,0,0,5888,0,0,0,0,0,6816,0,0,0,0,5888,0,0,183262
37,11,0,0,5888,0,0,0,0,0,6816,0,0,0,0,5888,0,0,183262
37,12,0,0,5888,0,0,0,0,0,6816,0,0,0,0,5888,0,0,183262
37,13,0,0,5888,0,0,0,0,0,6816,0,0,0,0,0,6816,0,196982
37,14,0,0,5888,0,0,0,0,0,6816,0,0,0,0,0,6816,0,196982
37,15,0,0,5888,0,0,0,0,0,6816,0,0,0,0,0,6816,0,196982
37,16,0,0,5888,0,0,0,0,0,6816,0,0,0,0,0,0,7552,221541
37,17,0,0,5888,0,0,0,0,0,6816,0,0,0,0,0,0,7552,221541
37,18,0,0,5888,0,0,0,0,0,6816,0,0,0,0,0,0,7552,221541
37,19,0,0,5888,0,0,0,0,0,0,7552,0,0,0,0,5888,0,193034
37,20,0,0,5888,0,0,0,0,0,0,7552,0,0,0,0,5888,0,193034
37,21,0,0,5888,0,0,0,0,0,0,7552,0,0,0,0,5888,0,193034
37,22,0,0,5888,0,0,0,0,0,0,7552,0,0,0,0,0,6816,221789
37,23,0,0,5888,0,0,0,0,0,0,7552,0,0,0,0,0,6816,221789
37,24,0,0,5888,0,0,0,0,0,0,7552,0,0,0,0,0,6816,221789
37,25,0,0,5888,0,0,0,0,0,0,7552,0,0,0,0,0,0,262129
37,26,0,0,5888,0,0,0,0,0,0,7552,0,0,0,0,0,0,262129
37,27,0,0,5888,0,0,0,0,0,0,7552,0,0,0,0,0,0,262129
37,28,0,0,0,6816,0,0,0,0,5888,0,0,0,0,5888,0,0,187565
37,29,0,0,0,6816,0,0,0,0,5888,0,0,0,0,5888,0,0,187565
37,30,0,0,0,6816,0,0,0,0,5888,0,0,0,0,5888,0,0,187565
37,31,0,0,0,6816,0,0,0,0,5888,0,0,0,0,0,6816,0,201285
37,32,0,0,0,6816,0,0,0,0,5888,0,0,0,0,0,6816,0,201285
37,33,0,0,0,6816,0,0,0,0,5888,0,0,0,0,0,6816,0,201285
37,34,0,0,0,6816,0,0,0,0,5888,0,0,0,0,0,0,7552,225844
37,35,0,0,0,6816,0,0,0,0,5888,0,0,0,0,0,0,7552,225844
37,36,0,0,0,6816,0,0,0,0,5888,0,0,0,0,0,0,7552,225844
37,37,0,0,0,6816,0,0,0,0,0,6816,0,0,0,0,5888,0,203997
37,38,0,0,0,6816,0,0,0,0,0,6816,0,0,0,0,5888,0,203997
37,39,0,0,0,6816,0,0,0,0,0,6816,0,0,0,0,5888,0,203997
37,40,0,0,0,6816,0,0,0,0,0,6816,0,0,0,0,0,6816,232752
37,41,0,0,0,6816,0,0,0,0,0,6816,0,0,0,0,0,6816,232752
37,42,0,0,0,6816,0,0,0,0,0,6816,0,0,0,0,0,6816,232752
37,43,0,0,0,6816,0,0,0,0,0,6816,0,0,0,0,0,0,273092
37,44,0,0,0,6816,0,0,0,0,0,6816,0,0,0,0,0,0,273092
37,45,0,0,0,6816,0,0,0,0,0,6816,0,0,0,0,0,0,273092
37,46,0,0,0,6816,0,0,0,0,0,0,7552,0,0,0,0,5888,229098
37,47,0,0,0,6816,0,0,0,0,0,0,7552,0,0,0,0,5888,229098
37,48,0,0,0,6816,0,0,0,0,0,0,7552,0,0,0,0,5888,229098
37,49,0,0,0,6816,0,0,0,0,0,0,7552,0,0,0,0,0,273324
37,50,0,0,0,6816,0,0,0,0,0,0,7552,0,0,0,0,0,273324
37,51,0,0,0,6816,0,0,0,0,0,0,7552,0,0,0,0,0,273324
37,52,0,0,0,6816,0,0,0,0,0,0,7552,0,0,0,0,0,273324
37,53,0,0,0,6816,0,0,0,0,0,0,7552,0,0,0,0,0,273324
37,54,0,0,0,6816,0,0,0,0,0,0,7552,0,0,0,0,0,273324
37,55,0,0,0,0,7552,0,0,0,0,5888,0,0,0,0,5888,0,198197
37,56,0,0,0,0,7552,0,0,0,0,5888,0,0,0,0,5888,0,198197
37,57,0,0,0,0,7552,0,0,0,0,5888,0,0,0,0,5888,0,198197
37,58,0,0,0,0,7552,0,0,0,0,5888,0,0,0,0,0,6816,226952
37,59,0,0,0,0,7552,0,0,0,0,5888,0,0,0,0,0,6816,226952
37,60,0,0,0,0,7552,0,0,0,0,5888,0,0,0,0,0,6816,226952
37,61,0,0,0,0,7552,0,0,0,0,5888,0,0,0,0,0,0,267292
37,62,0,0,0,0,7552,0,0,0,0,5888,0,0,0,0,0,0,267292
37,63,0,0,0,0,7552,0,0,0,0,5888,0,0,0,0,0,0,267292
37,64,0,0,0,0,7552,0,0,0,0,0,6816,0,0,0,0,5888,229465
37,65,0,0,0,0,7552,0,0,0,0,0,6816,0,0,0,0,5888,229465
37,66,0,0,0,0,7552,0,0,0,0,0,6816,0,0,0,0,5888,229465
37,67,0,0,0,0,7552,0,0,0,0,0,6816,0,0,0,0,0,273691
37,68,0,0,0,0,7552,0,0,0,0,0,6816,0,0,0,0,0,273691
37,69,0,0,0,0,7552,0,0,0,0,0,6816,0,0,0,0,0,273691
37,70,0,0,0,0,7552,0,0,0,0,0,6816,0,0,0,0,0,273691
37,71,0,0,0,0,7552,0,0,0,0,0,6816,0,0,0,0,0,273691
37,72,0,0,0,0,7552,0,0,0,0,0,6816,0,0,0,0,0,273691
37,73,0,0,0,0,7552,0,0,0,0,0,0,7552,0,0,0,0,270306
37,74,0,0,0,0,7552,0,0,0,0,0,0,7552,0,0,0,0,270306
37,75,0,0,0,0,7552,0,0,0,0,0,0,7552,0,0,0,0,270306
37,76,0,0,0,0,7552,0,0,0,0,0,0,7552,0,0,0,0,270306
37,77,0,0,0,0,7552,0,0,0,0,0,0,7552,0,0,0,0,270306
37,78,0,0,0,0,7552,0,0,0,0,0,0,7552,0,0,0,0,270306
37,79,0,0,0,0,7552,0,0,0,0,0,0,7552,0,0,0,0,270306
37,80,0,0,0,0,7552,0,0,0,0,0,0,7552,0,0,0,0,270306
37,81,0,0,0,0,7552,0,0,0,0,0,0,7552,0,0,0,0,270306
38,1,0,0,6105,0,0,0,0,6105,0,0,0,0,6105,0,0,0,142102
38,2,0,0,6105,0,0,0,0,6105,0,0,0,0,6105,0,0,0,142102
38,3,0,0,6105,0,0,0,0,6105,0,0,0,0,6105,0,0,0,142102
38,4,0,0,6105,0,0,0,0,6105,0,0,0,0,0,7215,0,0,145615
38,5,0,0,6105,0,0,0,0,6105,0,0,0,0,0,7215,0,0,145615
38,6,0,0,6105,0,0,0,0,6105,0,0,0,0,0,7215,0,0,145615
38,7,0,0,6105,0,0,0,0,6105,0,0,0,0,0,0,8103,0,159072
38,8,0,0,6105,0,0,0,0,6105,0,0,0,0,0,0,8103,0,159072
38,9,0,0,6105,0,0,0,0,6105,0,0,0,0,0,0,8103,0,159072
38,10,0,0,6105,0,0,0,0,0,7215,0,0,0,0,6105,0,0,150842
38,11,0,0,6105,0,0,0,0,0,7215,0,0,0,0,6105,0,0,150842
38,12,0,0,6105,0,0,0,0,0,7215,0,0,0,0,6105,0,0,150842
38,13,0,0,6105,0,0,0,0,0,7215,0,0,0,0,0,7215,0,169589
38,14,0,0,6105,0,0,0,0,0,7215,0,0,0,0,0,7215,0,169589
38,15,0,0,6105,0,0,0,0,0,7215,0,0,0,0,0,7215,0,169589
38,16,0,0,6105,0,0,0,0,0,7215,0,0,0,0,0,0,8103,198327
38,17,0,0,6105,0,0,0,0,0,7215,0,0,0,0,0,0,8103,198327
38,18,0,0,6105,0,0,0,0,0,7215,0,0,0,0,0,0,8103,198327
38,19,0,0,6105,0,0,0,0,0,0,8103,0,0,0,0,6105,0,166654
38,20,0,0,6105,0,0,0,0,0,0,8103,0,0,0,0,6105,0,166654
38,21,0,0,6105,0,0,0,0,0,0,8103,0,0,0,0,6105,0,166654
38,22,0,0,6105,0,0,0,0,0,0,8103,0,0,0,0,0,7215,200291
38,23,0,0,6105,0,0,0,0,0,0,8103,0,0,0,0,0,7215,200291
38,24,0,0,6105,0,0,0,0,0,0,8103,0,0,0,0,0,7215,200291
38,25,0,0,6105,0,0,0,0,0,0,8103,0,0,0,0,0,0,248036
38,26,0,0,6105,0,0,0,0,0,0,8103,0,0,0,0,0,0,248036
38,27,0,0,6105,0,0,0,0,0,0,8103,0,0,0,0,0,0,248036
38,28,0,0,0,7215,0,0,0,0,6105,0,0,0,0,6105,0,0,158519
38,29,0,0,0,7215,0,0,0,0,6105,0,0,0,0,6105,0,0,158519
38,30,0,0,0,7215,0,0,0,0,6105,0,0,0,0,6105,0,0,158519
38,31,0,0,0,7215,0,0,0,0,6105,0,0,0,0,0,7215,0,177266
38,32,0,0,0,7215,0,0,0,0,6105,0,0,0,0,0,7215,0,177266
38,33,0,0,0,7215,0,0,0,0,6105,0,0,0,0,0,7215,0,177266
38,34,0,0,0,7215,0,0,0,0,6105,0,0,0,0,0,0,8103,206004
38,35,0,0,0,7215,0,0,0,0,6105,0,0,0,0,0,0,8103,206004
38,36,0,0,0,7215,0,0,0,0,6105,0,0,0,0,0,0,8103,206004
38,37,0,0,0,7215,0,0,0,0,0,7215,0,0,0,0,6105,0,182105
38,38,0,0,0,7215,0,0,0,0,0,7215,0,0,0,0,6105,0,182105
38,39,0,0,0,7215,0,0,0,0,0,7215,0,0,0,0,6105,0,182105
38,40,0,0,0,7215,0,0,0,0,0,7215,0,0,0,0,0,7215,215742
38,41,0,0,0,7215,0,0,0,0,0,7215,0,0,0,0,0,7215,215742
38,42,0,0,0,7215,0,0,0,0,0,7215,0,0,0,0,0,7215,215742
38,43,0,0,0,7215,0,0,0,0,0,7215,0,0,0,0,0,0,263487
38,44,0,0,0,7215,0,0,0,0,0,7215,0,0,0,0,0,0,263487
38,45,0,0,0,7215,0,0,0,0,0,7215,0,0,0,0,0,0,263487
38,46,0,0,0,7215,0,0,0,0,0,0,8103,0,0,0,0,6105,213025
38,47,0,0,0,7215,0,0,0,0,0,0,8103,0,0,0,0,6105,213025
38,48,0,0,0,7215,0,0,0,0,0,0,8103,0,0,0,0,6105,213025
38,49,0,0,0,7215,0,0,0,0,0,0,8103,0,0,0,0,0,265306
38,50,0,0,0,7215,0,0,0,0,0,0,8103,0,0,0,0,0,265306
38,51,0,0,0,7215,0,0,0,0,0,0,8103,0,0,0,0,0,265306
38,52,0,0,0,7215,0,0,0,0,0,0,8103,0,0,0,0,0,265306
38,53,0,0,0,7215,0,0,0,0,0,0,8103,0,0,0,0,0,265306
38,54,0,0,0,7215,0,0,0,0,0,0,8103,0,0,0,0,0,265306
38,55,0,0,0,0,8103,0,0,0,0,6105,0,0,0,0,6105,0,177791
38,56,0,0,0,0,8103,0,0,0,0,6105,0,0,0,0,6105,0,177791
38,57,0,0,0,0,8103,0,0,0,0,6105,0,0,0,0,6105,0,177791
38,58,0,0,0,0,8103,0,0,0,0,6105,0,0,0,0,0,7215,211428
38,59,0,0,0,0,8103,0,0,0,0,6105,0,0,0,0,0,7215,211428
38,60,0,0,0,0,8103,0,0,0,0,6105,0,0,0,0,0,7215,211428
38,61,0,0,0,0,8103,0,0,0,0,6105,0,0,0,0,0,0,259173
38,62,0,0,0,0,8103,0,0,0,0,6105,0,0,0,0,0,0,259173
38,63,0,0,0,0,8103,0,0,0,0,6105,0,0,0,0,0,0,259173
38,64,0,0,0,0,8103,0,0,0,0,0,7215,0,0,0,0,6105,215909
38,65,0,0,0,0,8103,0,0,0,0,0,7215,0,0,0,0,6105,215909
38,66,0,0,0,0,8103,0,0,0,0,0,7215,0,0,0,0,6105,215909
38,67,0,0,0,0,8103,0,0,0,0,0,7215,0,0,0,0,0,268190
38,68,0,0,0,0,8103,0,0,0,0,0,7215,0,0,0,0,0,268190
38,69,0,0,0,0,8103,0,0,0,0,0,7215,0,0,0,0,0,268190
38,70,0,0,0,0,8103,0,0,0,0,0,7215,0,0,0,0,0,268190
38,71,0,0,0,0,8103,0,0,0,0,0,7215,0,0,0,0,0,268190
38,72,0,0,0,0,8103,0,0,0,0,0,7215,0,0,0,0,0,268190
38,73,0,0,0,0,8103,0,0,0,0,0,0,8103,0,0,0,0,265673
38,74,0,0,0,0,8103,0,0,0,0,0,0,8103,0,0,0,0,265673
38,75,0,0,0,0,8103,0,0,0,0,0,0,8103,0,0,0,0,265673
38,76,0,0,0,0,8103,0,0,0,0,0,0,8103,0,0,0,0,265673
38,77,0,0,0,0,8103,0,0,0,0,0,0,8103,0,0,0,0,265673
38,78,0,0,0,0,8103,0,0,0,0,0,0,8103,0,0,0,0,265673
38,79,0,0,0,0,8103,0,0,0,0,0,0,8103,0,0,0,0,265673
38,80,0,0,0,0,8103,0,0,0,0,0,0,8103,0,0,0,0,265673
38,81,0,0,0,0,8103,0,0,0,0,0,0,8103,0,0,0,0,265673
39,1,0,0,7544,0,0,0,0,7544,0,0,0,0,7544,0,0,0,231328
39,2,0,0,7544,0,0,0,0,7544,0,0,0,0,7544,0,0,0,231328
39,3,0,0,7544,0,0,0,0,7544,0,0,0,0,7544,0,0,0,231328
39,4,0,0,7544,0,0,0,0,7544,0,0,0,0,0,8733,0,0,231048
39,5,0,0,7544,0,0,0,0,7544,0,0,0,0,0,8733,0,0,231048
39,6,0,0,7544,0,0,0,0,7544,0,0,0,0,0,8733,0,0,231048
39,7,0,0,7544,0,0,0,0,7544,0,0,0,0,0,0,9676,0,242819
39,8,0,0,7544,0,0,0,0,7544,0,0,0,0,0,0,9676,0,242819
39,9,0,0,7544,0,0,0,0,7544,0,0,0,0,0,0,9676,0,242819
39,10,0,0,7544,0,0,0,0,0,8733,0,0,0,0,7544,0,0,234800
39,11,0,0,7544,0,0,0,0,0,8733,0,0,0,0,7544,0,0,234800
39,12,0,0,7544,0,0,0,0,0,8733,0,0,0,0,7544,0,0,234800
39,13,0,0,7544,0,0,0,0,0,8733,0,0,0,0,0,8733,0,252378
39,14,0,0,7544,0,0,0,0,0,8733,0,0,0,0,0,8733,0,252378
39,15,0,0,7544,0,0,0,0,0,8733,0,0,0,0,0,8733,0,252378
39,16,0,0,7544,0,0,0,0,0,8733,0,0,0,0,0,0,9676,283844
39,17,0,0,7544,0,0,0,0,0,8733,0,0,0,0,0,0,9676,283844
39,18,0,0,7544,0,0,0,0,0,8733,0,0,0,0,0,0,9676,283844
39,19,0,0,7544,0,0,0,0,0,0,9676,0,0,0,0,7544,0,247322
39,20,0,0,7544,0,0,0,0,0,0,9676,0,0,0,0,7544,0,247322
39,21,0,0,7544,0,0,0,0,0,0,9676,0,0,0,0,7544,0,247322
39,22,0,0,7544,0,0,0,0,0,0,9676,0,0,0,0,0,8733,284165
39,23,0,0,7544,0,0,0,0,0,0,9676,0,0,0,0,0,8733,284165
39,24,0,0,7544,0,0,0,0,0,0,9676,0,0,0,0,0,8733,284165
39,25,0,0,7544,0,0,0,0,0,0,9676,0,0,0,0,0,0,335851
39,26,0,0,7544,0,0,0,0,0,0,9676,0,0,0,0,0,0,335851
39,27,0,0,7544,0,0,0,0,0,0,9676,0,0,0,0,0,0,335851
39,28,0,0,0,8733,0,0,0,0,7544,0,0,0,0,7544,0,0,240314
39,29,0,0,0,8733,0,0,0,0,7544,0,0,0,0,7544,0,0,240314
39,30,0,0,0,8733,0,0,0,0,7544,0,0,0,0,7544,0,0,240314
39,31,0,0,0,8733,0,0,0,0,7544,0,0,0,0,0,8733,0,257892
39,32,0,0,0,8733,0,0,0,0,7544,0,0,0,0,0,8733,0,257892
39,33,0,0,0,8733,0,0,0,0,7544,0,0,0,0,0,8733,0,257892
39,34,0,0,0,8733,0,0,0,0,7544,0,0,0,0,0,0,9676,289358
39,35,0,0,0,8733,0,0,0,0,7544,0,0,0,0,0,0,9676,289358
39,36,0,0,0,8733,0,0,0,0,7544,0,0,0,0,0,0,9676,289358
39,37,0,0,0,8733,0,0,0,0,0,8733,0,0,0,0,7544,0,261369
39,38,0,0,0,8733,0,0,0,0,0,8733,0,0,0,0,7544,0,261369
39,39,0,0,0,8733,0,0,0,0,0,8733,0,0,0,0,7544,0,261369
39,40,0,0,0,8733,0,0,0,0,0,8733,0,0,0,0,0,8733,298212
39,41,0,0,0,8733,0,0,0,0,0,8733,0,0,0,0,0,8733,298212
39,42,0,0,0,8733,0,0,0,0,0,8733,0,0,0,0,0,8733,298212
39,43,0,0,0,8733,0,0,0,0,0,8733,0,0,0,0,0,0,349898
39,44,0,0,0,8733,0,0,0,0,0,8733,0,0,0,0,0,0,349898
39,45,0,0,0,8733,0,0,0,0,0,8733,0,0,0,0,0,0,349898
39,46,0,0,0,8733,0,0,0,0,0,0,9676,0,0,0,0,7544,293529
39,47,0,0,0,8733,0,0,0,0,0,0,9676,0,0,0,0,7544,293529
39,48,0,0,0,8733,0,0,0,0,0,0,9676,0,0,0,0,7544,293529
39,49,0,0,0,8733,0,0,0,0,0,0,9676,0,0,0,0,0,350195
39,50,0,0,0,8733,0,0,0,0,0,0,9676,0,0,0,0,0,350195
39,51,0,0,0,8733,0,0,0,0,0,0,9676,0,0,0,0,0,350195
39,52,0,0,0,8733,0,0,0,0,0,0,9676,0,0,0,0,0,350195
39,53,0,0,0,8733,0,0,0,0,0,0,9676,0,0,0,0,0,350195
39,54,0,0,0,8733,0,0,0,0,0,0,9676,0,0,0,0,0,350195
39,55,0,0,0,0,9676,0,0,0,0,7544,0,0,0,0,7544,0,253939
39,56,0,0,0,0,9676,0,0,0,0,7544,0,0,0,0,7544,0,253939
39,57,0,0,0,0,9676,0,0,0,0,7544,0,0,0,0,7544,0,253939
39,58,0,0,0,0,9676,0,0,0,0,7544,0,0,0,0,0,8733,290782
39,59,0,0,0,0,9676,0,0,0,0,7544,0,0,0,0,0,8733,290782
39,60,0,0,0,0,9676,0,0,0,0,7544,0,0,0,0,0,8733,290782
39,61,0,0,0,0,9676,0,0,0,0,7544,0,0,0,0,0,0,342468
39,62,0,0,0,0,9676,0,0,0,0,7544,0,0,0,0,0,0,342468
39,63,0,0,0,0,9676,0,0,0,0,7544,0,0,0,0,0,0,342468
39,64,0,0,0,0,9676,0,0,0,0,0,8733,0,0,0,0,7544,293999
39,65,0,0,0,0,9676,0,0,0,0,0,8733,0,0,0,0,7544,293999
39,66,0,0,0,0,9676,0,0,0,0,0,8733,0,0,0,0,7544,293999
39,67,0,0,0,0,9676,0,0,0,0,0,8733,0,0,0,0,0,350665
39,68,0,0,0,0,9676,0,0,0,0,0,8733,0,0,0,0,0,350665
39,69,0,0,0,0,9676,0,0,0,0,0,8733,0,0,0,0,0,350665
39,70,0,0,0,0,9676,0,0,0,0,0,8733,0,0,0,0,0,350665
39,71,0,0,0,0,9676,0,0,0,0,0,8733,0,0,0,0,0,350665
39,72,0,0,0,0,9676,0,0,0,0,0,8733,0,0,0,0,0,350665
39,73,0,0,0,0,9676,0,0,0,0,0,0,9676,0,0,0,0,346329
39,74,0,0,0,0,9676,0,0,0,0,0,0,9676,0,0,0,0,346329
39,75,0,0,0,0,9676,0,0,0,0,0,0,9676,0,0,0,0,346329
39,76,0,0,0,0,9676,0,0,0,0,0,0,9676,0,0,0,0,346329
39,77,0,0,0,0,9676,0,0,0,0,0,0,9676,0,0,0,0,346329
39,78,0,0,0,0,9676,0,0,0,0,0,0,9676,0,0,0,0,346329
39,79,0,0,0,0,9676,0,0,0,0,0,0,9676,0,0,0,0,346329
39,80,0,0,0,0,9676,0,0,0,0,0,0,9676,0,0,0,0,346329
39,81,0,0,0,0,9676,0,0,0,0,0,0,9676,0,0,0,0,346329
40,1,0,0,5880,0,0,0,0,5880,0,0,0,0,5880,0,0,0,203398
40,2,0,0,5880,0,0,0,0,5880,0,0,0,0,5880,0,0,0,203398
40,3,0,0,5880,0,0,0,0,5880,0,0,0,0,5880,0,0,0,203398
40,4,0,0,5880,0,0,0,0,5880,0,0,0,0,0,6720,0,0,201061
40,5,0,0,5880,0,0,0,0,5880,0,0,0,0,0,6720,0,0,201061
40,6,0,0,5880,0,0,0,0,5880,0,0,0,0,0,6720,0,0,201061
40,7,0,0,5880,0,0,0,0,5880,0,0,0,0,0,0,7410,0,208525
40,8,0,0,5880,0,0,0,0,5880,0,0,0,0,0,0,7410,0,208525
40,9,0,0,5880,0,0,0,0,5880,0,0,0,0,0,0,7410,0,208525
40,10,0,0,5880,0,0,0,0,0,6720,0,0,0,0,5880,0,0,202769
40,11,0,0,5880,0,0,0,0,0,6720,0,0,0,0,5880,0,0,202769
40,12,0,0,5880,0,0,0,0,0,6720,0,0,0,0,5880,0,0,202769
40,13,0,0,5880,0,0,0,0,0,6720,0,0,0,0,0,6720,0,213931
40,14,0,0,5880,0,0,0,0,0,6720,0,0,0,0,0,6720,0,213931
40,15,0,0,5880,0,0,0,0,0,6720,0,0,0,0,0,6720,0,213931
40,16,0,0,5880,0,0,0,0,0,6720,0,0,0,0,0,0,7410,237063
40,17,0,0,5880,0,0,0,0,0,6720,0,0,0,0,0,0,7410,237063
40,18,0,0,5880,0,0,0,0,0,6720,0,0,0,0,0,0,7410,237063
40,19,0,0,5880,0,0,0,0,0,0,7410,0,0,0,0,5880,0,210082
40,20,0,0,5880,0,0,0,0,0,0,7410,0,0,0,0,5880,0,210082
40,21,0,0,5880,0,0,0,0,0,0,7410,0,0,0,0,5880,0,210082
40,22,0,0,5880,0,0,0,0,0,0,7410,0,0,0,0,0,6720,236637
40,23,0,0,5880,0,0,0,0,0,0,7410,0,0,0,0,0,6720,236637
40,24,0,0,5880,0,0,0,0,0,0,7410,0,0,0,0,0,6720,236637
40,25,0,0,5880,0,0,0,0,0,0,7410,0,0,0,0,0,0,274247
40,26,0,0,5880,0,0,0,0,0,0,7410,0,0,0,0,0,0,274247
40,27,0,0,5880,0,0,0,0,0,0,7410,0,0,0,0,0,0,274247
40,28,0,0,0,6720,0,0,0,0,5880,0,0,0,0,5880,0,0,205281
40,29,0,0,0,6720,0,0,0,0,5880,0,0,0,0,5880,0,0,205281
40,30,0,0,0,6720,0,0,0,0,5880,0,0,0,0,5880,0,0,205281
40,31,0,0,0,6720,0,0,0,0,5880,0,0,0,0,0,6720,0,216443
40,32,0,0,0,6720,0,0,0,0,5880,0,0,0,0,0,6720,0,216443
40,33,0,0,0,6720,0,0,0,0,5880,0,0,0,0,0,6720,0,216443
40,34,0,0,0,6720,0,0,0,0,5880,0,0,0,0,0,0,7410,239575
40,35,0,0,0,6720,0,0,0,0,5880,0,0,0,0,0,0,7410,239575
40,36,0,0,0,6720,0,0,0,0,5880,0,0,0,0,0,0,7410,239575
40,37,0,0,0,6720,0,0,0,0,0,6720,0,0,0,0,5880,0,218026
40,38,0,0,0,6720,0,0,0,0,0,6720,0,0,0,0,5880,0,218026
40,39,0,0,0,6720,0,0,0,0,0,6720,0,0,0,0,5880,0,218026
40,40,0,0,0,6720,0,0,0,0,0,6720,0,0,0,0,0,6720,244581
40,41,0,0,0,6720,0,0,0,0,0,6720,0,0,0,0,0,6720,244581
40,42,0,0,0,6720,0,0,0,0,0,6720,0,0,0,0,0,6720,244581
40,43,0,0,0,6720,0,0,0,0,0,6720,0,0,0,0,0,0,282191
40,44,0,0,0,6720,0,0,0,0,0,6720,0,0,0,0,0,0,282191
40,45,0,0,0,6720,0,0,0,0,0,6720,0,0,0,0,0,0,282191
40,46,0,0,0,6720,0,0,0,0,0,0,7410,0,0,0,0,5880,241018
40,47,0,0,0,6720,0,0,0,0,0,0,7410,0,0,0,0,5880,241018
40,48,0,0,0,6720,0,0,0,0,0,0,7410,0,0,0,0,5880,241018
40,49,0,0,0,6720,0,0,0,0,0,0,7410,0,0,0,0,0,281798
40,50,0,0,0,6720,0,0,0,0,0,0,7410,0,0,0,0,0,281798
40,51,0,0,0,6720,0,0,0,0,0,0,7410,0,0,0,0,0,281798
40,52,0,0,0,6720,0,0,0,0,0,0,7410,0,0,0,0,0,281798
40,53,0,0,0,6720,0,0,0,0,0,0,7410,0,0,0,0,0,281798
40,54,0,0,0,6720,0,0,0,0,0,0,7410,0,0,0,0,0,281798
40,55,0,0,0,0,7410,0,0,0,0,5880,0,0,0,0,5880,0,212370
40,56,0,0,0,0,7410,0,0,0,0,5880,0,0,0,0,5880,0,212370
40,57,0,0,0,0,7410,0,0,0,0,5880,0,0,0,0,5880,0,212370
40,58,0,0,0,0,7410,0,0,0,0,5880,0,0,0,0,0,6720,238925
40,59,0,0,0,0,7410,0,0,0,0,5880,0,0,0,0,0,6720,238925
40,60,0,0,0,0,7410,0,0,0,0,5880,0,0,0,0,0,6720,238925
40,61,0,0,0,0,7410,0,0,0,0,5880,0,0,0,0,0,0,276535
40,62,0,0,0,0,7410,0,0,0,0,5880,0,0,0,0,0,0,276535
40,63,0,0,0,0,7410,0,0,0,0,5880,0,0,0,0,0,0,276535
40,64,0,0,0,0,7410,0,0,0,0,0,6720,0,0,0,0,5880,240392
40,65,0,0,0,0,7410,0,0,0,0,0,6720,0,0,0,0,5880,240392
40,66,0,0,0,0,7410,0,0,0,0,0,6720,0,0,0,0,5880,240392
40,67,0,0,0,0,7410,0,0,0,0,0,6720,0,0,0,0,0,281172
40,68,0,0,0,0,7410,0,0,0,0,0,6720,0,0,0,0,0,281172
40,69,0,0,0,0,7410,0,0,0,0,0,6720,0,0,0,0,0,281172
40,70,0,0,0,0,7410,0,0,0,0,0,6720,0,0,0,0,0,281172
40,71,0,0,0,0,7410,0,0,0,0,0,6720,0,0,0,0,0,281172
40,72,0,0,0,0,7410,0,0,0,0,0,6720,0,0,0,0,0,281172
40,73,0,0,0,0,7410,0,0,0,0,0,0,7410,0,0,0,0,277871
40,74,0,0,0,0,7410,0,0,0,0,0,0,7410,0,0,0,0,277871
40,75,0,0,0,0,7410,0,0,0,0,0,0,7410,0,0,0,0,277871
40,76,0,0,0,0,7410,0,0,0,0,0,0,7410,0,0,0,0,277871
40,77,0,0,0,0,7410,0,0,0,0,0,0,7410,0,0,0,0,277871
40,78,0,0,0,0,7410,0,0,0,0,0,0,7410,0,0,0,0,277871
40,79,0,0,0,0,7410,0,0,0,0,0,0,7410,0,0,0,0,277871
40,80,0,0,0,0,7410,0,0,0,0,0,0,7410,0,0,0,0,277871
40,81,0,0,0,0,7410,0,0,0,0,0,0,7410,0,0,0,0,277871
41,1,0,0,4968,0,0,0,0,4968,0,0,0,0,4968,0,0,0,152339
41,2,0,0,4968,0,0,0,0,4968,0,0,0,0,4968,0,0,0,152339
41,3,0,0,4968,0,0,0,0,4968,0,0,0,0,4968,0,0,0,152339
41,4,0,0,4968,0,0,0,0,4968,0,0,0,0,0,5751,0,0,152154
41,5,0,0,4968,0,0,0,0,4968,0,0,0,0,0,5751,0,0,152154
41,6,0,0,4968,0,0,0,0,4968,0,0,0,0,0,5751,0,0,152154
41,7,0,0,4968,0,0,0,0,4968,0,0,0,0,0,0,6372,0,159905
41,8,0,0,4968,0,0,0,0,4968,0,0,0,0,0,0,6372,0,159905
41,9,0,0,4968,0,0,0,0,4968,0,0,0,0,0,0,6372,0,159905
41,10,0,0,4968,0,0,0,0,0,5751,0,0,0,0,4968,0,0,154625
41,11,0,0,4968,0,0,0,0,0,5751,0,0,0,0,4968,0,0,154625
41,12,0,0,4968,0,0,0,0,0,5751,0,0,0,0,4968,0,0,154625
41,13,0,0,4968,0,0,0,0,0,5751,0,0,0,0,0,5751,0,166201
41,14,0,0,4968,0,0,0,0,0,5751,0,0,0,0,0,5751,0,166201
41,15,0,0,4968,0,0,0,0,0,5751,0,0,0,0,0,5751,0,166201
41,16,0,0,4968,0,0,0,0,0,5751,0,0,0,0,0,0,6372,186922
41,17,0,0,4968,0,0,0,0,0,5751,0,0,0,0,0,0,6372,186922
41,18,0,0,4968,0,0,0,0,0,5751,0,0,0,0,0,0,6372,186922
41,19,0,0,4968,0,0,0,0,0,0,6372,0,0,0,0,4968,0,162871
41,20,0,0,4968,0,0,0,0,0,0,6372,0,0,0,0,4968,0,162871
41,21,0,0,4968,0,0,0,0,0,0,6372,0,0,0,0,4968,0,162871
41,22,0,0,4968,0,0,0,0,0,0,6372,0,0,0,0,0,5751,187133
41,23,0,0,4968,0,0,0,0,0,0,6372,0,0,0,0,0,5751,187133
41,24,0,0,4968,0,0,0,0,0,0,6372,0,0,0,0,0,5751,187133
41,25,0,0,4968,0,0,0,0,0,0,6372,0,0,0,0,0,0,221170
41,26,0,0,4968,0,0,0,0,0,0,6372,0,0,0,0,0,0,221170
41,27,0,0,4968,0,0,0,0,0,0,6372,0,0,0,0,0,0,221170
41,28,0,0,0,5751,0,0,0,0,4968,0,0,0,0,4968,0,0,158255
41,29,0,0,0,5751,0,0,0,0,4968,0,0,0,0,4968,0,0,158255
41,30,0,0,0,5751,0,0,0,0,4968,0,0,0,0,4968,0,0,158255
41,31,0,0,0,5751,0,0,0,0,4968,0,0,0,0,0,5751,0,169831
41,32,0,0,0,5751,0,0,0,0,4968,0,0,0,0,0,5751,0,169831
41,33,0,0,0,5751,0,0,0,0,4968,0,0,0,0,0,5751,0,169831
41,34,0,0,0,5751,0,0,0,0,4968,0,0,0,0,0,0,6372,190552
41,35,0,0,0,5751,0,0,0,0,4968,0,0,0,0,0,0,6372,190552
41,36,0,0,0,5751,0,0,0,0,4968,0,0,0,0,0,0,6372,190552
41,37,0,0,0,5751,0,0,0,0,0,5751,0,0,0,0,4968,0,172120
41,38,0,0,0,5751,0,0,0,0,0,5751,0,0,0,0,4968,0,172120
41,39,0,0,0,5751,0,0,0,0,0,5751,0,0,0,0,4968,0,172120
41,40,0,0,0,5751,0,0,0,0,0,5751,0,0,0,0,0,5751,196382
41,41,0,0,0,5751,0,0,0,0,0,5751,0,0,0,0,0,5751,196382
41,42,0,0,0,5751,0,0,0,0,0,5751,0,0,0,0,0,5751,196382
41,43,0,0,0,5751,0,0,0,0,0,5751,0,0,0,0,0,0,230419
41,44,0,0,0,5751,0,0,0,0,0,5751,0,0,0,0,0,0,230419
41,45,0,0,0,5751,0,0,0,0,0,5751,0,0,0,0,0,0,230419
41,46,0,0,0,5751,0,0,0,0,0,0,6372,0,0,0,0,4968,193298
41,47,0,0,0,5751,0,0,0,0,0,0,6372,0,0,0,0,4968,193298
41,48,0,0,0,5751,0,0,0,0,0,0,6372,0,0,0,0,4968,193298
41,49,0,0,0,5751,0,0,0,0,0,0,6372,0,0,0,0,0,230614
41,50,0,0,0,5751,0,0,0,0,0,0,6372,0,0,0,0,0,230614
41,51,0,0,0,5751,0,0,0,0,0,0,6372,0,0,0,0,0,230614
41,52,0,0,0,5751,0,0,0,0,0,0,6372,0,0,0,0,0,230614
41,53,0,0,0,5751,0,0,0,0,0,0,6372,0,0,0,0,0,230614
41,54,0,0,0,5751,0,0,0,0,0,0,6372,0,0,0,0,0,230614
41,55,0,0,0,0,6372,0,0,0,0,4968,0,0,0,0,4968,0,167227
41,56,0,0,0,0,6372,0,0,0,0,4968,0,0,0,0,4968,0,167227
41,57,0,0,0,0,6372,0,0,0,0,4968,0,0,0,0,4968,0,167227
41,58,0,0,0,0,6372,0,0,0,0,4968,0,0,0,0,0,5751,191489
41,59,0,0,0,0,6372,0,0,0,0,4968,0,0,0,0,0,5751,191489
41,60,0,0,0,0,6372,0,0,0,0,4968,0,0,0,0,0,5751,191489
41,61,0,0,0,0,6372,0,0,0,0,4968,0,0,0,0,0,0,225526
41,62,0,0,0,0,6372,0,0,0,0,4968,0,0,0,0,0,0,225526
41,63,0,0,0,0,6372,0,0,0,0,4968,0,0,0,0,0,0,225526
41,64,0,0,0,0,6372,0,0,0,0,0,5751,0,0,0,0,4968,193607
41,65,0,0,0,0,6372,0,0,0,0,0,5751,0,0,0,0,4968,193607
41,66,0,0,0,0,6372,0,0,0,0,0,5751,0,0,0,0,4968,193607
41,67,0,0,0,0,6372,0,0,0,0,0,5751,0,0,0,0,0,230923
41,68,0,0,0,0,6372,0,0,0,0,0,5751,0,0,0,0,0,230923
41,69,0,0,0,0,6372,0,0,0,0,0,5751,0,0,0,0,0,230923
41,70,0,0,0,0,6372,0,0,0,0,0,5751,0,0,0,0,0,230923
41,71,0,0,0,0,6372,0,0,0,0,0,5751,0,0,0,0,0,230923
41,72,0,0,0,0,6372,0,0,0,0,0,5751,0,0,0,0,0,230923
41,73,0,0,0,0,6372,0,0,0,0,0,0,6372,0,0,0,0,228069
41,74,0,0,0,0,6372,0,0,0,0,0,0,6372,0,0,0,0,228069
41,75,0,0,0,0,6372,0,0,0,0,0,0,6372,0,0,0,0,228069
41,76,0,0,0,0,6372,0,0,0,0,0,0,6372,0,0,0,0,228069
41,77,0,0,0,0,6372,0,0,0,0,0,0,6372,0,0,0,0,228069
41,78,0,0,0,0,6372,0,0,0,0,0,0,6372,0,0,0,0,228069
41,79,0,0,0,0,6372,0,0,0,0,0,0,6372,0,0,0,0,228069
41,80,0,0,0,0,6372,0,0,0,0,0,0,6372,0,0,0,0,228069
41,81,0,0,0,0,6372,0,0,0,0,0,0,6372,0,0,0,0,228069
42,1,0,0,7425,0,0,0,0,7425,0,0,0,0,7425,0,0,0,172824
42,2,0,0,7425,0,0,0,0,7425,0,0,0,0,7425,0,0,0,172824
42,3,0,0,7425,0,0,0,0,7425,0,0,0,0,7425,0,0,0,172824
42,4,0,0,7425,0,0,0,0,7425,0,0,0,0,0,8775,0,0,177095
42,5,0,0,7425,0,0,0,0,7425,0,0,0,0,0,8775,0,0,177095
42,6,0,0,7425,0,0,0,0,7425,0,0,0,0,0,8775,0,0,177095
42,7,0,0,7425,0,0,0,0,7425,0,0,0,0,0,0,9855,0,193462
42,8,0,0,7425,0,0,0,0,7425,0,0,0,0,0,0,9855,0,193462
42,9,0,0,7425,0,0,0,0,7425,0,0,0,0,0,0,9855,0,193462
42,10,0,0,7425,0,0,0,0,0,8775,0,0,0,0,7425,0,0,183452
42,11,0,0,7425,0,0,0,0,0,8775,0,0,0,0,7425,0,0,183452
42,12,0,0,7425,0,0,0,0,0,8775,0,0,0,0,7425,0,0,183452
42,13,0,0,7425,0,0,0,0,0,8775,0,0,0,0,0,8775,0,206253
42,14,0,0,7425,0,0,0,0,0,8775,0,0,0,0,0,8775,0,206253
42,15,0,0,7425,0,0,0,0,0,8775,0,0,0,0,0,8775,0,206253
42,16,0,0,7425,0,0,0,0,0,8775,0,0,0,0,0,0,9855,241205
42,17,0,0,7425,0,0,0,0,0,8775,0,0,0,0,0,0,9855,241205
42,18,0,0,7425,0,0,0,0,0,8775,0,0,0,0,0,0,9855,241205
42,19,0,0,7425,0,0,0,0,0,0,9855,0,0,0,0,7425,0,202684
42,20,0,0,7425,0,0,0,0,0,0,9855,0,0,0,0,7425,0,202684
42,21,0,0,7425,0,0,0,0,0,0,9855,0,0,0,0,7425,0,202684
42,22,0,0,7425,0,0,0,0,0,0,9855,0,0,0,0,0,8775,243594
42,23,0,0,7425,0,0,0,0,0,0,9855,0,0,0,0,0,8775,243594
42,24,0,0,7425,0,0,0,0,0,0,9855,0,0,0,0,0,8775,243594
42,25,0,0,7425,0,0,0,0,0,0,9855,0,0,0,0,0,0,301664
42,26,0,0,7425,0,0,0,0,0,0,9855,0,0,0,0,0,0,301664
42,27,0,0,7425,0,0,0,0,0,0,9855,0,0,0,0,0,0,301664
42,28,0,0,0,8775,0,0,0,0,7425,0,0,0,0,7425,0,0,192792
42,29,0,0,0,8775,0,0,0,0,7425,0,0,0,0,7425,0,0,192792
42,30,0,0,0,8775,0,0,0,0,7425,0,0,0,0,7425,0,0,192792
42,31,0,0,0,8775,0,0,0,0,7425,0,0,0,0,0,8775,0,215593
42,32,0,0,0,8775,0,0,0,0,7425,0,0,0,0,0,8775,0,215593
42,33,0,0,0,8775,0,0,0,0,7425,0,0,0,0,0,8775,0,215593
42,34,0,0,0,8775,0,0,0,0,7425,0,0,0,0,0,0,9855,250545
42,35,0,0,0,8775,0,0,0,0,7425,0,0,0,0,0,0,9855,250545
42,36,0,0,0,8775,0,0,0,0,7425,0,0,0,0,0,0,9855,250545
42,37,0,0,0,8775,0,0,0,0,0,8775,0,0,0,0,7425,0,221479
42,38,0,0,0,8775,0,0,0,0,0,8775,0,0,0,0,7425,0,221479
42,39,0,0,0,8775,0,0,0,0,0,8775,0,0,0,0,7425,0,221479
42,40,0,0,0,8775,0,0,0,0,0,8775,0,0,0,0,0,8775,262389
42,41,0,0,0,8775,0,0,0,0,0,8775,0,0,0,0,0,8775,262389
42,42,0,0,0,8775,0,0,0,0,0,8775,0,0,0,0,0,8775,262389
42,43,0,0,0,8775,0,0,0,0,0,8775,0,0,0,0,0,0,320459
42,44,0,0,0,8775,0,0,0,0,0,8775,0,0,0,0,0,0,320459
42,45,0,0,0,8775,0,0,0,0,0,8775,0,0,0,0,0,0,320459
42,46,0,0,0,8775,0,0,0,0,0,0,9855,0,0,0,0,7425,259083
42,47,0,0,0,8775,0,0,0,0,0,0,9855,0,0,0,0,7425,259083
42,48,0,0,0,8775,0,0,0,0,0,0,9855,0,0,0,0,7425,259083
42,49,0,0,0,8775,0,0,0,0,0,0,9855,0,0,0,0,0,322670
42,50,0,0,0,8775,0,0,0,0,0,0,9855,0,0,0,0,0,322670
42,51,0,0,0,8775,0,0,0,0,0,0,9855,0,0,0,0,0,322670
42,52,0,0,0,8775,0,0,0,0,0,0,9855,0,0,0,0,0,322670
42,53,0,0,0,8775,0,0,0,0,0,0,9855,0,0,0,0,0,322670
42,54,0,0,0,8775,0,0,0,0,0,0,9855,0,0,0,0,0,322670
42,55,0,0,0,0,9855,0,0,0,0,7425,0,0,0,0,7425,0,216233
42,56,0,0,0,0,9855,0,0,0,0,7425,0,0,0,0,7425,0,216233
42,57,0,0,0,0,9855,0,0,0,0,7425,0,0,0,0,7425,0,216233
42,58,0,0,0,0,9855,0,0,0,0,7425,0,0,0,0,0,8775,257143
42,59,0,0,0,0,9855,0,0,0,0,7425,0,0,0,0,0,8775,257143
42,60,0,0,0,0,9855,0,0,0,0,7425,0,0,0,0,0,8775,257143
42,61,0,0,0,0,9855,0,0,0,0,7425,0,0,0,0,0,0,315213
42,62,0,0,0,0,9855,0,0,0,0,7425,0,0,0,0,0,0,315213
42,63,0,0,0,0,9855,0,0,0,0,7425,0,0,0,0,0,0,315213
42,64,0,0,0,0,9855,0,0,0,0,0,8775,0,0,0,0,7425,262592
42,65,0,0,0,0,9855,0,0,0,0,0,8775,0,0,0,0,7425,262592
42,66,0,0,0,0,9855,0,0,0,0,0,8775,0,0,0,0,7425,262592
42,67,0,0,0,0,9855,0,0,0,0,0,8775,0,0,0,0,0,326179
42,68,0,0,0,0,9855,0,0,0,0,0,8775,0,0,0,0,0,326179
42,69,0,0,0,0,9855,0,0,0,0,0,8775,0,0,0,0,0,326179
42,70,0,0,0,0,9855,0,0,0,0,0,8775,0,0,0,0,0,326179
42,71,0,0,0,0,9855,0,0,0,0,0,8775,0,0,0,0,0,326179
42,72,0,0,0,0,9855,0,0,0,0,0,8775,0,0,0,0,0,326179
42,73,0,0,0,0,9855,0,0,0,0,0,0,9855,0,0,0,0,323116
42,74,0,0,0,0,9855,0,0,0,0,0,0,9855,0,0,0,0,323116
42,75,0,0,0,0,9855,0,0,0,0,0,0,9855,0,0,0,0,323116
42,76,0,0,0,0,9855,0,0,0,0,0,0,9855,0,0,0,0,323116
42,77,0,0,0,0,9855,0,0,0,0,0,0,9855,0,0,0,0,323116
42,78,0,0,0,0,9855,0,0,0,0,0,0,9855,0,0,0,0,323116
42,79,0,0,0,0,9855,0,0,0,0,0,0,9855,0,0,0,0,323116
42,80,0,0,0,0,9855,0,0,0,0,0,0,9855,0,0,0,0,323116
42,81,0,0,0,0,9855,0,0,0,0,0,0,9855,0,0,0,0,323116
43,1,0,0,3960,0,0,0,0,3960,0,0,0,0,3960,0,0,0,92180
43,2,0,0,3960,0,0,0,0,3960,0,0,0,0,3960,0,0,0,92180
43,3,0,0,3960,0,0,0,0,3960,0,0,0,0,3960,0,0,0,92180
43,4,0,0,3960,0,0,0,0,3960,0,0,0,0,0,4680,0,0,94459
43,5,0,0,3960,0,0,0,0,3960,0,0,0,0,0,4680,0,0,94459
43,6,0,0,3960,0,0,0,0,3960,0,0,0,0,0,4680,0,0,94459
43,7,0,0,3960,0,0,0,0,3960,0,0,0,0,0,0,5256,0,103188
43,8,0,0,3960,0,0,0,0,3960,0,0,0,0,0,0,5256,0,103188
43,9,0,0,3960,0,0,0,0,3960,0,0,0,0,0,0,5256,0,103188
43,10,0,0,3960,0,0,0,0,0,4680,0,0,0,0,3960,0,0,97848
43,11,0,0,3960,0,0,0,0,0,4680,0,0,0,0,3960,0,0,97848
43,12,0,0,3960,0,0,0,0,0,4680,0,0,0,0,3960,0,0,97848
43,13,0,0,3960,0,0,0,0,0,4680,0,0,0,0,0,4680,0,110009
43,14,0,0,3960,0,0,0,0,0,4680,0,0,0,0,0,4680,0,110009
43,15,0,0,3960,0,0,0,0,0,4680,0,0,0,0,0,4680,0,110009
43,16,0,0,3960,0,0,0,0,0,4680,0,0,0,0,0,0,5256,128650
43,17,0,0,3960,0,0,0,0,0,4680,0,0,0,0,0,0,5256,128650
43,18,0,0,3960,0,0,0,0,0,4680,0,0,0,0,0,0,5256,128650
43,19,0,0,3960,0,0,0,0,0,0,5256,0,0,0,0,3960,0,108106
43,20,0,0,3960,0,0,0,0,0,0,5256,0,0,0,0,3960,0,108106
43,21,0,0,3960,0,0,0,0,0,0,5256,0,0,0,0,3960,0,108106
43,22,0,0,3960,0,0,0,0,0,0,5256,0,0,0,0,0,4680,129924
43,23,0,0,3960,0,0,0,0,0,0,5256,0,0,0,0,0,4680,129924
43,24,0,0,3960,0,0,0,0,0,0,5256,0,0,0,0,0,4680,129924
43,25,0,0,3960,0,0,0,0,0,0,5256,0,0,0,0,0,0,160895
43,26,0,0,3960,0,0,0,0,0,0,5256,0,0,0,0,0,0,160895
43,27,0,0,3960,0,0,0,0,0,0,5256,0,0,0,0,0,0,160895
43,28,0,0,0,4680,0,0,0,0,3960,0,0,0,0,3960,0,0,102829
43,29,0,0,0,4680,0,0,0,0,3960,0,0,0,0,3960,0,0,102829
43,30,0,0,0,4680,0,0,0,0,3960,0,0,0,0,3960,0,0,102829
43,31,0,0,0,4680,0,0,0,0,3960,0,0,0,0,0,4680,0,114990
43,32,0,0,0,4680,0,0,0,0,3960,0,0,0,0,0,4680,0,114990
43,33,0,0,0,4680,0,0,0,0,3960,0,0,0,0,0,4680,0,114990
43,34,0,0,0,4680,0,0,0,0,3960,0,0,0,0,0,0,5256,133631
43,35,0,0,0,4680,0,0,0,0,3960,0,0,0,0,0,0,5256,133631
43,36,0,0,0,4680,0,0,0,0,3960,0,0,0,0,0,0,5256,133631
43,37,0,0,0,4680,0,0,0,0,0,4680,0,0,0,0,3960,0,118130
43,38,0,0,0,4680,0,0,0,0,0,4680,0,0,0,0,3960,0,118130
43,39,0,0,0,4680,0,0,0,0,0,4680,0,0,0,0,3960,0,118130
43,40,0,0,0,4680,0,0,0,0,0,4680,0,0,0,0,0,4680,139948
43,41,0,0,0,4680,0,0,0,0,0,4680,0,0,0,0,0,4680,139948
43,42,0,0,0,4680,0,0,0,0,0,4680,0,0,0,0,0,4680,139948
43,43,0,0,0,4680,0,0,0,0,0,4680,0,0,0,0,0,0,170919
43,44,0,0,0,4680,0,0,0,0,0,4680,0,0,0,0,0,0,170919
43,45,0,0,0,4680,0,0,0,0,0,4680,0,0,0,0,0,0,170919
43,46,0,0,0,4680,0,0,0,0,0,0,5256,0,0,0,0,3960,138184
43,47,0,0,0,4680,0,0,0,0,0,0,5256,0,0,0,0,3960,138184
43,48,0,0,0,4680,0,0,0,0,0,0,5256,0,0,0,0,3960,138184
43,49,0,0,0,4680,0,0,0,0,0,0,5256,0,0,0,0,0,172097
43,50,0,0,0,4680,0,0,0,0,0,0,5256,0,0,0,0,0,172097
43,51,0,0,0,4680,0,0,0,0,0,0,5256,0,0,0,0,0,172097
43,52,0,0,0,4680,0,0,0,0,0,0,5256,0,0,0,0,0,172097
43,53,0,0,0,4680,0,0,0,0,0,0,5256,0,0,0,0,0,172097
43,54,0,0,0,4680,0,0,0,0,0,0,5256,0,0,0,0,0,172097
43,55,0,0,0,0,5256,0,0,0,0,3960,0,0,0,0,3960,0,115331
43,56,0,0,0,0,5256,0,0,0,0,3960,0,0,0,0,3960,0,115331
43,57,0,0,0,0,5256,0,0,0,0,3960,0,0,0,0,3960,0,115331
43,58,0,0,0,0,5256,0,0,0,0,3960,0,0,0,0,0,4680,137149
43,59,0,0,0,0,5256,0,0,0,0,3960,0,0,0,0,0,4680,137149
43,60,0,0,0,0,5256,0,0,0,0,3960,0,0,0,0,0,4680,137149
43,61,0,0,0,0,5256,0,0,0,0,3960,0,0,0,0,0,0,168120
43,62,0,0,0,0,5256,0,0,0,0,3960,0,0,0,0,0,0,168120
43,63,0,0,0,0,5256,0,0,0,0,3960,0,0,0,0,0,0,168120
43,64,0,0,0,0,5256,0,0,0,0,0,4680,0,0,0,0,3960,140054
43,65,0,0,0,0,5256,0,0,0,0,0,4680,0,0,0,0,3960,140054
43,66,0,0,0,0,5256,0,0,0,0,0,4680,0,0,0,0,3960,140054
43,67,0,0,0,0,5256,0,0,0,0,0,4680,0,0,0,0,0,173967
43,68,0,0,0,0,5256,0,0,0,0,0,4680,0,0,0,0,0,173967
43,69,0,0,0,0,5256,0,0,0,0,0,4680,0,0,0,0,0,173967
43,70,0,0,0,0,5256,0,0,0,0,0,4680,0,0,0,0,0,173967
43,71,0,0,0,0,5256,0,0,0,0,0,4680,0,0,0,0,0,173967
43,72,0,0,0,0,5256,0,0,0,0,0,4680,0,0,0,0,0,173967
43,73,0,0,0,0,5256,0,0,0,0,0,0,5256,0,0,0,0,172334
43,74,0,0,0,0,5256,0,0,0,0,0,0,5256,0,0,0,0,172334
43,75,0,0,0,0,5256,0,0,0,0,0,0,5256,0,0,0,0,172334
43,76,0,0,0,0,5256,0,0,0,0,0,0,5256,0,0,0,0,172334
43,77,0,0,0,0,5256,0,0,0,0,0,0,5256,0,0,0,0,172334
43,78,0,0,0,0,5256,0,0,0,0,0,0,5256,0,0,0,0,172334
43,79,0,0,0,0,5256,0,0,0,0,0,0,5256,0,0,0,0,172334
43,80,0,0,0,0,5256,0,0,0,0,0,0,5256,0,0,0,0,172334
43,81,0,0,0,0,5256,0,0,0,0,0,0,5256,0,0,0,0,172334
44,1,0,0,6364,0,0,0,0,6364,0,0,0,0,6364,0,0,0,166659
44,2,0,0,6364,0,0,0,0,6364,0,0,0,0,6364,0,0,0,166659
44,3,0,0,6364,0,0,0,0,6364,0,0,0,0,6364,0,0,0,166659
44,4,0,0,6364,0,0,0,0,6364,0,0,0,0,0,7437,0,0,168355
44,5,0,0,6364,0,0,0,0,6364,0,0,0,0,0,7437,0,0,168355
44,6,0,0,6364,0,0,0,0,6364,0,0,0,0,0,7437,0,0,168355
44,7,0,0,6364,0,0,0,0,6364,0,0,0,0,0,0,8325,0,181077
44,8,0,0,6364,0,0,0,0,6364,0,0,0,0,0,0,8325,0,181077
44,9,0,0,6364,0,0,0,0,6364,0,0,0,0,0,0,8325,0,181077
44,10,0,0,6364,0,0,0,0,0,7437,0,0,0,0,6364,0,0,172703
44,11,0,0,6364,0,0,0,0,0,7437,0,0,0,0,6364,0,0,172703
44,12,0,0,6364,0,0,0,0,0,7437,0,0,0,0,6364,0,0,172703
44,13,0,0,6364,0,0,0,0,0,7437,0,0,0,0,0,7437,0,190035
44,14,0,0,6364,0,0,0,0,0,7437,0,0,0,0,0,7437,0,190035
44,15,0,0,6364,0,0,0,0,0,7437,0,0,0,0,0,7437,0,190035
44,16,0,0,6364,0,0,0,0,0,7437,0,0,0,0,0,0,8325,218818
44,17,0,0,6364,0,0,0,0,0,7437,0,0,0,0,0,0,8325,218818
44,18,0,0,6364,0,0,0,0,0,7437,0,0,0,0,0,0,8325,218818
44,19,0,0,6364,0,0,0,0,0,0,8325,0,0,0,0,6364,0,187286
44,20,0,0,6364,0,0,0,0,0,0,8325,0,0,0,0,6364,0,187286
44,21,0,0,6364,0,0,0,0,0,0,8325,0,0,0,0,6364,0,187286
44,22,0,0,6364,0,0,0,0,0,0,8325,0,0,0,0,0,7437,220337
44,23,0,0,6364,0,0,0,0,0,0,8325,0,0,0,0,0,7437,220337
44,24,0,0,6364,0,0,0,0,0,0,8325,0,0,0,0,0,7437,220337
44,25,0,0,6364,0,0,0,0,0,0,8325,0,0,0,0,0,0,267931
44,26,0,0,6364,0,0,0,0,0,0,8325,0,0,0,0,0,0,267931
44,27,0,0,6364,0,0,0,0,0,0,8325,0,0,0,0,0,0,267931
44,28,0,0,0,7437,0,0,0,0,6364,0,0,0,0,6364,0,0,179089
44,29,0,0,0,7437,0,0,0,0,6364,0,0,0,0,6364,0,0,179089
44,30,0,0,0,7437,0,0,0,0,6364,0,0,0,0,6364,0,0,179089
44,31,0,0,0,7437,0,0,0,0,6364,0,0,0,0,0,7437,0,196421
44,32,0,0,0,7437,0,0,0,0,6364,0,0,0,0,0,7437,0,196421
44,33,0,0,0,7437,0,0,0,0,6364,0,0,0,0,0,7437,0,196421
44,34,0,0,0,7437,0,0,0,0,6364,0,0,0,0,0,0,8325,225204
44,35,0,0,0,7437,0,0,0,0,6364,0,0,0,0,0,0,8325,225204
44,36,0,0,0,7437,0,0,0,0,6364,0,0,0,0,0,0,8325,225204
44,37,0,0,0,7437,0,0,0,0,0,7437,0,0,0,0,6364,0,200447
44,38,0,0,0,7437,0,0,0,0,0,7437,0,0,0,0,6364,0,200447
44,39,0,0,0,7437,0,0,0,0,0,7437,0,0,0,0,6364,0,200447
44,40,0,0,0,7437,0,0,0,0,0,7437,0,0,0,0,0,7437,233498
44,41,0,0,0,7437,0,0,0,0,0,7437,0,0,0,0,0,7437,233498
44,42,0,0,0,7437,0,0,0,0,0,7437,0,0,0,0,0,7437,233498
44,43,0,0,0,7437,0,0,0,0,0,7437,0,0,0,0,0,0,281092
44,44,0,0,0,7437,0,0,0,0,0,7437,0,0,0,0,0,0,281092
44,45,0,0,0,7437,0,0,0,0,0,7437,0,0,0,0,0,0,281092
44,46,0,0,0,7437,0,0,0,0,0,0,8325,0,0,0,0,6364,230952
44,47,0,0,0,7437,0,0,0,0,0,0,8325,0,0,0,0,6364,230952
44,48,0,0,0,7437,0,0,0,0,0,0,8325,0,0,0,0,6364,230952
44,49,0,0,0,7437,0,0,0,0,0,0,8325,0,0,0,0,0,282499
44,50,0,0,0,7437,0,0,0,0,0,0,8325,0,0,0,0,0,282499
44,51,0,0,0,7437,0,0,0,0,0,0,8325,0,0,0,0,0,282499
44,52,0,0,0,7437,0,0,0,0,0,0,8325,0,0,0,0,0,282499
44,53,0,0,0,7437,0,0,0,0,0,0,8325,0,0,0,0,0,282499
44,54,0,0,0,7437,0,0,0,0,0,0,8325,0,0,0,0,0,282499
44,55,0,0,0,0,8325,0,0,0,0,6364,0,0,0,0,6364,0,196405
44,56,0,0,0,0,8325,0,0,0,0,6364,0,0,0,0,6364,0,196405
44,57,0,0,0,0,8325,0,0,0,0,6364,0,0,0,0,6364,0,196405
44,58,0,0,0,0,8325,0,0,0,0,6364,0,0,0,0,0,7437,229456
44,59,0,0,0,0,8325,0,0,0,0,6364,0,0,0,0,0,7437,229456
44,60,0,0,0,0,8325,0,0,0,0,6364,0,0,0,0,0,7437,229456
44,61,0,0,0,0,8325,0,0,0,0,6364,0,0,0,0,0,0,277050
44,62,0,0,0,0,8325,0,0,0,0,6364,0,0,0,0,0,0,277050
44,63,0,0,0,0,8325,0,0,0,0,6364,0,0,0,0,0,0,277050
44,64,0,0,0,0,8325,0,0,0,0,0,7437,0,0,0,0,6364,233183
44,65,0,0,0,0,8325,0,0,0,0,0,7437,0,0,0,0,6364,233183
44,66,0,0,0,0,8325,0,0,0,0,0,7437,0,0,0,0,6364,233183
44,67,0,0,0,0,8325,0,0,0,0,0,7437,0,0,0,0,0,284730
44,68,0,0,0,0,8325,0,0,0,0,0,7437,0,0,0,0,0,284730
44,69,0,0,0,0,8325,0,0,0,0,0,7437,0,0,0,0,0,284730
44,70,0,0,0,0,8325,0,0,0,0,0,7437,0,0,0,0,0,284730
44,71,0,0,0,0,8325,0,0,0,0,0,7437,0,0,0,0,0,284730
44,72,0,0,0,0,8325,0,0,0,0,0,7437,0,0,0,0,0,284730
44,73,0,0,0,0,8325,0,0,0,0,0,0,8325,0,0,0,0,282372
44,74,0,0,0,0,8325,0,0,0,0,0,0,8325,0,0,0,0,282372
44,75,0,0,0,0,8325,0,0,0,0,0,0,8325,0,0,0,0,282372
44,76,0,0,0,0,8325,0,0,0,0,0,0,8325,0,0,0,0,282372
44,77,0,0,0,0,8325,0,0,0,0,0,0,8325,0,0,0,0,282372
44,78,0,0,0,0,8325,0,0,0,0,0,0,8325,0,0,0,0,282372
44,79,0,0,0,0,8325,0,0,0,0,0,0,8325,0,0,0,0,282372
44,80,0,0,0,0,8325,0,0,0,0,0,0,8325,0,0,0,0,282372
44,81,0,0,0,0,8325,0,0,0,0,0,0,8325,0,0,0,0,282372
45,1,0,0,3920,0,0,0,0,3920,0,0,0,0,3920,0,0,0,135597
45,2,0,0,3920,0,0,0,0,3920,0,0,0,0,3920,0,0,0,135597
45,3,0,0,3920,0,0,0,0,3920,0,0,0,0,3920,0,0,0,135597
45,4,0,0,3920,0,0,0,0,3920,0,0,0,0,0,4480,0,0,134038
45,5,0,0,3920,0,0,0,0,3920,0,0,0,0,0,4480,0,0,134038
45,6,0,0,3920,0,0,0,0,3920,0,0,0,0,0,4480,0,0,134038
45,7,0,0,3920,0,0,0,0,3920,0,0,0,0,0,0,4940,0,139014
45,8,0,0,3920,0,0,0,0,3920,0,0,0,0,0,0,4940,0,139014
45,9,0,0,3920,0,0,0,0,3920,0,0,0,0,0,0,4940,0,139014
45,10,0,0,3920,0,0,0,0,0,4480,0,0,0,0,3920,0,0,135179
45,11,0,0,3920,0,0,0,0,0,4480,0,0,0,0,3920,0,0,135179
45,12,0,0,3920,0,0,0,0,0,4480,0,0,0,0,3920,0,0,135179
45,13,0,0,3920,0,0,0,0,0,4480,0,0,0,0,0,4480,0,142619
45,14,0,0,3920,0,0,0,0,0,4480,0,0,0,0,0,4480,0,142619
45,15,0,0,3920,0,0,0,0,0,4480,0,0,0,0,0,4480,0,142619
45,16,0,0,3920,0,0,0,0,0,4480,0,0,0,0,0,0,4940,158041
45,17,0,0,3920,0,0,0,0,0,4480,0,0,0,0,0,0,4940,158041
45,18,0,0,3920,0,0,0,0,0,4480,0,0,0,0,0,0,4940,158041
45,19,0,0,3920,0,0,0,0,0,0,4940,0,0,0,0,3920,0,140053
45,20,0,0,3920,0,0,0,0,0,0,4940,0,0,0,0,3920,0,140053
45,21,0,0,3920,0,0,0,0,0,0,4940,0,0,0,0,3920,0,140053
45,22,0,0,3920,0,0,0,0,0,0,4940,0,0,0,0,0,4480,157758
45,23,0,0,3920,0,0,0,0,0,0,4940,0,0,0,0,0,4480,157758
45,24,0,0,3920,0,0,0,0,0,0,4940,0,0,0,0,0,4480,157758
45,25,0,0,3920,0,0,0,0,0,0,4940,0,0,0,0,0,0,182832
45,26,0,0,3920,0,0,0,0,0,0,4940,0,0,0,0,0,0,182832
45,27,0,0,3920,0,0,0,0,0,0,4940,0,0,0,0,0,0,182832
45,28,0,0,0,4480,0,0,0,0,3920,0,0,0,0,3920,0,0,136854
45,29,0,0,0,4480,0,0,0,0,3920,0,0,0,0,3920,0,0,136854
45,30,0,0,0,4480,0,0,0,0,3920,0,0,0,0,3920,0,0,136854
45,31,0,0,0,4480,0,0,0,0,3920,0,0,0,0,0,4480,0,144294
45,32,0,0,0,4480,0,0,0,0,3920,0,0,0,0,0,4480,0,144294
45,33,0,0,0,4480,0,0,0,0,3920,0,0,0,0,0,4480,0,144294
45,34,0,0,0,4480,0,0,0,0,3920,0,0,0,0,0,0,4940,159716
45,35,0,0,0,4480,0,0,0,0,3920,0,0,0,0,0,0,4940,159716
45,36,0,0,0,4480,0,0,0,0,3920,0,0,0,0,0,0,4940,159716
45,37,0,0,0,4480,0,0,0,0,0,4480,0,0,0,0,3920,0,145349
45,38,0,0,0,4480,0,0,0,0,0,4480,0,0,0,0,3920,0,145349
45,39,0,0,0,4480,0,0,0,0,0,4480,0,0,0,0,3920,0,145349
45,40,0,0,0,4480,0,0,0,0,0,4480,0,0,0,0,0,4480,163054
45,41,0,0,0,4480,0,0,0,0,0,4480,0,0,0,0,0,4480,163054
45,42,0,0,0,4480,0,0,0,0,0,4480,0,0,0,0,0,4480,163054
45,43,0,0,0,4480,0,0,0,0,0,4480,0,0,0,0,0,0,188128
45,44,0,0,0,4480,0,0,0,0,0,4480,0,0,0,0,0,0,188128
45,45,0,0,0,4480,0,0,0,0,0,4480,0,0,0,0,0,0,188128
45,46,0,0,0,4480,0,0,0,0,0,0,4940,0,0,0,0,3920,160679
45,47,0,0,0,4480,0,0,0,0,0,0,4940,0,0,0,0,3920,160679
45,48,0,0,0,4480,0,0,0,0,0,0,4940,0,0,0,0,3920,160679
45,49,0,0,0,4480,0,0,0,0,0,0,4940,0,0,0,0,0,187866
45,50,0,0,0,4480,0,0,0,0,0,0,4940,0,0,0,0,0,187866
45,51,0,0,0,4480,0,0,0,0,0,0,4940,0,0,0,0,0,187866
45,52,0,0,0,4480,0,0,0,0,0,0,4940,0,0,0,0,0,187866
45,53,0,0,0,4480,0,0,0,0,0,0,4940,0,0,0,0,0,187866
45,54,0,0,0,4480,0,0,0,0,0,0,4940,0,0,0,0,0,187866
45,55,0,0,0,0,4940,0,0,0,0,3920,0,0,0,0,3920,0,141577
45,56,0,0,0,0,4940,0,0,0,0,3920,0,0,0,0,3920,0,141577
45,57,0,0,0,0,4940,0,0,0,0,3920,0,0,0,0,3920,0,141577
45,58,0,0,0,0,4940,0,0,0,0,3920,0,0,0,0,0,4480,159282
45,59,0,0,0,0,4940,0,0,0,0,3920,0,0,0,0,0,4480,159282
45,60,0,0,0,0,4940,0,0,0,0,3920,0,0,0,0,0,4480,159282
45,61,0,0,0,0,4940,0,0,0,0,3920,0,0,0,0,0,0,184356
45,62,0,0,0,0,4940,0,0,0,0,3920,0,0,0,0,0,0,184356
45,63,0,0,0,0,4940,0,0,0,0,3920,0,0,0,0,0,0,184356
45,64,0,0,0,0,4940,0,0,0,0,0,4480,0,0,0,0,3920,160260
45,65,0,0,0,0,4940,0,0,0,0,0,4480,0,0,0,0,3920,160260
45,66,0,0,0,0,4940,0,0,0,0,0,4480,0,0,0,0,3920,160260
45,67,0,0,0,0,4940,0,0,0,0,0,4480,0,0,0,0,0,187447
45,68,0,0,0,0,4940,0,0,0,0,0,4480,0,0,0,0,0,187447
45,69,0,0,0,0,4940,0,0,0,0,0,4480,0,0,0,0,0,187447
45,70,0,0,0,0,4940,0,0,0,0,0,4480,0,0,0,0,0,187447
45,71,0,0,0,0,4940,0,0,0,0,0,4480,0,0,0,0,0,187447
45,72,0,0,0,0,4940,0,0,0,0,0,4480,0,0,0,0,0,187447
45,73,0,0,0,0,4940,0,0,0,0,0,0,4940,0,0,0,0,185246
45,74,0,0,0,0,4940,0,0,0,0,0,0,4940,0,0,0,0,185246
45,75,0,0,0,0,4940,0,0,0,0,0,0,4940,0,0,0,0,185246
45,76,0,0,0,0,4940,0,0,0,0,0,0,4940,0,0,0,0,185246
45,77,0,0,0,0,4940,0,0,0,0,0,0,4940,0,0,0,0,185246
45,78,0,0,0,0,4940,0,0,0,0,0,0,4940,0,0,0,0,185246
45,79,0,0,0,0,4940,0,0,0,0,0,0,4940,0,0,0,0,185246
45,80,0,0,0,0,4940,0,0,0,0,0,0,4940,0,0,0,0,185246
45,81,0,0,0,0,4940,0,0,0,0,0,0,4940,0,0,0,0,185246
46,1,0,0,4816,0,0,0,0,4816,0,0,0,0,4816,0,0,0,126122
46,2,0,0,4816,0,0,0,0,4816,0,0,0,0,4816,0,0,0,126122
46,3,0,0,4816,0,0,0,0,4816,0,0,0,0,4816,0,0,0,126122
46,4,0,0,4816,0,0,0,0,4816,0,0,0,0,0,5628,0,0,127407
46,5,0,0,4816,0,0,0,0,4816,0,0,0,0,0,5628,0,0,127407
46,6,0,0,4816,0,0,0,0,4816,0,0,0,0,0,5628,0,0,127407
46,7,0,0,4816,0,0,0,0,4816,0,0,0,0,0,0,6300,0,137034
46,8,0,0,4816,0,0,0,0,4816,0,0,0,0,0,0,6300,0,137034
46,9,0,0,4816,0,0,0,0,4816,0,0,0,0,0,0,6300,0,137034
46,10,0,0,4816,0,0,0,0,0,5628,0,0,0,0,4816,0,0,130697
46,11,0,0,4816,0,0,0,0,0,5628,0,0,0,0,4816,0,0,130697
46,12,0,0,4816,0,0,0,0,0,5628,0,0,0,0,4816,0,0,130697
46,13,0,0,4816,0,0,0,0,0,5628,0,0,0,0,0,5628,0,143813
46,14,0,0,4816,0,0,0,0,0,5628,0,0,0,0,0,5628,0,143813
46,15,0,0,4816,0,0,0,0,0,5628,0,0,0,0,0,5628,0,143813
46,16,0,0,4816,0,0,0,0,0,5628,0,0,0,0,0,0,6300,165593
46,17,0,0,4816,0,0,0,0,0,5628,0,0,0,0,0,0,6300,165593
46,18,0,0,4816,0,0,0,0,0,5628,0,0,0,0,0,0,6300,165593
46,19,0,0,4816,0,0,0,0,0,0,6300,0,0,0,0,4816,0,141731
46,20,0,0,4816,0,0,0,0,0,0,6300,0,0,0,0,4816,0,141731
46,21,0,0,4816,0,0,0,0,0,0,6300,0,0,0,0,4816,0,141731
46,22,0,0,4816,0,0,0,0,0,0,6300,0,0,0,0,0,5628,166742
46,23,0,0,4816,0,0,0,0,0,0,6300,0,0,0,0,0,5628,166742
46,24,0,0,4816,0,0,0,0,0,0,6300,0,0,0,0,0,5628,166742
46,25,0,0,4816,0,0,0,0,0,0,6300,0,0,0,0,0,0,202759
46,26,0,0,4816,0,0,0,0,0,0,6300,0,0,0,0,0,0,202759
46,27,0,0,4816,0,0,0,0,0,0,6300,0,0,0,0,0,0,202759
46,28,0,0,0,5628,0,0,0,0,4816,0,0,0,0,4816,0,0,135530
46,29,0,0,0,5628,0,0,0,0,4816,0,0,0,0,4816,0,0,135530
46,30,0,0,0,5628,0,0,0,0,4816,0,0,0,0,4816,0,0,135530
46,31,0,0,0,5628,0,0,0,0,4816,0,0,0,0,0,5628,0,148646
46,32,0,0,0,5628,0,0,0,0,4816,0,0,0,0,0,5628,0,148646
46,33,0,0,0,5628,0,0,0,0,4816,0,0,0,0,0,5628,0,148646
46,34,0,0,0,5628,0,0,0,0,4816,0,0,0,0,0,0,6300,170426
46,35,0,0,0,5628,0,0,0,0,4816,0,0,0,0,0,0,6300,170426
46,36,0,0,0,5628,0,0,0,0,4816,0,0,0,0,0,0,6300,170426
46,37,0,0,0,5628,0,0,0,0,0,5628,0,0,0,0,4816,0,151691
46,38,0,0,0,5628,0,0,0,0,0,5628,0,0,0,0,4816,0,151691
46,39,0,0,0,5628,0,0,0,0,0,5628,0,0,0,0,4816,0,151691
46,40,0,0,0,5628,0,0,0,0,0,5628,0,0,0,0,0,5628,176702
46,41,0,0,0,5628,0,0,0,0,0,5628,0,0,0,0,0,5628,176702
46,42,0,0,0,5628,0,0,0,0,0,5628,0,0,0,0,0,5628,176702
46,43,0,0,0,5628,0,0,0,0,0,5628,0,0,0,0,0,0,212719
46,44,0,0,0,5628,0,0,0,0,0,5628,0,0,0,0,0,0,212719
46,45,0,0,0,5628,0,0,0,0,0,5628,0,0,0,0,0,0,212719
46,46,0,0,0,5628,0,0,0,0,0,0,6300,0,0,0,0,4816,174775
46,47,0,0,0,5628,0,0,0,0,0,0,6300,0,0,0,0,4816,174775
46,48,0,0,0,5628,0,0,0,0,0,0,6300,0,0,0,0,4816,174775
46,49,0,0,0,5628,0,0,0,0,0,0,6300,0,0,0,0,0,213784
46,50,0,0,0,5628,0,0,0,0,0,0,6300,0,0,0,0,0,213784
46,51,0,0,0,5628,0,0,0,0,0,0,6300,0,0,0,0,0,213784
46,52,0,0,0,5628,0,0,0,0,0,0,6300,0,0,0,0,0,213784
46,53,0,0,0,5628,0,0,0,0,0,0,6300,0,0,0,0,0,213784
46,54,0,0,0,5628,0,0,0,0,0,0,6300,0,0,0,0,0,213784
46,55,0,0,0,0,6300,0,0,0,0,4816,0,0,0,0,4816,0,148633
46,56,0,0,0,0,6300,0,0,0,0,4816,0,0,0,0,4816,0,148633
46,57,0,0,0,0,6300,0,0,0,0,4816,0,0,0,0,4816,0,148633
46,58,0,0,0,0,6300,0,0,0,0,4816,0,0,0,0,0,5628,173644
46,59,0,0,0,0,6300,0,0,0,0,4816,0,0,0,0,0,5628,173644
46,60,0,0,0,0,6300,0,0,0,0,4816,0,0,0,0,0,5628,173644
46,61,0,0,0,0,6300,0,0,0,0,4816,0,0,0,0,0,0,209661
46,62,0,0,0,0,6300,0,0,0,0,4816,0,0,0,0,0,0,209661
46,63,0,0,0,0,6300,0,0,0,0,4816,0,0,0,0,0,0,209661
46,64,0,0,0,0,6300,0,0,0,0,0,5628,0,0,0,0,4816,176464
46,65,0,0,0,0,6300,0,0,0,0,0,5628,0,0,0,0,4816,176464
46,66,0,0,0,0,6300,0,0,0,0,0,5628,0,0,0,0,4816,176464
46,67,0,0,0,0,6300,0,0,0,0,0,5628,0,0,0,0,0,215473
46,68,0,0,0,0,6300,0,0,0,0,0,5628,0,0,0,0,0,215473
46,69,0,0,0,0,6300,0,0,0,0,0,5628,0,0,0,0,0,215473
46,70,0,0,0,0,6300,0,0,0,0,0,5628,0,0,0,0,0,215473
46,71,0,0,0,0,6300,0,0,0,0,0,5628,0,0,0,0,0,215473
46,72,0,0,0,0,6300,0,0,0,0,0,5628,0,0,0,0,0,215473
46,73,0,0,0,0,6300,0,0,0,0,0,0,6300,0,0,0,0,213689
46,74,0,0,0,0,6300,0,0,0,0,0,0,6300,0,0,0,0,213689
46,75,0,0,0,0,6300,0,0,0,0,0,0,6300,0,0,0,0,213689
46,76,0,0,0,0,6300,0,0,0,0,0,0,6300,0,0,0,0,213689
46,77,0,0,0,0,6300,0,0,0,0,0,0,6300,0,0,0,0,213689
46,78,0,0,0,0,6300,0,0,0,0,0,0,6300,0,0,0,0,213689
46,79,0,0,0,0,6300,0,0,0,0,0,0,6300,0,0,0,0,213689
46,80,0,0,0,0,6300,0,0,0,0,0,0,6300,0,0,0,0,213689
46,81,0,0,0,0,6300,0,0,0,0,0,0,6300,0,0,0,0,213689
47,1,0,0,4623,0,0,0,0,4623,0,0,0,0,4623,0,0,0,166844
47,2,0,0,4623,0,0,0,0,4623,0,0,0,0,4623,0,0,0,166844
47,3,0,0,4623,0,0,0,0,4623,0,0,0,0,4623,0,0,0,166844
47,4,0,0,4623,0,0,0,0,4623,0,0,0,0,0,5267,0,0,164548
47,5,0,0,4623,0,0,0,0,4623,0,0,0,0,0,5267,0,0,164548
47,6,0,0,4623,0,0,0,0,4623,0,0,0,0,0,5267,0,0,164548
47,7,0,0,4623,0,0,0,0,4623,0,0,0,0,0,0,5796,0,169846
47,8,0,0,4623,0,0,0,0,4623,0,0,0,0,0,0,5796,0,169846
47,9,0,0,4623,0,0,0,0,4623,0,0,0,0,0,0,5796,0,169846
47,10,0,0,4623,0,0,0,0,0,5267,0,0,0,0,4623,0,0,165610
47,11,0,0,4623,0,0,0,0,0,5267,0,0,0,0,4623,0,0,165610
47,12,0,0,4623,0,0,0,0,0,5267,0,0,0,0,4623,0,0,165610
47,13,0,0,4623,0,0,0,0,0,5267,0,0,0,0,0,5267,0,173743
47,14,0,0,4623,0,0,0,0,0,5267,0,0,0,0,0,5267,0,173743
47,15,0,0,4623,0,0,0,0,0,5267,0,0,0,0,0,5267,0,173743
47,16,0,0,4623,0,0,0,0,0,5267,0,0,0,0,0,0,5796,191533
47,17,0,0,4623,0,0,0,0,0,5267,0,0,0,0,0,0,5796,191533
47,18,0,0,4623,0,0,0,0,0,5267,0,0,0,0,0,0,5796,191533
47,19,0,0,4623,0,0,0,0,0,0,5796,0,0,0,0,4623,0,170561
47,20,0,0,4623,0,0,0,0,0,0,5796,0,0,0,0,4623,0,170561
47,21,0,0,4623,0,0,0,0,0,0,5796,0,0,0,0,4623,0,170561
47,22,0,0,4623,0,0,0,0,0,0,5796,0,0,0,0,0,5267,190976
47,23,0,0,4623,0,0,0,0,0,0,5796,0,0,0,0,0,5267,190976
47,24,0,0,4623,0,0,0,0,0,0,5796,0,0,0,0,0,5267,190976
47,25,0,0,4623,0,0,0,0,0,0,5796,0,0,0,0,0,0,219742
47,26,0,0,4623,0,0,0,0,0,0,5796,0,0,0,0,0,0,219742
47,27,0,0,4623,0,0,0,0,0,0,5796,0,0,0,0,0,0,219742
47,28,0,0,0,5267,0,0,0,0,4623,0,0,0,0,4623,0,0,167172
47,29,0,0,0,5267,0,0,0,0,4623,0,0,0,0,4623,0,0,167172
47,30,0,0,0,5267,0,0,0,0,4623,0,0,0,0,4623,0,0,167172
47,31,0,0,0,5267,0,0,0,0,4623,0,0,0,0,0,5267,0,175305
47,32,0,0,0,5267,0,0,0,0,4623,0,0,0,0,0,5267,0,175305
47,33,0,0,0,5267,0,0,0,0,4623,0,0,0,0,0,5267,0,175305
47,34,0,0,0,5267,0,0,0,0,4623,0,0,0,0,0,0,5796,193095
47,35,0,0,0,5267,0,0,0,0,4623,0,0,0,0,0,0,5796,193095
47,36,0,0,0,5267,0,0,0,0,4623,0,0,0,0,0,0,5796,193095
47,37,0,0,0,5267,0,0,0,0,0,5267,0,0,0,0,4623,0,176287
47,38,0,0,0,5267,0,0,0,0,0,5267,0,0,0,0,4623,0,176287
47,39,0,0,0,5267,0,0,0,0,0,5267,0,0,0,0,4623,0,176287
47,40,0,0,0,5267,0,0,0,0,0,5267,0,0,0,0,0,5267,196702
47,41,0,0,0,5267,0,0,0,0,0,5267,0,0,0,0,0,5267,196702
47,42,0,0,0,5267,0,0,0,0,0,5267,0,0,0,0,0,5267,196702
47,43,0,0,0,5267,0,0,0,0,0,5267,0,0,0,0,0,0,225468
47,44,0,0,0,5267,0,0,0,0,0,5267,0,0,0,0,0,0,225468
47,45,0,0,0,5267,0,0,0,0,0,5267,0,0,0,0,0,0,225468
47,46,0,0,0,5267,0,0,0,0,0,0,5796,0,0,0,0,4623,193754
47,47,0,0,0,5267,0,0,0,0,0,0,5796,0,0,0,0,4623,193754
47,48,0,0,0,5267,0,0,0,0,0,0,5796,0,0,0,0,4623,193754
47,49,0,0,0,5267,0,0,0,0,0,0,5796,0,0,0,0,0,224951
47,50,0,0,0,5267,0,0,0,0,0,0,5796,0,0,0,0,0,224951
47,51,0,0,0,5267,0,0,0,0,0,0,5796,0,0,0,0,0,224951
47,52,0,0,0,5267,0,0,0,0,0,0,5796,0,0,0,0,0,224951
47,53,0,0,0,5267,0,0,0,0,0,0,5796,0,0,0,0,0,224951
47,54,0,0,0,5267,0,0,0,0,0,0,5796,0,0,0,0,0,224951
47,55,0,0,0,0,5796,0,0,0,0,4623,0,0,0,0,4623,0,171612
47,56,0,0,0,0,5796,0,0,0,0,4623,0,0,0,0,4623,0,171612
47,57,0,0,0,0,5796,0,0,0,0,4623,0,0,0,0,4623,0,171612
47,58,0,0,0,0,5796,0,0,0,0,4623,0,0,0,0,0,5267,192027
47,59,0,0,0,0,5796,0,0,0,0,4623,0,0,0,0,0,5267,192027
47,60,0,0,0,0,5796,0,0,0,0,4623,0,0,0,0,0,5267,192027
47,61,0,0,0,0,5796,0,0,0,0,4623,0,0,0,0,0,0,220793
47,62,0,0,0,0,5796,0,0,0,0,4623,0,0,0,0,0,0,220793
47,63,0,0,0,0,5796,0,0,0,0,4623,0,0,0,0,0,0,220793
47,64,0,0,0,0,5796,0,0,0,0,0,5267,0,0,0,0,4623,192936
47,65,0,0,0,0,5796,0,0,0,0,0,5267,0,0,0,0,4623,192936
47,66,0,0,0,0,5796,0,0,0,0,0,5267,0,0,0,0,4623,192936
47,67,0,0,0,0,5796,0,0,0,0,0,5267,0,0,0,0,0,224133
47,68,0,0,0,0,5796,0,0,0,0,0,5267,0,0,0,0,0,224133
47,69,0,0,0,0,5796,0,0,0,0,0,5267,0,0,0,0,0,224133
47,70,0,0,0,0,5796,0,0,0,0,0,5267,0,0,0,0,0,224133
47,71,0,0,0,0,5796,0,0,0,0,0,5267,0,0,0,0,0,224133
47,72,0,0,0,0,5796,0,0,0,0,0,5267,0,0,0,0,0,224133
47,73,0,0,0,0,5796,0,0,0,0,0,0,5796,0,0,0,0,221406
47,74,0,0,0,0,5796,0,0,0,0,0,0,5796,0,0,0,0,221406
47,75,0,0,0,0,5796,0,0,0,0,0,0,5796,0,0,0,0,221406
47,76,0,0,0,0,5796,0,0,0,0,0,0,5796,0,0,0,0,221406
47,77,0,0,0,0,5796,0,0,0,0,0,0,5796,0,0,0,0,221406
47,78,0,0,0,0,5796,0,0,0,0,0,0,5796,0,0,0,0,221406
47,79,0,0,0,0,5796,0,0,0,0,0,0,5796,0,0,0,0,221406
47,80,0,0,0,0,5796,0,0,0,0,0,0,5796,0,0,0,0,221406
47,81,0,0,0,0,5796,0,0,0,0,0,0,5796,0,0,0,0,221406
48,1,0,0,6468,0,0,0,0,6468,0,0,0,0,6468,0,0,0,223738
48,2,0,0,6468,0,0,0,0,6468,0,0,0,0,6468,0,0,0,223738
48,3,0,0,6468,0,0,0,0,6468,0,0,0,0,6468,0,0,0,223738
48,4,0,0,6468,0,0,0,0,6468,0,0,0,0,0,7392,0,0,221168
48,5,0,0,6468,0,0,0,0,6468,0,0,0,0,0,7392,0,0,221168
48,6,0,0,6468,0,0,0,0,6468,0,0,0,0,0,7392,0,0,221168
48,7,0,0,6468,0,0,0,0,6468,0,0,0,0,0,0,8151,0,229379
48,8,0,0,6468,0,0,0,0,6468,0,0,0,0,0,0,8151,0,229379
48,9,0,0,6468,0,0,0,0,6468,0,0,0,0,0,0,8151,0,229379
48,10,0,0,6468,0,0,0,0,0,7392,0,0,0,0,6468,0,0,223050
48,11,0,0,6468,0,0,0,0,0,7392,0,0,0,0,6468,0,0,223050
48,12,0,0,6468,0,0,0,0,0,7392,0,0,0,0,6468,0,0,223050
48,13,0,0,6468,0,0,0,0,0,7392,0,0,0,0,0,7392,0,235328
48,14,0,0,6468,0,0,0,0,0,7392,0,0,0,0,0,7392,0,235328
48,15,0,0,6468,0,0,0,0,0,7392,0,0,0,0,0,7392,0,235328
48,16,0,0,6468,0,0,0,0,0,7392,0,0,0,0,0,0,8151,260773
48,17,0,0,6468,0,0,0,0,0,7392,0,0,0,0,0,0,8151,260773
48,18,0,0,6468,0,0,0,0,0,7392,0,0,0,0,0,0,8151,260773
48,19,0,0,6468,0,0,0,0,0,0,8151,0,0,0,0,6468,0,231090
48,20,0,0,6468,0,0,0,0,0,0,8151,0,0,0,0,6468,0,231090
48,21,0,0,6468,0,0,0,0,0,0,8151,0,0,0,0,6468,0,231090
48,22,0,0,6468,0,0,0,0,0,0,8151,0,0,0,0,0,7392,260302
48,23,0,0,6468,0,0,0,0,0,0,8151,0,0,0,0,0,7392,260302
48,24,0,0,6468,0,0,0,0,0,0,8151,0,0,0,0,0,7392,260302
48,25,0,0,6468,0,0,0,0,0,0,8151,0,0,0,0,0,0,301672
48,26,0,0,6468,0,0,0,0,0,0,8151,0,0,0,0,0,0,301672
48,27,0,0,6468,0,0,0,0,0,0,8151,0,0,0,0,0,0,301672
48,28,0,0,0,7392,0,0,0,0,6468,0,0,0,0,6468,0,0,225813
48,29,0,0,0,7392,0,0,0,0,6468,0,0,0,0,6468,0,0,225813
48,30,0,0,0,7392,0,0,0,0,6468,0,0,0,0,6468,0,0,225813
48,31,0,0,0,7392,0,0,0,0,6468,0,0,0,0,0,7392,0,238091
48,32,0,0,0,7392,0,0,0,0,6468,0,0,0,0,0,7392,0,238091
48,33,0,0,0,7392,0,0,0,0,6468,0,0,0,0,0,7392,0,238091
48,34,0,0,0,7392,0,0,0,0,6468,0,0,0,0,0,0,8151,263536
48,35,0,0,0,7392,0,0,0,0,6468,0,0,0,0,0,0,8151,263536
48,36,0,0,0,7392,0,0,0,0,6468,0,0,0,0,0,0,8151,263536
48,37,0,0,0,7392,0,0,0,0,0,7392,0,0,0,0,6468,0,239830
48,38,0,0,0,7392,0,0,0,0,0,7392,0,0,0,0,6468,0,239830
48,39,0,0,0,7392,0,0,0,0,0,7392,0,0,0,0,6468,0,239830
48,40,0,0,0,7392,0,0,0,0,0,7392,0,0,0,0,0,7392,269042
48,41,0,0,0,7392,0,0,0,0,0,7392,0,0,0,0,0,7392,269042
48,42,0,0,0,7392,0,0,0,0,0,7392,0,0,0,0,0,7392,269042
48,43,0,0,0,7392,0,0,0,0,0,7392,0,0,0,0,0,0,310412
48,44,0,0,0,7392,0,0,0,0,0,7392,0,0,0,0,0,0,310412
48,45,0,0,0,7392,0,0,0,0,0,7392,0,0,0,0,0,0,310412
48,46,0,0,0,7392,0,0,0,0,0,0,8151,0,0,0,0,6468,265121
48,47,0,0,0,7392,0,0,0,0,0,0,8151,0,0,0,0,6468,265121
48,48,0,0,0,7392,0,0,0,0,0,0,8151,0,0,0,0,6468,265121
48,49,0,0,0,7392,0,0,0,0,0,0,8151,0,0,0,0,0,309978
48,50,0,0,0,7392,0,0,0,0,0,0,8151,0,0,0,0,0,309978
48,51,0,0,0,7392,0,0,0,0,0,0,8151,0,0,0,0,0,309978
48,52,0,0,0,7392,0,0,0,0,0,0,8151,0,0,0,0,0,309978
48,53,0,0,0,7392,0,0,0,0,0,0,8151,0,0,0,0,0,309978
48,54,0,0,0,7392,0,0,0,0,0,0,8151,0,0,0,0,0,309978
48,55,0,0,0,0,8151,0,0,0,0,6468,0,0,0,0,6468,0,233607
48,56,0,0,0,0,8151,0,0,0,0,6468,0,0,0,0,6468,0,233607
48,57,0,0,0,0,8151,0,0,0,0,6468,0,0,0,0,6468,0,233607
48,58,0,0,0,0,8151,0,0,0,0,6468,0,0,0,0,0,7392,262819
48,59,0,0,0,0,8151,0,0,0,0,6468,0,0,0,0,0,7392,262819
48,60,0,0,0,0,8151,0,0,0,0,6468,0,0,0,0,0,7392,262819
48,61,0,0,0,0,8151,0,0,0,0,6468,0,0,0,0,0,0,304189
48,62,0,0,0,0,8151,0,0,0,0,6468,0,0,0,0,0,0,304189
48,63,0,0,0,0,8151,0,0,0,0,6468,0,0,0,0,0,0,304189
48,64,0,0,0,0,8151,0,0,0,0,0,7392,0,0,0,0,6468,264432
48,65,0,0,0,0,8151,0,0,0,0,0,7392,0,0,0,0,6468,264432
48,66,0,0,0,0,8151,0,0,0,0,0,7392,0,0,0,0,6468,264432
48,67,0,0,0,0,8151,0,0,0,0,0,7392,0,0,0,0,0,309289
48,68,0,0,0,0,8151,0,0,0,0,0,7392,0,0,0,0,0,309289
48,69,0,0,0,0,8151,0,0,0,0,0,7392,0,0,0,0,0,309289
48,70,0,0,0,0,8151,0,0,0,0,0,7392,0,0,0,0,0,309289
48,71,0,0,0,0,8151,0,0,0,0,0,7392,0,0,0,0,0,309289
48,72,0,0,0,0,8151,0,0,0,0,0,7392,0,0,0,0,0,309289
48,73,0,0,0,0,8151,0,0,0,0,0,0,8151,0,0,0,0,305657
48,74,0,0,0,0,8151,0,0,0,0,0,0,8151,0,0,0,0,305657
48,75,0,0,0,0,8151,0,0,0,0,0,0,8151,0,0,0,0,305657
48,76,0,0,0,0,8151,0,0,0,0,0,0,8151,0,0,0,0,305657
48,77,0,0,0,0,8151,0,0,0,0,0,0,8151,0,0,0,0,305657
48,78,0,0,0,0,8151,0,0,0,0,0,0,8151,0,0,0,0,305657
48,79,0,0,0,0,8151,0,0,0,0,0,0,8151,0,0,0,0,305657
48,80,0,0,0,0,8151,0,0,0,0,0,0,8151,0,0,0,0,305657
48,81,0,0,0,0,8151,0,0,0,0,0,0,8151,0,0,0,0,305657
49,1,0,0,7600,0,0,0,0,7600,0,0,0,0,7600,0,0,0,248440
49,2,0,0,7600,0,0,0,0,7600,0,0,0,0,7600,0,0,0,248440
49,3,0,0,7600,0,0,0,0,7600,0,0,0,0,7600,0,0,0,248440
49,4,0,0,7600,0,0,0,0,7600,0,0,0,0,0,8760,0,0,247112
49,5,0,0,7600,0,0,0,0,7600,0,0,0,0,0,8760,0,0,247112
49,6,0,0,7600,0,0,0,0,7600,0,0,0,0,0,8760,0,0,247112
49,7,0,0,7600,0,0,0,0,7600,0,0,0,0,0,0,9680,0,257804
49,8,0,0,7600,0,0,0,0,7600,0,0,0,0,0,0,9680,0,257804
49,9,0,0,7600,0,0,0,0,7600,0,0,0,0,0,0,9680,0,257804
49,10,0,0,7600,0,0,0,0,0,8760,0,0,0,0,7600,0,0,250255
49,11,0,0,7600,0,0,0,0,0,8760,0,0,0,0,7600,0,0,250255
49,12,0,0,7600,0,0,0,0,0,8760,0,0,0,0,7600,0,0,250255
49,13,0,0,7600,0,0,0,0,0,8760,0,0,0,0,0,8760,0,266613
49,14,0,0,7600,0,0,0,0,0,8760,0,0,0,0,0,8760,0,266613
49,15,0,0,7600,0,0,0,0,0,8760,0,0,0,0,0,8760,0,266613
49,16,0,0,7600,0,0,0,0,0,8760,0,0,0,0,0,0,9680,297358
49,17,0,0,7600,0,0,0,0,0,8760,0,0,0,0,0,0,9680,297358
49,18,0,0,7600,0,0,0,0,0,8760,0,0,0,0,0,0,9680,297358
49,19,0,0,7600,0,0,0,0,0,0,9680,0,0,0,0,7600,0,261198
49,20,0,0,7600,0,0,0,0,0,0,9680,0,0,0,0,7600,0,261198
49,21,0,0,7600,0,0,0,0,0,0,9680,0,0,0,0,7600,0,261198
49,22,0,0,7600,0,0,0,0,0,0,9680,0,0,0,0,0,8760,297189
49,23,0,0,7600,0,0,0,0,0,0,9680,0,0,0,0,0,8760,297189
49,24,0,0,7600,0,0,0,0,0,0,9680,0,0,0,0,0,8760,297189
49,25,0,0,7600,0,0,0,0,0,0,9680,0,0,0,0,0,0,347451
49,26,0,0,7600,0,0,0,0,0,0,9680,0,0,0,0,0,0,347451
49,27,0,0,7600,0,0,0,0,0,0,9680,0,0,0,0,0,0,347451
49,28,0,0,0,8760,0,0,0,0,7600,0,0,0,0,7600,0,0,254874
49,29,0,0,0,8760,0,0,0,0,7600,0,0,0,0,7600,0,0,254874
49,30,0,0,0,8760,0,0,0,0,7600,0,0,0,0,7600,0,0,254874
49,31,0,0,0,8760,0,0,0,0,7600,0,0,0,0,0,8760,0,271232
49,32,0,0,0,8760,0,0,0,0,7600,0,0,0,0,0,8760,0,271232
49,33,0,0,0,8760,0,0,0,0,7600,0,0,0,0,0,8760,0,271232
49,34,0,0,0,8760,0,0,0,0,7600,0,0,0,0,0,0,9680,301977
49,35,0,0,0,8760,0,0,0,0,7600,0,0,0,0,0,0,9680,301977
49,36,0,0,0,8760,0,0,0,0,7600,0,0,0,0,0,0,9680,301977
49,37,0,0,0,8760,0,0,0,0,0,8760,0,0,0,0,7600,0,274141
49,38,0,0,0,8760,0,0,0,0,0,8760,0,0,0,0,7600,0,274141
49,39,0,0,0,8760,0,0,0,0,0,8760,0,0,0,0,7600,0,274141
49,40,0,0,0,8760,0,0,0,0,0,8760,0,0,0,0,0,8760,310132
49,41,0,0,0,8760,0,0,0,0,0,8760,0,0,0,0,0,8760,310132
49,42,0,0,0,8760,0,0,0,0,0,8760,0,0,0,0,0,8760,310132
49,43,0,0,0,8760,0,0,0,0,0,8760,0,0,0,0,0,0,360394
49,44,0,0,0,8760,0,0,0,0,0,8760,0,0,0,0,0,0,360394
49,45,0,0,0,8760,0,0,0,0,0,8760,0,0,0,0,0,0,360394
49,46,0,0,0,8760,0,0,0,0,0,0,9680,0,0,0,0,7600,305119
49,47,0,0,0,8760,0,0,0,0,0,0,9680,0,0,0,0,7600,305119
49,48,0,0,0,8760,0,0,0,0,0,0,9680,0,0,0,0,7600,305119
49,49,0,0,0,8760,0,0,0,0,0,0,9680,0,0,0,0,0,360238
49,50,0,0,0,8760,0,0,0,0,0,0,9680,0,0,0,0,0,360238
49,51,0,0,0,8760,0,0,0,0,0,0,9680,0,0,0,0,0,360238
49,52,0,0,0,8760,0,0,0,0,0,0,9680,0,0,0,0,0,360238
49,53,0,0,0,8760,0,0,0,0,0,0,9680,0,0,0,0,0,360238
49,54,0,0,0,8760,0,0,0,0,0,0,9680,0,0,0,0,0,360238
49,55,0,0,0,0,9680,0,0,0,0,7600,0,0,0,0,7600,0,266186
49,56,0,0,0,0,9680,0,0,0,0,7600,0,0,0,0,7600,0,266186
49,57,0,0,0,0,9680,0,0,0,0,7600,0,0,0,0,7600,0,266186
49,58,0,0,0,0,9680,0,0,0,0,7600,0,0,0,0,0,8760,302177
49,59,0,0,0,0,9680,0,0,0,0,7600,0,0,0,0,0,8760,302177
49,60,0,0,0,0,9680,0,0,0,0,7600,0,0,0,0,0,8760,302177
49,61,0,0,0,0,9680,0,0,0,0,7600,0,0,0,0,0,0,352439
49,62,0,0,0,0,9680,0,0,0,0,7600,0,0,0,0,0,0,352439
49,63,0,0,0,0,9680,0,0,0,0,7600,0,0,0,0,0,0,352439
49,64,0,0,0,0,9680,0,0,0,0,0,8760,0,0,0,0,7600,304871
49,65,0,0,0,0,9680,0,0,0,0,0,8760,0,0,0,0,7600,304871
49,66,0,0,0,0,9680,0,0,0,0,0,8760,0,0,0,0,7600,304871
49,67,0,0,0,0,9680,0,0,0,0,0,8760,0,0,0,0,0,359990
49,68,0,0,0,0,9680,0,0,0,0,0,8760,0,0,0,0,0,359990
49,69,0,0,0,0,9680,0,0,0,0,0,8760,0,0,0,0,0,359990
49,70,0,0,0,0,9680,0,0,0,0,0,8760,0,0,0,0,0,359990
49,71,0,0,0,0,9680,0,0,0,0,0,8760,0,0,0,0,0,359990
49,72,0,0,0,0,9680,0,0,0,0,0,8760,0,0,0,0,0,359990
49,73,0,0,0,0,9680,0,0,0,0,0,0,9680,0,0,0,0,355350
49,74,0,0,0,0,9680,0,0,0,0,0,0,9680,0,0,0,0,355350
49,75,0,0,0,0,9680,0,0,0,0,0,0,9680,0,0,0,0,355350
49,76,0,0,0,0,9680,0,0,0,0,0,0,9680,0,0,0,0,355350
49,77,0,0,0,0,9680,0,0,0,0,0,0,9680,0,0,0,0,355350
49,78,0,0,0,0,9680,0,0,0,0,0,0,9680,0,0,0,0,355350
49,79,0,0,0,0,9680,0,0,0,0,0,0,9680,0,0,0,0,355350
49,80,0,0,0,0,9680,0,0,0,0,0,0,9680,0,0,0,0,355350
49,81,0,0,0,0,9680,0,0,0,0,0,0,9680,0,0,0,0,355350
50,1,0,0,7095,0,0,0,0,7095,0,0,0,0,7095,0,0,0,165142
50,2,0,0,7095,0,0,0,0,7095,0,0,0,0,7095,0,0,0,165142
50,3,0,0,7095,0,0,0,0,7095,0,0,0,0,7095,0,0,0,165142
50,4,0,0,7095,0,0,0,0,7095,0,0,0,0,0,8385,0,0,169226
50,5,0,0,7095,0,0,0,0,7095,0,0,0,0,0,8385,0,0,169226
50,6,0,0,7095,0,0,0,0,7095,0,0,0,0,0,8385,0,0,169226
50,7,0,0,7095,0,0,0,0,7095,0,0,0,0,0,0,9417,0,184865
50,8,0,0,7095,0,0,0,0,7095,0,0,0,0,0,0,9417,0,184865
50,9,0,0,7095,0,0,0,0,7095,0,0,0,0,0,0,9417,0,184865
50,10,0,0,7095,0,0,0,0,0,8385,0,0,0,0,7095,0,0,175300
50,11,0,0,7095,0,0,0,0,0,8385,0,0,0,0,7095,0,0,175300
50,12,0,0,7095,0,0,0,0,0,8385,0,0,0,0,7095,0,0,175300
50,13,0,0,7095,0,0,0,0,0,8385,0,0,0,0,0,8385,0,197087
50,14,0,0,7095,0,0,0,0,0,8385,0,0,0,0,0,8385,0,197087
50,15,0,0,7095,0,0,0,0,0,8385,0,0,0,0,0,8385,0,197087
50,16,0,0,7095,0,0,0,0,0,8385,0,0,0,0,0,0,9417,230485
50,17,0,0,7095,0,0,0,0,0,8385,0,0,0,0,0,0,9417,230485
50,18,0,0,7095,0,0,0,0,0,8385,0,0,0,0,0,0,9417,230485
50,19,0,0,7095,0,0,0,0,0,0,9417,0,0,0,0,7095,0,193676
50,20,0,0,7095,0,0,0,0,0,0,9417,0,0,0,0,7095,0,193676
50,21,0,0,7095,0,0,0,0,0,0,9417,0,0,0,0,7095,0,193676
50,22,0,0,7095,0,0,0,0,0,0,9417,0,0,0,0,0,8385,232768
50,23,0,0,7095,0,0,0,0,0,0,9417,0,0,0,0,0,8385,232768
50,24,0,0,7095,0,0,0,0,0,0,9417,0,0,0,0,0,8385,232768
50,25,0,0,7095,0,0,0,0,0,0,9417,0,0,0,0,0,0,288257
50,26,0,0,7095,0,0,0,0,0,0,9417,0,0,0,0,0,0,288257
50,27,0,0,7095,0,0,0,0,0,0,9417,0,0,0,0,0,0,288257
50,28,0,0,0,8385,0,0,0,0,7095,0,0,0,0,7095,0,0,184224
50,29,0,0,0,8385,0,0,0,0,7095,0,0,0,0,7095,0,0,184224
50,30,0,0,0,8385,0,0,0,0,7095,0,0,0,0,7095,0,0,184224
50,31,0,0,0,8385,0,0,0,0,7095,0,0,0,0,0,8385,0,206011
50,32,0,0,0,8385,0,0,0,0,7095,0,0,0,0,0,8385,0,206011
50,33,0,0,0,8385,0,0,0,0,7095,0,0,0,0,0,8385,0,206011
50,34,0,0,0,8385,0,0,0,0,7095,0,0,0,0,0,0,9417,239409
50,35,0,0,0,8385,0,0,0,0,7095,0,0,0,0,0,0,9417,239409
50,36,0,0,0,8385,0,0,0,0,7095,0,0,0,0,0,0,9417,239409
50,37,0,0,0,8385,0,0,0,0,0,8385,0,0,0,0,7095,0,211635
50,38,0,0,0,8385,0,0,0,0,0,8385,0,0,0,0,7095,0,211635
50,39,0,0,0,8385,0,0,0,0,0,8385,0,0,0,0,7095,0,211635
50,40,0,0,0,8385,0,0,0,0,0,8385,0,0,0,0,0,8385,250727
50,41,0,0,0,8385,0,0,0,0,0,8385,0,0,0,0,0,8385,250727
50,42,0,0,0,8385,0,0,0,0,0,8385,0,0,0,0,0,8385,250727
50,43,0,0,0,8385,0,0,0,0,0,8385,0,0,0,0,0,0,306216
50,44,0,0,0,8385,0,0,0,0,0,8385,0,0,0,0,0,0,306216
50,45,0,0,0,8385,0,0,0,0,0,8385,0,0,0,0,0,0,306216
50,46,0,0,0,8385,0,0,0,0,0,0,9417,0,0,0,0,7095,247567
50,47,0,0,0,8385,0,0,0,0,0,0,9417,0,0,0,0,7095,247567
50,48,0,0,0,8385,0,0,0,0,0,0,9417,0,0,0,0,7095,247567
50,49,0,0,0,8385,0,0,0,0,0,0,9417,0,0,0,0,0,308328
50,50,0,0,0,8385,0,0,0,0,0,0,9417,0,0,0,0,0,308328
50,51,0,0,0,8385,0,0,0,0,0,0,9417,0,0,0,0,0,308328
50,52,0,0,0,8385,0,0,0,0,0,0,9417,0,0,0,0,0,308328
50,53,0,0,0,8385,0,0,0,0,0,0,9417,0,0,0,0,0,308328
50,54,0,0,0,8385,0,0,0,0,0,0,9417,0,0,0,0,0,308328
50,55,0,0,0,0,9417,0,0,0,0,7095,0,0,0,0,7095,0,206622
50,56,0,0,0,0,9417,0,0,0,0,7095,0,0,0,0,7095,0,206622
50,57,0,0,0,0,9417,0,0,0,0,7095,0,0,0,0,7095,0,206622
50,58,0,0,0,0,9417,0,0,0,0,7095,0,0,0,0,0,8385,245714
50,59,0,0,0,0,9417,0,0,0,0,7095,0,0,0,0,0,8385,245714
50,60,0,0,0,0,9417,0,0,0,0,7095,0,0,0,0,0,8385,245714
50,61,0,0,0,0,9417,0,0,0,0,7095,0,0,0,0,0,0,301203
50,62,0,0,0,0,9417,0,0,0,0,7095,0,0,0,0,0,0,301203
50,63,0,0,0,0,9417,0,0,0,0,7095,0,0,0,0,0,0,301203
50,64,0,0,0,0,9417,0,0,0,0,0,8385,0,0,0,0,7095,250919
50,65,0,0,0,0,9417,0,0,0,0,0,8385,0,0,0,0,7095,250919
50,66,0,0,0,0,9417,0,0,0,0,0,8385,0,0,0,0,7095,250919
50,67,0,0,0,0,9417,0,0,0,0,0,8385,0,0,0,0,0,311680
50,68,0,0,0,0,9417,0,0,0,0,0,8385,0,0,0,0,0,311680
50,69,0,0,0,0,9417,0,0,0,0,0,8385,0,0,0,0,0,311680
50,70,0,0,0,0,9417,0,0,0,0,0,8385,0,0,0,0,0,311680
50,71,0,0,0,0,9417,0,0,0,0,0,8385,0,0,0,0,0,311680
50,72,0,0,0,0,9417,0,0,0,0,0,8385,0,0,0,0,0,311680
50,73,0,0,0,0,9417,0,0,0,0,0,0,9417,0,0,0,0,308755
50,74,0,0,0,0,9417,0,0,0,0,0,0,9417,0,0,0,0,308755
50,75,0,0,0,0,9417,0,0,0,0,0,0,9417,0,0,0,0,308755
50,76,0,0,0,0,9417,0,0,0,0,0,0,9417,0,0,0,0,308755
50,77,0,0,0,0,9417,0,0,0,0,0,0,9417,0,0,0,0,308755
50,78,0,0,0,0,9417,0,0,0,0,0,0,9417,0,0,0,0,308755
50,79,0,0,0,0,9417,0,0,0,0,0,0,9417,0,0,0,0,308755
50,80,0,0,0,0,9417,0,0,0,0,0,0,9417,0,0,0,0,308755
50,81,0,0,0,0,9417,0,0,0,0,0,0,9417,0,0,0,0,308755
51,1,0,0,3020,0,0,0,0,3020,0,0,0,0,3020,0,0,0,50321
51,2,0,0,3020,0,0,0,0,3020,0,0,0,0,3020,0,0,0,50321
51,3,0,0,3020,0,0,0,0,3020,0,0,0,0,3020,0,0,0,50321
51,4,0,0,3020,0,0,0,0,3020,0,0,0,0,0,3620,0,0,53390
51,5,0,0,3020,0,0,0,0,3020,0,0,0,0,0,3620,0,0,53390
51,6,0,0,3020,0,0,0,0,3020,0,0,0,0,0,3620,0,0,53390
51,7,0,0,3020,0,0,0,0,3020,0,0,0,0,0,0,4100,0,61513
51,8,0,0,3020,0,0,0,0,3020,0,0,0,0,0,0,4100,0,61513
51,9,0,0,3020,0,0,0,0,3020,0,0,0,0,0,0,4100,0,61513
51,10,0,0,3020,0,0,0,0,0,3620,0,0,0,0,3020,0,0,56821
51,11,0,0,3020,0,0,0,0,0,3620,0,0,0,0,3020,0,0,56821
51,12,0,0,3020,0,0,0,0,0,3620,0,0,0,0,3020,0,0,56821
51,13,0,0,3020,0,0,0,0,0,3620,0,0,0,0,0,3620,0,67804
51,14,0,0,3020,0,0,0,0,0,3620,0,0,0,0,0,3620,0,67804
51,15,0,0,3020,0,0,0,0,0,3620,0,0,0,0,0,3620,0,67804
51,16,0,0,3020,0,0,0,0,0,3620,0,0,0,0,0,0,4100,83282
51,17,0,0,3020,0,0,0,0,0,3620,0,0,0,0,0,0,4100,83282
51,18,0,0,3020,0,0,0,0,0,3620,0,0,0,0,0,0,4100,83282
51,19,0,0,3020,0,0,0,0,0,0,4100,0,0,0,0,3020,0,66778
51,20,0,0,3020,0,0,0,0,0,0,4100,0,0,0,0,3020,0,66778
51,21,0,0,3020,0,0,0,0,0,0,4100,0,0,0,0,3020,0,66778
51,22,0,0,3020,0,0,0,0,0,0,4100,0,0,0,0,0,3620,84904
51,23,0,0,3020,0,0,0,0,0,0,4100,0,0,0,0,0,3620,84904
51,24,0,0,3020,0,0,0,0,0,0,4100,0,0,0,0,0,3620,84904
51,25,0,0,3020,0,0,0,0,0,0,4100,0,0,0,0,0,0,110982
51,26,0,0,3020,0,0,0,0,0,0,4100,0,0,0,0,0,0,110982
51,27,0,0,3020,0,0,0,0,0,0,4100,0,0,0,0,0,0,110982
51,28,0,0,0,3620,0,0,0,0,3020,0,0,0,0,3020,0,0,61860
51,29,0,0,0,3620,0,0,0,0,3020,0,0,0,0,3020,0,0,61860
51,30,0,0,0,3620,0,0,0,0,3020,0,0,0,0,3020,0,0,61860
51,31,0,0,0,3620,0,0,0,0,3020,0,0,0,0,0,3620,0,72843
51,32,0,0,0,3620,0,0,0,0,3020,0,0,0,0,0,3620,0,72843
51,33,0,0,0,3620,0,0,0,0,3020,0,0,0,0,0,3620,0,72843
51,34,0,0,0,3620,0,0,0,0,3020,0,0,0,0,0,0,4100,88321
51,35,0,0,0,3620,0,0,0,0,3020,0,0,0,0,0,0,4100,88321
51,36,0,0,0,3620,0,0,0,0,3020,0,0,0,0,0,0,4100,88321
51,37,0,0,0,3620,0,0,0,0,0,3620,0,0,0,0,3020,0,76019
51,38,0,0,0,3620,0,0,0,0,0,3620,0,0,0,0,3020,0,76019
51,39,0,0,0,3620,0,0,0,0,0,3620,0,0,0,0,3020,0,76019
51,40,0,0,0,3620,0,0,0,0,0,3620,0,0,0,0,0,3620,94145
51,41,0,0,0,3620,0,0,0,0,0,3620,0,0,0,0,0,3620,94145
51,42,0,0,0,3620,0,0,0,0,0,3620,0,0,0,0,0,3620,94145
51,43,0,0,0,3620,0,0,0,0,0,3620,0,0,0,0,0,0,120223
51,44,0,0,0,3620,0,0,0,0,0,3620,0,0,0,0,0,0,120223
51,45,0,0,0,3620,0,0,0,0,0,3620,0,0,0,0,0,0,120223
51,46,0,0,0,3620,0,0,0,0,0,0,4100,0,0,0,0,3020,93195
51,47,0,0,0,3620,0,0,0,0,0,0,4100,0,0,0,0,3020,93195
51,48,0,0,0,3620,0,0,0,0,0,0,4100,0,0,0,0,3020,93195
51,49,0,0,0,3620,0,0,0,0,0,0,4100,0,0,0,0,0,121725
51,50,0,0,0,3620,0,0,0,0,0,0,4100,0,0,0,0,0,121725
51,51,0,0,0,3620,0,0,0,0,0,0,4100,0,0,0,0,0,121725
51,52,0,0,0,3620,0,0,0,0,0,0,4100,0,0,0,0,0,121725
51,53,0,0,0,3620,0,0,0,0,0,0,4100,0,0,0,0,0,121725
51,54,0,0,0,3620,0,0,0,0,0,0,4100,0,0,0,0,0,121725
51,55,0,0,0,0,4100,0,0,0,0,3020,0,0,0,0,3020,0,74510
51,56,0,0,0,0,4100,0,0,0,0,3020,0,0,0,0,3020,0,74510
51,57,0,0,0,0,4100,0,0,0,0,3020,0,0,0,0,3020,0,74510
51,58,0,0,0,0,4100,0,0,0,0,3020,0,0,0,0,0,3620,92636
51,59,0,0,0,0,4100,0,0,0,0,3020,0,0,0,0,0,3620,92636
51,60,0,0,0,0,4100,0,0,0,0,3020,0,0,0,0,0,3620,92636
51,61,0,0,0,0,4100,0,0,0,0,3020,0,0,0,0,0,0,118714
51,62,0,0,0,0,4100,0,0,0,0,3020,0,0,0,0,0,0,118714
51,63,0,0,0,0,4100,0,0,0,0,3020,0,0,0,0,0,0,118714
51,64,0,0,0,0,4100,0,0,0,0,0,3620,0,0,0,0,3020,95578
51,65,0,0,0,0,4100,0,0,0,0,0,3620,0,0,0,0,3020,95578
51,66,0,0,0,0,4100,0,0,0,0,0,3620,0,0,0,0,3020,95578
51,67,0,0,0,0,4100,0,0,0,0,0,3620,0,0,0,0,0,124108
51,68,0,0,0,0,4100,0,0,0,0,0,3620,0,0,0,0,0,124108
51,69,0,0,0,0,4100,0,0,0,0,0,3620,0,0,0,0,0,124108
51,70,0,0,0,0,4100,0,0,0,0,0,3620,0,0,0,0,0,124108
51,71,0,0,0,0,4100,0,0,0,0,0,3620,0,0,0,0,0,124108
51,72,0,0,0,0,4100,0,0,0,0,0,3620,0,0,0,0,0,124108
51,73,0,0,0,0,4100,0,0,0,0,0,0,4100,0,0,0,0,123227
51,74,0,0,0,0,4100,0,0,0,0,0,0,4100,0,0,0,0,123227
51,75,0,0,0,0,4100,0,0,0,0,0,0,4100,0,0,0,0,123227
51,76,0,0,0,0,4100,0,0,0,0,0,0,4100,0,0,0,0,123227
51,77,0,0,0,0,4100,0,0,0,0,0,0,4100,0,0,0,0,123227
51,78,0,0,0,0,4100,0,0,0,0,0,0,4100,0,0,0,0,123227
51,79,0,0,0,0,4100,0,0,0,0,0,0,4100,0,0,0,0,123227
51,80,0,0,0,0,4100,0,0,0,0,0,0,4100,0,0,0,0,123227
51,81,0,0,0,0,4100,0,0,0,0,0,0,4100,0,0,0,0,123227
52,1,0,0,3473,0,0,0,0,3473,0,0,0,0,3473,0,0,0,57872
52,2,0,0,3473,0,0,0,0,3473,0,0,0,0,3473,0,0,0,57872
52,3,0,0,3473,0,0,0,0,3473,0,0,0,0,3473,0,0,0,57872
52,4,0,0,3473,0,0,0,0,3473,0,0,0,0,0,4163,0,0,61403
52,5,0,0,3473,0,0,0,0,3473,0,0,0,0,0,4163,0,0,61403
52,6,0,0,3473,0,0,0,0,3473,0,0,0,0,0,4163,0,0,61403
52,7,0,0,3473,0,0,0,0,3473,0,0,0,0,0,0,4715,0,70744
52,8,0,0,3473,0,0,0,0,3473,0,0,0,0,0,0,4715,0,70744
52,9,0,0,3473,0,0,0,0,3473,0,0,0,0,0,0,4715,0,70744
52,10,0,0,3473,0,0,0,0,0,4163,0,0,0,0,3473,0,0,65348
52,11,0,0,3473,0,0,0,0,0,4163,0,0,0,0,3473,0,0,65348
52,12,0,0,3473,0,0,0,0,0,4163,0,0,0,0,3473,0,0,65348
52,13,0,0,3473,0,0,0,0,0,4163,0,0,0,0,0,4163,0,77977
52,14,0,0,3473,0,0,0,0,0,4163,0,0,0,0,0,4163,0,77977
52,15,0,0,3473,0,0,0,0,0,4163,0,0,0,0,0,4163,0,77977
52,16,0,0,3473,0,0,0,0,0,4163,0,0,0,0,0,0,4715,95777
52,17,0,0,3473,0,0,0,0,0,4163,0,0,0,0,0,0,4715,95777
52,18,0,0,3473,0,0,0,0,0,4163,0,0,0,0,0,0,4715,95777
52,19,0,0,3473,0,0,0,0,0,0,4715,0,0,0,0,3473,0,76796
52,20,0,0,3473,0,0,0,0,0,0,4715,0,0,0,0,3473,0,76796
52,21,0,0,3473,0,0,0,0,0,0,4715,0,0,0,0,3473,0,76796
52,22,0,0,3473,0,0,0,0,0,0,4715,0,0,0,0,0,4163,97641
52,23,0,0,3473,0,0,0,0,0,0,4715,0,0,0,0,0,4163,97641
52,24,0,0,3473,0,0,0,0,0,0,4715,0,0,0,0,0,4163,97641
52,25,0,0,3473,0,0,0,0,0,0,4715,0,0,0,0,0,0,127630
52,26,0,0,3473,0,0,0,0,0,0,4715,0,0,0,0,0,0,127630
52,27,0,0,3473,0,0,0,0,0,0,4715,0,0,0,0,0,0,127630
52,28,0,0,0,4163,0,0,0,0,3473,0,0,0,0,3473,0,0,71145
52,29,0,0,0,4163,0,0,0,0,3473,0,0,0,0,3473,0,0,71145
52,30,0,0,0,4163,0,0,0,0,3473,0,0,0,0,3473,0,0,71145
52,31,0,0,0,4163,0,0,0,0,3473,0,0,0,0,0,4163,0,83774
52,32,0,0,0,4163,0,0,0,0,3473,0,0,0,0,0,4163,0,83774
52,33,0,0,0,4163,0,0,0,0,3473,0,0,0,0,0,4163,0,83774
52,34,0,0,0,4163,0,0,0,0,3473,0,0,0,0,0,0,4715,101574
52,35,0,0,0,4163,0,0,0,0,3473,0,0,0,0,0,0,4715,101574
52,36,0,0,0,4163,0,0,0,0,3473,0,0,0,0,0,0,4715,101574
52,37,0,0,0,4163,0,0,0,0,0,4163,0,0,0,0,3473,0,87425
52,38,0,0,0,4163,0,0,0,0,0,4163,0,0,0,0,3473,0,87425
52,39,0,0,0,4163,0,0,0,0,0,4163,0,0,0,0,3473,0,87425
52,40,0,0,0,4163,0,0,0,0,0,4163,0,0,0,0,0,4163,108270
52,41,0,0,0,4163,0,0,0,0,0,4163,0,0,0,0,0,4163,108270
52,42,0,0,0,4163,0,0,0,0,0,4163,0,0,0,0,0,4163,108270
52,43,0,0,0,4163,0,0,0,0,0,4163,0,0,0,0,0,0,138259
52,44,0,0,0,4163,0,0,0,0,0,4163,0,0,0,0,0,0,138259
52,45,0,0,0,4163,0,0,0,0,0,4163,0,0,0,0,0,0,138259
52,46,0,0,0,4163,0,0,0,0,0,0,4715,0,0,0,0,3473,107175
52,47,0,0,0,4163,0,0,0,0,0,0,4715,0,0,0,0,3473,107175
52,48,0,0,0,4163,0,0,0,0,0,0,4715,0,0,0,0,3473,107175
52,49,0,0,0,4163,0,0,0,0,0,0,4715,0,0,0,0,0,139984
52,50,0,0,0,4163,0,0,0,0,0,0,4715,0,0,0,0,0,139984
52,51,0,0,0,4163,0,0,0,0,0,0,4715,0,0,0,0,0,139984
52,52,0,0,0,4163,0,0,0,0,0,0,4715,0,0,0,0,0,139984
52,53,0,0,0,4163,0,0,0,0,0,0,4715,0,0,0,0,0,139984
52,54,0,0,0,4163,0,0,0,0,0,0,4715,0,0,0,0,0,139984
52,55,0,0,0,0,4715,0,0,0,0,3473,0,0,0,0,3473,0,85691
52,56,0,0,0,0,4715,0,0,0,0,3473,0,0,0,0,3473,0,85691
52,57,0,0,0,0,4715,0,0,0,0,3473,0,0,0,0,3473,0,85691
52,58,0,0,0,0,4715,0,0,0,0,3473,0,0,0,0,0,4163,106536
52,59,0,0,0,0,4715,0,0,0,0,3473,0,0,0,0,0,4163,106536
52,60,0,0,0,0,4715,0,0,0,0,3473,0,0,0,0,0,4163,106536
52,61,0,0,0,0,4715,0,0,0,0,3473,0,0,0,0,0,0,136525
52,62,0,0,0,0,4715,0,0,0,0,3473,0,0,0,0,0,0,136525
52,63,0,0,0,0,4715,0,0,0,0,3473,0,0,0,0,0,0,136525
52,64,0,0,0,0,4715,0,0,0,0,0,4163,0,0,0,0,3473,109915
52,65,0,0,0,0,4715,0,0,0,0,0,4163,0,0,0,0,3473,109915
52,66,0,0,0,0,4715,0,0,0,0,0,4163,0,0,0,0,3473,109915
52,67,0,0,0,0,4715,0,0,0,0,0,4163,0,0,0,0,0,142724
52,68,0,0,0,0,4715,0,0,0,0,0,4163,0,0,0,0,0,142724
52,69,0,0,0,0,4715,0,0,0,0,0,4163,0,0,0,0,0,142724
52,70,0,0,0,0,4715,0,0,0,0,0,4163,0,0,0,0,0,142724
52,71,0,0,0,0,4715,0,0,0,0,0,4163,0,0,0,0,0,142724
52,72,0,0,0,0,4715,0,0,0,0,0,4163,0,0,0,0,0,142724
52,73,0,0,0,0,4715,0,0,0,0,0,0,4715,0,0,0,0,141713
52,74,0,0,0,0,4715,0,0,0,0,0,0,4715,0,0,0,0,141713
52,75,0,0,0,0,4715,0,0,0,0,0,0,4715,0,0,0,0,141713
52,76,0,0,0,0,4715,0,0,0,0,0,0,4715,0,0,0,0,141713
52,77,0,0,0,0,4715,0,0,0,0,0,0,4715,0,0,0,0,141713
52,78,0,0,0,0,4715,0,0,0,0,0,0,4715,0,0,0,0,141713
52,79,0,0,0,0,4715,0,0,0,0,0,0,4715,0,0,0,0,141713
52,80,0,0,0,0,4715,0,0,0,0,0,0,4715,0,0,0,0,141713
52,81,0,0,0,0,4715,0,0,0,0,0,0,4715,0,0,0,0,141713
53,1,0,0,6942,0,0,0,0,6942,0,0,0,0,6942,0,0,0,197855
53,2,0,0,6942,0,0,0,0,6942,0,0,0,0,6942,0,0,0,197855
53,3,0,0,6942,0,0,0,0,6942,0,0,0,0,6942,0,0,0,197855
53,4,0,0,6942,0,0,0,0,6942,0,0,0,0,0,8073,0,0,198616
53,5,0,0,6942,0,0,0,0,6942,0,0,0,0,0,8073,0,0,198616
53,6,0,0,6942,0,0,0,0,6942,0,0,0,0,0,8073,0,0,198616
53,7,0,0,6942,0,0,0,0,6942,0,0,0,0,0,0,9009,0,211253
53,8,0,0,6942,0,0,0,0,6942,0,0,0,0,0,0,9009,0,211253
53,9,0,0,6942,0,0,0,0,6942,0,0,0,0,0,0,9009,0,211253
53,10,0,0,6942,0,0,0,0,0,8073,0,0,0,0,6942,0,0,202692
53,11,0,0,6942,0,0,0,0,0,8073,0,0,0,0,6942,0,0,202692
53,12,0,0,6942,0,0,0,0,0,8073,0,0,0,0,6942,0,0,202692
53,13,0,0,6942,0,0,0,0,0,8073,0,0,0,0,0,8073,0,220189
53,14,0,0,6942,0,0,0,0,0,8073,0,0,0,0,0,8073,0,220189
53,15,0,0,6942,0,0,0,0,0,8073,0,0,0,0,0,8073,0,220189
53,16,0,0,6942,0,0,0,0,0,8073,0,0,0,0,0,0,9009,250687
53,17,0,0,6942,0,0,0,0,0,8073,0,0,0,0,0,0,9009,250687
53,18,0,0,6942,0,0,0,0,0,8073,0,0,0,0,0,0,9009,250687
53,19,0,0,6942,0,0,0,0,0,0,9009,0,0,0,0,6942,0,216822
53,20,0,0,6942,0,0,0,0,0,0,9009,0,0,0,0,6942,0,216822
53,21,0,0,6942,0,0,0,0,0,0,9009,0,0,0,0,6942,0,216822
53,22,0,0,6942,0,0,0,0,0,0,9009,0,0,0,0,0,8073,251820
53,23,0,0,6942,0,0,0,0,0,0,9009,0,0,0,0,0,8073,251820
53,24,0,0,6942,0,0,0,0,0,0,9009,0,0,0,0,0,8073,251820
53,25,0,0,6942,0,0,0,0,0,0,9009,0,0,0,0,0,0,301714
53,26,0,0,6942,0,0,0,0,0,0,9009,0,0,0,0,0,0,301714
53,27,0,0,6942,0,0,0,0,0,0,9009,0,0,0,0,0,0,301714
53,28,0,0,0,8073,0,0,0,0,6942,0,0,0,0,6942,0,0,208681
53,29,0,0,0,8073,0,0,0,0,6942,0,0,0,0,6942,0,0,208681
53,30,0,0,0,8073,0,0,0,0,6942,0,0,0,0,6942,0,0,208681
53,31,0,0,0,8073,0,0,0,0,6942,0,0,0,0,0,8073,0,226178
53,32,0,0,0,8073,0,0,0,0,6942,0,0,0,0,0,8073,0,226178
53,33,0,0,0,8073,0,0,0,0,6942,0,0,0,0,0,8073,0,226178
53,34,0,0,0,8073,0,0,0,0,6942,0,0,0,0,0,0,9009,256676
53,35,0,0,0,8073,0,0,0,0,6942,0,0,0,0,0,0,9009,256676
53,36,0,0,0,8073,0,0,0,0,6942,0,0,0,0,0,0,9009,256676
53,37,0,0,0,8073,0,0,0,0,0,8073,0,0,0,0,6942,0,229952
53,38,0,0,0,8073,0,0,0,0,0,8073,0,0,0,0,6942,0,229952
53,39,0,0,0,8073,0,0,0,0,0,8073,0,0,0,0,6942,0,229952
53,40,0,0,0,8073,0,0,0,0,0,8073,0,0,0,0,0,8073,264950
53,41,0,0,0,8073,0,0,0,0,0,8073,0,0,0,0,0,8073,264950
53,42,0,0,0,8073,0,0,0,0,0,8073,0,0,0,0,0,8073,264950
53,43,0,0,0,8073,0,0,0,0,0,8073,0,0,0,0,0,0,314844
53,44,0,0,0,8073,0,0,0,0,0,8073,0,0,0,0,0,0,314844
53,45,0,0,0,8073,0,0,0,0,0,8073,0,0,0,0,0,0,314844
53,46,0,0,0,8073,0,0,0,0,0,0,9009,0,0,0,0,6942,261832
53,47,0,0,0,8073,0,0,0,0,0,0,9009,0,0,0,0,6942,261832
53,48,0,0,0,8073,0,0,0,0,0,0,9009,0,0,0,0,6942,261832
53,49,0,0,0,8073,0,0,0,0,0,0,9009,0,0,0,0,0,315893
53,50,0,0,0,8073,0,0,0,0,0,0,9009,0,0,0,0,0,315893
53,51,0,0,0,8073,0,0,0,0,0,0,9009,0,0,0,0,0,315893
53,52,0,0,0,8073,0,0,0,0,0,0,9009,0,0,0,0,0,315893
53,53,0,0,0,8073,0,0,0,0,0,0,9009,0,0,0,0,0,315893
53,54,0,0,0,8073,0,0,0,0,0,0,9009,0,0,0,0,0,315893
53,55,0,0,0,0,9009,0,0,0,0,6942,0,0,0,0,6942,0,225004
53,56,0,0,0,0,9009,0,0,0,0,6942,0,0,0,0,6942,0,225004
53,57,0,0,0,0,9009,0,0,0,0,6942,0,0,0,0,6942,0,225004
53,58,0,0,0,0,9009,0,0,0,0,6942,0,0,0,0,0,8073,260002
53,59,0,0,0,0,9009,0,0,0,0,6942,0,0,0,0,0,8073,260002
53,60,0,0,0,0,9009,0,0,0,0,6942,0,0,0,0,0,8073,260002
53,61,0,0,0,0,9009,0,0,0,0,6942,0,0,0,0,0,0,309896
53,62,0,0,0,0,9009,0,0,0,0,6942,0,0,0,0,0,0,309896
53,63,0,0,0,0,9009,0,0,0,0,6942,0,0,0,0,0,0,309896
53,64,0,0,0,0,9009,0,0,0,0,0,8073,0,0,0,0,6942,263496
53,65,0,0,0,0,9009,0,0,0,0,0,8073,0,0,0,0,6942,263496
53,66,0,0,0,0,9009,0,0,0,0,0,8073,0,0,0,0,6942,263496
53,67,0,0,0,0,9009,0,0,0,0,0,8073,0,0,0,0,0,317557
53,68,0,0,0,0,9009,0,0,0,0,0,8073,0,0,0,0,0,317557
53,69,0,0,0,0,9009,0,0,0,0,0,8073,0,0,0,0,0,317557
53,70,0,0,0,0,9009,0,0,0,0,0,8073,0,0,0,0,0,317557
53,71,0,0,0,0,9009,0,0,0,0,0,8073,0,0,0,0,0,317557
53,72,0,0,0,0,9009,0,0,0,0,0,8073,0,0,0,0,0,317557
53,73,0,0,0,0,9009,0,0,0,0,0,0,9009,0,0,0,0,314670
53,74,0,0,0,0,9009,0,0,0,0,0,0,9009,0,0,0,0,314670
53,75,0,0,0,0,9009,0,0,0,0,0,0,9009,0,0,0,0,314670
53,76,0,0,0,0,9009,0,0,0,0,0,0,9009,0,0,0,0,314670
53,77,0,0,0,0,9009,0,0,0,0,0,0,9009,0,0,0,0,314670
53,78,0,0,0,0,9009,0,0,0,0,0,0,9009,0,0,0,0,314670
53,79,0,0,0,0,9009,0,0,0,0,0,0,9009,0,0,0,0,314670
53,80,0,0,0,0,9009,0,0,0,0,0,0,9009,0,0,0,0,314670
53,81,0,0,0,0,9009,0,0,0,0,0,0,9009,0,0,0,0,314670
54,1,0,0,6600,0,0,0,0,6600,0,0,0,0,6600,0,0,0,153625
54,2,0,0,6600,0,0,0,0,6600,0,0,0,0,6600,0,0,0,153625
54,3,0,0,6600,0,0,0,0,6600,0,0,0,0,6600,0,0,0,153625
54,4,0,0,6600,0,0,0,0,6600,0,0,0,0,0,7800,0,0,157422
54,5,0,0,6600,0,0,0,0,6600,0,0,0,0,0,7800,0,0,157422
54,6,0,0,6600,0,0,0,0,6600,0,0,0,0,0,7800,0,0,157422
54,7,0,0,6600,0,0,0,0,6600,0,0,0,0,0,0,8760,0,171971
54,8,0,0,6600,0,0,0,0,6600,0,0,0,0,0,0,8760,0,171971
54,9,0,0,6600,0,0,0,0,6600,0,0,0,0,0,0,8760,0,171971
54,10,0,0,6600,0,0,0,0,0,7800,0,0,0,0,6600,0,0,163071
54,11,0,0,6600,0,0,0,0,0,7800,0,0,0,0,6600,0,0,163071
54,12,0,0,6600,0,0,0,0,0,7800,0,0,0,0,6600,0,0,163071
54,13,0,0,6600,0,0,0,0,0,7800,0,0,0,0,0,7800,0,183340
54,14,0,0,6600,0,0,0,0,0,7800,0,0,0,0,0,7800,0,183340
54,15,0,0,6600,0,0,0,0,0,7800,0,0,0,0,0,7800,0,183340
54,16,0,0,6600,0,0,0,0,0,7800,0,0,0,0,0,0,8760,214408
54,17,0,0,6600,0,0,0,0,0,7800,0,0,0,0,0,0,8760,214408
54,18,0,0,6600,0,0,0,0,0,7800,0,0,0,0,0,0,8760,214408
54,19,0,0,6600,0,0,0,0,0,0,8760,0,0,0,0,6600,0,180165
54,20,0,0,6600,0,0,0,0,0,0,8760,0,0,0,0,6600,0,180165
54,21,0,0,6600,0,0,0,0,0,0,8760,0,0,0,0,6600,0,180165
54,22,0,0,6600,0,0,0,0,0,0,8760,0,0,0,0,0,7800,216529
54,23,0,0,6600,0,0,0,0,0,0,8760,0,0,0,0,0,7800,216529
54,24,0,0,6600,0,0,0,0,0,0,8760,0,0,0,0,0,7800,216529
54,25,0,0,6600,0,0,0,0,0,0,8760,0,0,0,0,0,0,268146
54,26,0,0,6600,0,0,0,0,0,0,8760,0,0,0,0,0,0,268146
54,27,0,0,6600,0,0,0,0,0,0,8760,0,0,0,0,0,0,268146
54,28,0,0,0,7800,0,0,0,0,6600,0,0,0,0,6600,0,0,171372
54,29,0,0,0,7800,0,0,0,0,6600,0,0,0,0,6600,0,0,171372
54,30,0,0,0,7800,0,0,0,0,6600,0,0,0,0,6600,0,0,171372
54,31,0,0,0,7800,0,0,0,0,6600,0,0,0,0,0,7800,0,191641
54,32,0,0,0,7800,0,0,0,0,6600,0,0,0,0,0,7800,0,191641
54,33,0,0,0,7800,0,0,0,0,6600,0,0,0,0,0,7800,0,191641
54,34,0,0,0,7800,0,0,0,0,6600,0,0,0,0,0,0,8760,222709
54,35,0,0,0,7800,0,0,0,0,6600,0,0,0,0,0,0,8760,222709
54,36,0,0,0,7800,0,0,0,0,6600,0,0,0,0,0,0,8760,222709
54,37,0,0,0,7800,0,0,0,0,0,7800,0,0,0,0,6600,0,196870
54,38,0,0,0,7800,0,0,0,0,0,7800,0,0,0,0,6600,0,196870
54,39,0,0,0,7800,0,0,0,0,0,7800,0,0,0,0,6600,0,196870
54,40,0,0,0,7800,0,0,0,0,0,7800,0,0,0,0,0,7800,233234
54,41,0,0,0,7800,0,0,0,0,0,7800,0,0,0,0,0,7800,233234
54,42,0,0,0,7800,0,0,0,0,0,7800,0,0,0,0,0,7800,233234
54,43,0,0,0,7800,0,0,0,0,0,7800,0,0,0,0,0,0,284851
54,44,0,0,0,7800,0,0,0,0,0,7800,0,0,0,0,0,0,284851
54,45,0,0,0,7800,0,0,0,0,0,7800,0,0,0,0,0,0,284851
54,46,0,0,0,7800,0,0,0,0,0,0,8760,0,0,0,0,6600,230296
54,47,0,0,0,7800,0,0,0,0,0,0,8760,0,0,0,0,6600,230296
54,48,0,0,0,7800,0,0,0,0,0,0,8760,0,0,0,0,6600,230296
54,49,0,0,0,7800,0,0,0,0,0,0,8760,0,0,0,0,0,286817
54,50,0,0,0,7800,0,0,0,0,0,0,8760,0,0,0,0,0,286817
54,51,0,0,0,7800,0,0,0,0,0,0,8760,0,0,0,0,0,286817
54,52,0,0,0,7800,0,0,0,0,0,0,8760,0,0,0,0,0,286817
54,53,0,0,0,7800,0,0,0,0,0,0,8760,0,0,0,0,0,286817
54,54,0,0,0,7800,0,0,0,0,0,0,8760,0,0,0,0,0,286817
54,55,0,0,0,0,8760,0,0,0,0,6600,0,0,0,0,6600,0,192207
54,56,0,0,0,0,8760,0,0,0,0,6600,0,0,0,0,6600,0,192207
54,57,0,0,0,0,8760,0,0,0,0,6600,0,0,0,0,6600,0,192207
54,58,0,0,0,0,8760,0,0,0,0,6600,0,0,0,0,0,7800,228571
54,59,0,0,0,0,8760,0,0,0,0,6600,0,0,0,0,0,7800,228571
54,60,0,0,0,0,8760,0,0,0,0,6600,0,0,0,0,0,7800,228571
54,61,0,0,0,0,8760,0,0,0,0,6600,0,0,0,0,0,0,280188
54,62,0,0,0,0,8760,0,0,0,0,6600,0,0,0,0,0,0,280188
54,63,0,0,0,0,8760,0,0,0,0,6600,0,0,0,0,0,0,280188
54,64,0,0,0,0,8760,0,0,0,0,0,7800,0,0,0,0,6600,233415
54,65,0,0,0,0,8760,0,0,0,0,0,7800,0,0,0,0,6600,233415
54,66,0,0,0,0,8760,0,0,0,0,0,7800,0,0,0,0,6600,233415
54,67,0,0,0,0,8760,0,0,0,0,0,7800,0,0,0,0,0,289936
54,68,0,0,0,0,8760,0,0,0,0,0,7800,0,0,0,0,0,289936
54,69,0,0,0,0,8760,0,0,0,0,0,7800,0,0,0,0,0,289936
54,70,0,0,0,0,8760,0,0,0,0,0,7800,0,0,0,0,0,289936
54,71,0,0,0,0,8760,0,0,0,0,0,7800,0,0,0,0,0,289936
54,72,0,0,0,0,8760,0,0,0,0,0,7800,0,0,0,0,0,289936
54,73,0,0,0,0,8760,0,0,0,0,0,0,8760,0,0,0,0,287215
54,74,0,0,0,0,8760,0,0,0,0,0,0,8760,0,0,0,0,287215
54,75,0,0,0,0,8760,0,0,0,0,0,0,8760,0,0,0,0,287215
54,76,0,0,0,0,8760,0,0,0,0,0,0,8760,0,0,0,0,287215
54,77,0,0,0,0,8760,0,0,0,0,0,0,8760,0,0,0,0,287215
54,78,0,0,0,0,8760,0,0,0,0,0,0,8760,0,0,0,0,287215
54,79,0,0,0,0,8760,0,0,0,0,0,0,8760,0,0,0,0,287215
54,80,0,0,0,0,8760,0,0,0,0,0,0,8760,0,0,0,0,287215
54,81,0,0,0,0,8760,0,0,0,0,0,0,8760,0,0,0,0,287215
55,1,0,0,4232,0,0,0,0,4232,0,0,0,0,4232,0,0,0,129771
55,2,0,0,4232,0,0,0,0,4232,0,0,0,0,4232,0,0,0,129771
55,3,0,0,4232,0,0,0,0,4232,0,0,0,0,4232,0,0,0,129771
55,4,0,0,4232,0,0,0,0,4232,0,0,0,0,0,4899,0,0,129614
55,5,0,0,4232,0,0,0,0,4232,0,0,0,0,0,4899,0,0,129614
55,6,0,0,4232,0,0,0,0,4232,0,0,0,0,0,4899,0,0,129614
55,7,0,0,4232,0,0,0,0,4232,0,0,0,0,0,0,5428,0,136217
55,8,0,0,4232,0,0,0,0,4232,0,0,0,0,0,0,5428,0,136217
55,9,0,0,4232,0,0,0,0,4232,0,0,0,0,0,0,5428,0,136217
55,10,0,0,4232,0,0,0,0,0,4899,0,0,0,0,4232,0,0,131720
55,11,0,0,4232,0,0,0,0,0,4899,0,0,0,0,4232,0,0,131720
55,12,0,0,4232,0,0,0,0,0,4899,0,0,0,0,4232,0,0,131720
55,13,0,0,4232,0,0,0,0,0,4899,0,0,0,0,0,4899,0,141581
55,14,0,0,4232,0,0,0,0,0,4899,0,0,0,0,0,4899,0,141581
55,15,0,0,4232,0,0,0,0,0,4899,0,0,0,0,0,4899,0,141581
55,16,0,0,4232,0,0,0,0,0,4899,0,0,0,0,0,0,5428,159232
55,17,0,0,4232,0,0,0,0,0,4899,0,0,0,0,0,0,5428,159232
55,18,0,0,4232,0,0,0,0,0,4899,0,0,0,0,0,0,5428,159232
55,19,0,0,4232,0,0,0,0,0,0,5428,0,0,0,0,4232,0,138744
55,20,0,0,4232,0,0,0,0,0,0,5428,0,0,0,0,4232,0,138744
55,21,0,0,4232,0,0,0,0,0,0,5428,0,0,0,0,4232,0,138744
55,22,0,0,4232,0,0,0,0,0,0,5428,0,0,0,0,0,4899,159411
55,23,0,0,4232,0,0,0,0,0,0,5428,0,0,0,0,0,4899,159411
55,24,0,0,4232,0,0,0,0,0,0,5428,0,0,0,0,0,4899,159411
55,25,0,0,4232,0,0,0,0,0,0,5428,0,0,0,0,0,0,188406
55,26,0,0,4232,0,0,0,0,0,0,5428,0,0,0,0,0,0,188406
55,27,0,0,4232,0,0,0,0,0,0,5428,0,0,0,0,0,0,188406
55,28,0,0,0,4899,0,0,0,0,4232,0,0,0,0,4232,0,0,134815
55,29,0,0,0,4899,0,0,0,0,4232,0,0,0,0,4232,0,0,134815
55,30,0,0,0,4899,0,0,0,0,4232,0,0,0,0,4232,0,0,134815
55,31,0,0,0,4899,0,0,0,0,4232,0,0,0,0,0,4899,0,144676
55,32,0,0,0,4899,0,0,0,0,4232,0,0,0,0,0,4899,0,144676
55,33,0,0,0,4899,0,0,0,0,4232,0,0,0,0,0,4899,0,144676
55,34,0,0,0,4899,0,0,0,0,4232,0,0,0,0,0,0,5428,162327
55,35,0,0,0,4899,0,0,0,0,4232,0,0,0,0,0,0,5428,162327
55,36,0,0,0,4899,0,0,0,0,4232,0,0,0,0,0,0,5428,162327
55,37,0,0,0,4899,0,0,0,0,0,4899,0,0,0,0,4232,0,146625
55,38,0,0,0,4899,0,0,0,0,0,4899,0,0,0,0,4232,0,146625
55,39,0,0,0,4899,0,0,0,0,0,4899,0,0,0,0,4232,0,146625
55,40,0,0,0,4899,0,0,0,0,0,4899,0,0,0,0,0,4899,167292
55,41,0,0,0,4899,0,0,0,0,0,4899,0,0,0,0,0,4899,167292
55,42,0,0,0,4899,0,0,0,0,0,4899,0,0,0,0,0,4899,167292
55,43,0,0,0,4899,0,0,0,0,0,4899,0,0,0,0,0,0,196287
55,44,0,0,0,4899,0,0,0,0,0,4899,0,0,0,0,0,0,196287
55,45,0,0,0,4899,0,0,0,0,0,4899,0,0,0,0,0,0,196287
55,46,0,0,0,4899,0,0,0,0,0,0,5428,0,0,0,0,4232,164663
55,47,0,0,0,4899,0,0,0,0,0,0,5428,0,0,0,0,4232,164663
55,48,0,0,0,4899,0,0,0,0,0,0,5428,0,0,0,0,4232,164663
55,49,0,0,0,4899,0,0,0,0,0,0,5428,0,0,0,0,0,196451
55,50,0,0,0,4899,0,0,0,0,0,0,5428,0,0,0,0,0,196451
55,51,0,0,0,4899,0,0,0,0,0,0,5428,0,0,0,0,0,196451
55,52,0,0,0,4899,0,0,0,0,0,0,5428,0,0,0,0,0,196451
55,53,0,0,0,4899,0,0,0,0,0,0,5428,0,0,0,0,0,196451
55,54,0,0,0,4899,0,0,0,0,0,0,5428,0,0,0,0,0,196451
55,55,0,0,0,0,5428,0,0,0,0,4232,0,0,0,0,4232,0,142457
55,56,0,0,0,0,5428,0,0,0,0,4232,0,0,0,0,4232,0,142457
55,57,0,0,0,0,5428,0,0,0,0,4232,0,0,0,0,4232,0,142457
55,58,0,0,0,0,5428,0,0,0,0,4232,0,0,0,0,0,4899,163124
55,59,0,0,0,0,5428,0,0,0,0,4232,0,0,0,0,0,4899,163124
55,60,0,0,0,0,5428,0,0,0,0,4232,0,0,0,0,0,4899,163124
55,61,0,0,0,0,5428,0,0,0,0,4232,0,0,0,0,0,0,192119
55,62,0,0,0,0,5428,0,0,0,0,4232,0,0,0,0,0,0,192119
55,63,0,0,0,0,5428,0,0,0,0,4232,0,0,0,0,0,0,192119
55,64,0,0,0,0,5428,0,0,0,0,0,4899,0,0,0,0,4232,164927
55,65,0,0,0,0,5428,0,0,0,0,0,4899,0,0,0,0,4232,164927
55,66,0,0,0,0,5428,0,0,0,0,0,4899,0,0,0,0,4232,164927
55,67,0,0,0,0,5428,0,0,0,0,0,4899,0,0,0,0,0,196715
55,68,0,0,0,0,5428,0,0,0,0,0,4899,0,0,0,0,0,196715
55,69,0,0,0,0,5428,0,0,0,0,0,4899,0,0,0,0,0,196715
55,70,0,0,0,0,5428,0,0,0,0,0,4899,0,0,0,0,0,196715
55,71,0,0,0,0,5428,0,0,0,0,0,4899,0,0,0,0,0,196715
55,72,0,0,0,0,5428,0,0,0,0,0,4899,0,0,0,0,0,196715
55,73,0,0,0,0,5428,0,0,0,0,0,0,5428,0,0,0,0,194285
55,74,0,0,0,0,5428,0,0,0,0,0,0,5428,0,0,0,0,194285
55,75,0,0,0,0,5428,0,0,0,0,0,0,5428,0,0,0,0,194285
55,76,0,0,0,0,5428,0,0,0,0,0,0,5428,0,0,0,0,194285
55,77,0,0,0,0,5428,0,0,0,0,0,0,5428,0,0,0,0,194285
55,78,0,0,0,0,5428,0,0,0,0,0,0,5428,0,0,0,0,194285
55,79,0,0,0,0,5428,0,0,0,0,0,0,5428,0,0,0,0,194285
55,80,0,0,0,0,5428,0,0,0,0,0,0,5428,0,0,0,0,194285
55,81,0,0,0,0,5428,0,0,0,0,0,0,5428,0,0,0,0,194285
56,1,0,0,6180,0,0,0,0,6180,0,0,0,0,6180,0,0,0,231931
56,2,0,0,6180,0,0,0,0,6180,0,0,0,0,6180,0,0,0,231931
56,3,0,0,6180,0,0,0,0,6180,0,0,0,0,6180,0,0,0,231931
56,4,0,0,6180,0,0,0,0,6180,0,0,0,0,0,7020,0,0,228188
56,5,0,0,6180,0,0,0,0,6180,0,0,0,0,0,7020,0,0,228188
56,6,0,0,6180,0,0,0,0,6180,0,0,0,0,0,7020,0,0,228188
56,7,0,0,6180,0,0,0,0,6180,0,0,0,0,0,0,7680,0,234032
56,8,0,0,6180,0,0,0,0,6180,0,0,0,0,0,0,7680,0,234032
56,9,0,0,6180,0,0,0,0,6180,0,0,0,0,0,0,7680,0,234032
56,10,0,0,6180,0,0,0,0,0,7020,0,0,0,0,6180,0,0,229249
56,11,0,0,6180,0,0,0,0,0,7020,0,0,0,0,6180,0,0,229249
56,12,0,0,6180,0,0,0,0,0,7020,0,0,0,0,6180,0,0,229249
56,13,0,0,6180,0,0,0,0,0,7020,0,0,0,0,0,7020,0,239301
56,14,0,0,6180,0,0,0,0,0,7020,0,0,0,0,0,7020,0,239301
56,15,0,0,6180,0,0,0,0,0,7020,0,0,0,0,0,7020,0,239301
56,16,0,0,6180,0,0,0,0,0,7020,0,0,0,0,0,0,7680,262108
56,17,0,0,6180,0,0,0,0,0,7020,0,0,0,0,0,0,7680,262108
56,18,0,0,6180,0,0,0,0,0,7020,0,0,0,0,0,0,7680,262108
56,19,0,0,6180,0,0,0,0,0,0,7680,0,0,0,0,6180,0,234101
56,20,0,0,6180,0,0,0,0,0,0,7680,0,0,0,0,6180,0,234101
56,21,0,0,6180,0,0,0,0,0,0,7680,0,0,0,0,6180,0,234101
56,22,0,0,6180,0,0,0,0,0,0,7680,0,0,0,0,0,7020,260804
56,23,0,0,6180,0,0,0,0,0,0,7680,0,0,0,0,0,7020,260804
56,24,0,0,6180,0,0,0,0,0,0,7680,0,0,0,0,0,7020,260804
56,25,0,0,6180,0,0,0,0,0,0,7680,0,0,0,0,0,0,297800
56,26,0,0,6180,0,0,0,0,0,0,7680,0,0,0,0,0,0,297800
56,27,0,0,6180,0,0,0,0,0,0,7680,0,0,0,0,0,0,297800
56,28,0,0,0,7020,0,0,0,0,6180,0,0,0,0,6180,0,0,230808
56,29,0,0,0,7020,0,0,0,0,6180,0,0,0,0,6180,0,0,230808
56,30,0,0,0,7020,0,0,0,0,6180,0,0,0,0,6180,0,0,230808
56,31,0,0,0,7020,0,0,0,0,6180,0,0,0,0,0,7020,0,240860
56,32,0,0,0,7020,0,0,0,0,6180,0,0,0,0,0,7020,0,240860
56,33,0,0,0,7020,0,0,0,0,6180,0,0,0,0,0,7020,0,240860
56,34,0,0,0,7020,0,0,0,0,6180,0,0,0,0,0,0,7680,263667
56,35,0,0,0,7020,0,0,0,0,6180,0,0,0,0,0,0,7680,263667
56,36,0,0,0,7020,0,0,0,0,6180,0,0,0,0,0,0,7680,263667
56,37,0,0,0,7020,0,0,0,0,0,7020,0,0,0,0,6180,0,241843
56,38,0,0,0,7020,0,0,0,0,0,7020,0,0,0,0,6180,0,241843
56,39,0,0,0,7020,0,0,0,0,0,7020,0,0,0,0,6180,0,241843
56,40,0,0,0,7020,0,0,0,0,0,7020,0,0,0,0,0,7020,268546
56,41,0,0,0,7020,0,0,0,0,0,7020,0,0,0,0,0,7020,268546
56,42,0,0,0,7020,0,0,0,0,0,7020,0,0,0,0,0,7020,268546
56,43,0,0,0,7020,0,0,0,0,0,7020,0,0,0,0,0,0,305542
56,44,0,0,0,7020,0,0,0,0,0,7020,0,0,0,0,0,0,305542
56,45,0,0,0,7020,0,0,0,0,0,7020,0,0,0,0,0,0,305542
56,46,0,0,0,7020,0,0,0,0,0,0,7680,0,0,0,0,6180,263731
56,47,0,0,0,7020,0,0,0,0,0,0,7680,0,0,0,0,6180,263731
56,48,0,0,0,7020,0,0,0,0,0,0,7680,0,0,0,0,6180,263731
56,49,0,0,0,7020,0,0,0,0,0,0,7680,0,0,0,0,0,304336
56,50,0,0,0,7020,0,0,0,0,0,0,7680,0,0,0,0,0,304336
56,51,0,0,0,7020,0,0,0,0,0,0,7680,0,0,0,0,0,304336
56,52,0,0,0,7020,0,0,0,0,0,0,7680,0,0,0,0,0,304336
56,53,0,0,0,7020,0,0,0,0,0,0,7680,0,0,0,0,0,304336
56,54,0,0,0,7020,0,0,0,0,0,0,7680,0,0,0,0,0,304336
56,55,0,0,0,0,7680,0,0,0,0,6180,0,0,0,0,6180,0,234203
56,56,0,0,0,0,7680,0,0,0,0,6180,0,0,0,0,6180,0,234203
56,57,0,0,0,0,7680,0,0,0,0,6180,0,0,0,0,6180,0,234203
56,58,0,0,0,0,7680,0,0,0,0,6180,0,0,0,0,0,7020,260906
56,59,0,0,0,0,7680,0,0,0,0,6180,0,0,0,0,0,7020,260906
56,60,0,0,0,0,7680,0,0,0,0,6180,0,0,0,0,0,7020,260906
56,61,0,0,0,0,7680,0,0,0,0,6180,0,0,0,0,0,0,297902
56,62,0,0,0,0,7680,0,0,0,0,6180,0,0,0,0,0,0,297902
56,63,0,0,0,0,7680,0,0,0,0,6180,0,0,0,0,0,0,297902
56,64,0,0,0,0,7680,0,0,0,0,0,7020,0,0,0,0,6180,261816
56,65,0,0,0,0,7680,0,0,0,0,0,7020,0,0,0,0,6180,261816
56,66,0,0,0,0,7680,0,0,0,0,0,7020,0,0,0,0,6180,261816
56,67,0,0,0,0,7680,0,0,0,0,0,7020,0,0,0,0,0,302421
56,68,0,0,0,0,7680,0,0,0,0,0,7020,0,0,0,0,0,302421
56,69,0,0,0,0,7680,0,0,0,0,0,7020,0,0,0,0,0,302421
56,70,0,0,0,0,7680,0,0,0,0,0,7020,0,0,0,0,0,302421
56,71,0,0,0,0,7680,0,0,0,0,0,7020,0,0,0,0,0,302421
56,72,0,0,0,0,7680,0,0,0,0,0,7020,0,0,0,0,0,302421
56,73,0,0,0,0,7680,0,0,0,0,0,0,7680,0,0,0,0,297963
56,74,0,0,0,0,7680,0,0,0,0,0,0,7680,0,0,0,0,297963
56,75,0,0,0,0,7680,0,0,0,0,0,0,7680,0,0,0,0,297963
56,76,0,0,0,0,7680,0,0,0,0,0,0,7680,0,0,0,0,297963
56,77,0,0,0,0,7680,0,0,0,0,0,0,7680,0,0,0,0,297963
56,78,0,0,0,0,7680,0,0,0,0,0,0,7680,0,0,0,0,297963
56,79,0,0,0,0,7680,0,0,0,0,0,0,7680,0,0,0,0,297963
56,80,0,0,0,0,7680,0,0,0,0,0,0,7680,0,0,0,0,297963
56,81,0,0,0,0,7680,0,0,0,0,0,0,7680,0,0,0,0,297963
57,1,0,0,6004,0,0,0,0,6004,0,0,0,0,6004,0,0,0,120832
57,2,0,0,6004,0,0,0,0,6004,0,0,0,0,6004,0,0,0,120832
57,3,0,0,6004,0,0,0,0,6004,0,0,0,0,6004,0,0,0,120832
57,4,0,0,6004,0,0,0,0,6004,0,0,0,0,0,7144,0,0,125497
57,5,0,0,6004,0,0,0,0,6004,0,0,0,0,0,7144,0,0,125497
57,6,0,0,6004,0,0,0,0,6004,0,0,0,0,0,7144,0,0,125497
57,7,0,0,6004,0,0,0,0,6004,0,0,0,0,0,0,8056,0,140124
57,8,0,0,6004,0,0,0,0,6004,0,0,0,0,0,0,8056,0,140124
57,9,0,0,6004,0,0,0,0,6004,0,0,0,0,0,0,8056,0,140124
57,10,0,0,6004,0,0,0,0,0,7144,0,0,0,0,6004,0,0,131438
57,11,0,0,6004,0,0,0,0,0,7144,0,0,0,0,6004,0,0,131438
57,12,0,0,6004,0,0,0,0,0,7144,0,0,0,0,6004,0,0,131438
57,13,0,0,6004,0,0,0,0,0,7144,0,0,0,0,0,7144,0,151499
57,14,0,0,6004,0,0,0,0,0,7144,0,0,0,0,0,7144,0,151499
57,15,0,0,6004,0,0,0,0,0,7144,0,0,0,0,0,7144,0,151499
57,16,0,0,6004,0,0,0,0,0,7144,0,0,0,0,0,0,8056,181016
57,17,0,0,6004,0,0,0,0,0,7144,0,0,0,0,0,0,8056,181016
57,18,0,0,6004,0,0,0,0,0,7144,0,0,0,0,0,0,8056,181016
57,19,0,0,6004,0,0,0,0,0,0,8056,0,0,0,0,6004,0,149016
57,20,0,0,6004,0,0,0,0,0,0,8056,0,0,0,0,6004,0,149016
57,21,0,0,6004,0,0,0,0,0,0,8056,0,0,0,0,6004,0,149016
57,22,0,0,6004,0,0,0,0,0,0,8056,0,0,0,0,0,7144,183565
57,23,0,0,6004,0,0,0,0,0,0,8056,0,0,0,0,0,7144,183565
57,24,0,0,6004,0,0,0,0,0,0,8056,0,0,0,0,0,7144,183565
57,25,0,0,6004,0,0,0,0,0,0,8056,0,0,0,0,0,0,232801
57,26,0,0,6004,0,0,0,0,0,0,8056,0,0,0,0,0,0,232801
57,27,0,0,6004,0,0,0,0,0,0,8056,0,0,0,0,0,0,232801
57,28,0,0,0,7144,0,0,0,0,6004,0,0,0,0,6004,0,0,140169
57,29,0,0,0,7144,0,0,0,0,6004,0,0,0,0,6004,0,0,140169
57,30,0,0,0,7144,0,0,0,0,6004,0,0,0,0,6004,0,0,140169
57,31,0,0,0,7144,0,0,0,0,6004,0,0,0,0,0,7144,0,160230
57,32,0,0,0,7144,0,0,0,0,6004,0,0,0,0,0,7144,0,160230
57,33,0,0,0,7144,0,0,0,0,6004,0,0,0,0,0,7144,0,160230
57,34,0,0,0,7144,0,0,0,0,6004,0,0,0,0,0,0,8056,189747
57,35,0,0,0,7144,0,0,0,0,6004,0,0,0,0,0,0,8056,189747
57,36,0,0,0,7144,0,0,0,0,6004,0,0,0,0,0,0,8056,189747
57,37,0,0,0,7144,0,0,0,0,0,7144,0,0,0,0,6004,0,165731
57,38,0,0,0,7144,0,0,0,0,0,7144,0,0,0,0,6004,0,165731
57,39,0,0,0,7144,0,0,0,0,0,7144,0,0,0,0,6004,0,165731
57,40,0,0,0,7144,0,0,0,0,0,7144,0,0,0,0,0,7144,200280
57,41,0,0,0,7144,0,0,0,0,0,7144,0,0,0,0,0,7144,200280
57,42,0,0,0,7144,0,0,0,0,0,7144,0,0,0,0,0,7144,200280
57,43,0,0,0,7144,0,0,0,0,0,7144,0,0,0,0,0,0,249516
57,44,0,0,0,7144,0,0,0,0,0,7144,0,0,0,0,0,0,249516
57,45,0,0,0,7144,0,0,0,0,0,7144,0,0,0,0,0,0,249516
57,46,0,0,0,7144,0,0,0,0,0,0,8056,0,0,0,0,6004,197981
57,47,0,0,0,7144,0,0,0,0,0,0,8056,0,0,0,0,6004,197981
57,48,0,0,0,7144,0,0,0,0,0,0,8056,0,0,0,0,6004,197981
57,49,0,0,0,7144,0,0,0,0,0,0,8056,0,0,0,0,0,251876
57,50,0,0,0,7144,0,0,0,0,0,0,8056,0,0,0,0,0,251876
57,51,0,0,0,7144,0,0,0,0,0,0,8056,0,0,0,0,0,251876
57,52,0,0,0,7144,0,0,0,0,0,0,8056,0,0,0,0,0,251876
57,53,0,0,0,7144,0,0,0,0,0,0,8056,0,0,0,0,0,251876
57,54,0,0,0,7144,0,0,0,0,0,0,8056,0,0,0,0,0,251876
57,55,0,0,0,0,8056,0,0,0,0,6004,0,0,0,0,6004,0,162083
57,56,0,0,0,0,8056,0,0,0,0,6004,0,0,0,0,6004,0,162083
57,57,0,0,0,0,8056,0,0,0,0,6004,0,0,0,0,6004,0,162083
57,58,0,0,0,0,8056,0,0,0,0,6004,0,0,0,0,0,7144,196632
57,59,0,0,0,0,8056,0,0,0,0,6004,0,0,0,0,0,7144,196632
57,60,0,0,0,0,8056,0,0,0,0,6004,0,0,0,0,0,7144,196632
57,61,0,0,0,0,8056,0,0,0,0,6004,0,0,0,0,0,0,245868
57,62,0,0,0,0,8056,0,0,0,0,6004,0,0,0,0,0,0,245868
57,63,0,0,0,0,8056,0,0,0,0,6004,0,0,0,0,0,0,245868
57,64,0,0,0,0,8056,0,0,0,0,0,7144,0,0,0,0,6004,201726
57,65,0,0,0,0,8056,0,0,0,0,0,7144,0,0,0,0,6004,201726
57,66,0,0,0,0,8056,0,0,0,0,0,7144,0,0,0,0,6004,201726
57,67,0,0,0,0,8056,0,0,0,0,0,7144,0,0,0,0,0,255621
57,68,0,0,0,0,8056,0,0,0,0,0,7144,0,0,0,0,0,255621
57,69,0,0,0,0,8056,0,0,0,0,0,7144,0,0,0,0,0,255621
57,70,0,0,0,0,8056,0,0,0,0,0,7144,0,0,0,0,0,255621
57,71,0,0,0,0,8056,0,0,0,0,0,7144,0,0,0,0,0,255621
57,72,0,0,0,0,8056,0,0,0,0,0,7144,0,0,0,0,0,255621
57,73,0,0,0,0,8056,0,0,0,0,0,0,8056,0,0,0,0,253492
57,74,0,0,0,0,8056,0,0,0,0,0,0,8056,0,0,0,0,253492
57,75,0,0,0,0,8056,0,0,0,0,0,0,8056,0,0,0,0,253492
57,76,0,0,0,0,8056,0,0,0,0,0,0,8056,0,0,0,0,253492
57,77,0,0,0,0,8056,0,0,0,0,0,0,8056,0,0,0,0,253492
57,78,0,0,0,0,8056,0,0,0,0,0,0,8056,0,0,0,0,253492
57,79,0,0,0,0,8056,0,0,0,0,0,0,8056,0,0,0,0,253492
57,80,0,0,0,0,8056,0,0,0,0,0,0,8056,0,0,0,0,253492
57,81,0,0,0,0,8056,0,0,0,0,0,0,8056,0,0,0,0,253492
58,1,0,0,4623,0,0,0,0,4623,0,0,0,0,4623,0,0,0,166844
58,2,0,0,4623,0,0,0,0,4623,0,0,0,0,4623,0,0,0,166844
58,3,0,0,4623,0,0,0,0,4623,0,0,0,0,4623,0,0,0,166844
58,4,0,0,4623,0,0,0,0,4623,0,0,0,0,0,5267,0,0,164548
58,5,0,0,4623,0,0,0,0,4623,0,0,0,0,0,5267,0,0,164548
58,6,0,0,4623,0,0,0,0,4623,0,0,0,0,0,5267,0,0,164548
58,7,0,0,4623,0,0,0,0,4623,0,0,0,0,0,0,5796,0,169846
58,8,0,0,4623,0,0,0,0,4623,0,0,0,0,0,0,5796,0,169846
58,9,0,0,4623,0,0,0,0,4623,0,0,0,0,0,0,5796,0,169846
58,10,0,0,4623,0,0,0,0,0,5267,0,0,0,0,4623,0,0,165610
58,11,0,0,4623,0,0,0,0,0,5267,0,0,0,0,4623,0,0,165610
58,12,0,0,4623,0,0,0,0,0,5267,0,0,0,0,4623,0,0,165610
58,13,0,0,4623,0,0,0,0,0,5267,0,0,0,0,0,5267,0,173743
58,14,0,0,4623,0,0,0,0,0,5267,0,0,0,0,0,5267,0,173743
58,15,0,0,4623,0,0,0,0,0,5267,0,0,0,0,0,5267,0,173743
58,16,0,0,4623,0,0,0,0,0,5267,0,0,0,0,0,0,5796,191533
58,17,0,0,4623,0,0,0,0,0,5267,0,0,0,0,0,0,5796,191533
58,18,0,0,4623,0,0,0,0,0,5267,0,0,0,0,0,0,5796,191533
58,19,0,0,4623,0,0,0,0,0,0,5796,0,0,0,0,4623,0,170561
58,20,0,0,4623,0,0,0,0,0,0,5796,0,0,0,0,4623,0,170561
58,21,0,0,4623,0,0,0,0,0,0,5796,0,0,0,0,4623,0,170561
58,22,0,0,4623,0,0,0,0,0,0,5796,0,0,0,0,0,5267,190976
58,23,0,0,4623,0,0,0,0,0,0,5796,0,0,0,0,0,5267,190976
58,24,0,0,4623,0,0,0,0,0,0,5796,0,0,0,0,0,5267,190976
58,25,0,0,4623,0,0,0,0,0,0,5796,0,0,0,0,0,0,219742
58,26,0,0,4623,0,0,0,0,0,0,5796,0,0,0,0,0,0,219742
58,27,0,0,4623,0,0,0,0,0,0,5796,0,0,0,0,0,0,219742
58,28,0,0,0,5267,0,0,0,0,4623,0,0,0,0,4623,0,0,167172
58,29,0,0,0,5267,0,0,0,0,4623,0,0,0,0,4623,0,0,167172
58,30,0,0,0,5267,0,0,0,0,4623,0,0,0,0,4623,0,0,167172
58,31,0,0,0,5267,0,0,0,0,4623,0,0,0,0,0,5267,0,175305
58,32,0,0,0,5267,0,0,0,0,4623,0,0,0,0,0,5267,0,175305
58,33,0,0,0,5267,0,0,0,0,4623,0,0,0,0,0,5267,0,175305
58,34,0,0,0,5267,0,0,0,0,4623,0,0,0,0,0,0,5796,193095
58,35,0,0,0,5267,0,0,0,0,4623,0,0,0,0,0,0,5796,193095
58,36,0,0,0,5267,0,0,0,0,4623,0,0,0,0,0,0,5796,193095
58,37,0,0,0,5267,0,0,0,0,0,5267,0,0,0,0,4623,0,176287
58,38,0,0,0,5267,0,0,0,0,0,5267,0,0,0,0,4623,0,176287
58,39,0,0,0,5267,0,0,0,0,0,5267,0,0,0,0,4623,0,176287
58,40,0,0,0,5267,0,0,0,0,0,5267,0,0,0,0,0,5267,196702
58,41,0,0,0,5267,0,0,0,0,0,5267,0,0,0,0,0,5267,196702
58,42,0,0,0,5267,0,0,0,0,0,5267,0,0,0,0,0,5267,196702
58,43,0,0,0,5267,0,0,0,0,0,5267,0,0,0,0,0,0,225468
58,44,0,0,0,5267,0,0,0,0,0,5267,0,0,0,0,0,0,225468
58,45,0,0,0,5267,0,0,0,0,0,5267,0,0,0,0,0,0,225468
58,46,0,0,0,5267,0,0,0,0,0,0,5796,0,0,0,0,4623,193754
58,47,0,0,0,5267,0,0,0,0,0,0,5796,0,0,0,0,4623,193754
58,48,0,0,0,5267,0,0,0,0,0,0,5796,0,0,0,0,4623,193754
58,49,0,0,0,5267,0,0,0,0,0,0,5796,0,0,0,0,0,224951
58,50,0,0,0,5267,0,0,0,0,0,0,5796,0,0,0,0,0,224951
58,51,0,0,0,5267,0,0,0,0,0,0,5796,0,0,0,0,0,224951
58,52,0,0,0,5267,0,0,0,0,0,0,5796,0,0,0,0,0,224951
58,53,0,0,0,5267,0,0,0,0,0,0,5796,0,0,0,0,0,224951
58,54,0,0,0,5267,0,0,0,0,0,0,5796,0,0,0,0,0,224951
58,55,0,0,0,0,5796,0,0,0,0,4623,0,0,0,0,4623,0,171612
58,56,0,0,0,0,5796,0,0,0,0,4623,0,0,0,0,4623,0,171612
58,57,0,0,0,0,5796,0,0,0,0,4623,0,0,0,0,4623,0,171612
58,58,0,0,0,0,5796,0,0,0,0,4623,0,0,0,0,0,5267,192027
58,59,0,0,0,0,5796,0,0,0,0,4623,0,0,0,0,0,5267,192027
58,60,0,0,0,0,5796,0,0,0,0,4623,0,0,0,0,0,5267,192027
58,61,0,0,0,0,5796,0,0,0,0,4623,0,0,0,0,0,0,220793
58,62,0,0,0,0,5796,0,0,0,0,4623,0,0,0,0,0,0,220793
58,63,0,0,0,0,5796,0,0,0,0,4623,0,0,0,0,0,0,220793
58,64,0,0,0,0,5796,0,0,0,0,0,5267,0,0,0,0,4623,192936
58,65,0,0,0,0,5796,0,0,0,0,0,5267,0,0,0,0,4623,192936
58,66,0,0,0,0,5796,0,0,0,0,0,5267,0,0,0,0,4623,192936
58,67,0,0,0,0,5796,0,0,0,0,0,5267,0,0,0,0,0,224133
58,68,0,0,0,0,5796,0,0,0,0,0,5267,0,0,0,0,0,224133
58,69,0,0,0,0,5796,0,0,0,0,0,5267,0,0,0,0,0,224133
58,70,0,0,0,0,5796,0,0,0,0,0,5267,0,0,0,0,0,224133
58,71,0,0,0,0,5796,0,0,0,0,0,5267,0,0,0,0,0,224133
58,72,0,0,0,0,5796,0,0,0,0,0,5267,0,0,0,0,0,224133
58,73,0,0,0,0,5796,0,0,0,0,0,0,5796,0,0,0,0,221406
58,74,0,0,0,0,5796,0,0,0,0,0,0,5796,0,0,0,0,221406
58,75,0,0,0,0,5796,0,0,0,0,0,0,5796,0,0,0,0,221406
58,76,0,0,0,0,5796,0,0,0,0,0,0,5796,0,0,0,0,221406
58,77,0,0,0,0,5796,0,0,0,0,0,0,5796,0,0,0,0,221406
58,78,0,0,0,0,5796,0,0,0,0,0,0,5796,0,0,0,0,221406
58,79,0,0,0,0,5796,0,0,0,0,0,0,5796,0,0,0,0,221406
58,80,0,0,0,0,5796,0,0,0,0,0,0,5796,0,0,0,0,221406
58,81,0,0,0,0,5796,0,0,0,0,0,0,5796,0,0,0,0,221406
59,1,0,0,8256,0,0,0,0,8256,0,0,0,0,8256,0,0,0,216207
59,2,0,0,8256,0,0,0,0,8256,0,0,0,0,8256,0,0,0,216207
59,3,0,0,8256,0,0,0,0,8256,0,0,0,0,8256,0,0,0,216207
59,4,0,0,8256,0,0,0,0,8256,0,0,0,0,0,9648,0,0,218409
59,5,0,0,8256,0,0,0,0,8256,0,0,0,0,0,9648,0,0,218409
59,6,0,0,8256,0,0,0,0,8256,0,0,0,0,0,9648,0,0,218409
59,7,0,0,8256,0,0,0,0,8256,0,0,0,0,0,0,10800,0,234913
59,8,0,0,8256,0,0,0,0,8256,0,0,0,0,0,0,10800,0,234913
59,9,0,0,8256,0,0,0,0,8256,0,0,0,0,0,0,10800,0,234913
59,10,0,0,8256,0,0,0,0,0,9648,0,0,0,0,8256,0,0,224049
59,11,0,0,8256,0,0,0,0,0,9648,0,0,0,0,8256,0,0,224049
59,12,0,0,8256,0,0,0,0,0,9648,0,0,0,0,8256,0,0,224049
59,13,0,0,8256,0,0,0,0,0,9648,0,0,0,0,0,9648,0,246534
59,14,0,0,8256,0,0,0,0,0,9648,0,0,0,0,0,9648,0,246534
59,15,0,0,8256,0,0,0,0,0,9648,0,0,0,0,0,9648,0,246534
59,16,0,0,8256,0,0,0,0,0,9648,0,0,0,0,0,0,10800,283872
59,17,0,0,8256,0,0,0,0,0,9648,0,0,0,0,0,0,10800,283872
59,18,0,0,8256,0,0,0,0,0,9648,0,0,0,0,0,0,10800,283872
59,19,0,0,8256,0,0,0,0,0,0,10800,0,0,0,0,8256,0,242965
59,20,0,0,8256,0,0,0,0,0,0,10800,0,0,0,0,8256,0,242965
59,21,0,0,8256,0,0,0,0,0,0,10800,0,0,0,0,8256,0,242965
59,22,0,0,8256,0,0,0,0,0,0,10800,0,0,0,0,0,9648,285842
59,23,0,0,8256,0,0,0,0,0,0,10800,0,0,0,0,0,9648,285842
59,24,0,0,8256,0,0,0,0,0,0,10800,0,0,0,0,0,9648,285842
59,25,0,0,8256,0,0,0,0,0,0,10800,0,0,0,0,0,0,347587
59,26,0,0,8256,0,0,0,0,0,0,10800,0,0,0,0,0,0,347587
59,27,0,0,8256,0,0,0,0,0,0,10800,0,0,0,0,0,0,347587
59,28,0,0,0,9648,0,0,0,0,8256,0,0,0,0,8256,0,0,232333
59,29,0,0,0,9648,0,0,0,0,8256,0,0,0,0,8256,0,0,232333
59,30,0,0,0,9648,0,0,0,0,8256,0,0,0,0,8256,0,0,232333
59,31,0,0,0,9648,0,0,0,0,8256,0,0,0,0,0,9648,0,254818
59,32,0,0,0,9648,0,0,0,0,8256,0,0,0,0,0,9648,0,254818
59,33,0,0,0,9648,0,0,0,0,8256,0,0,0,0,0,9648,0,254818
59,34,0,0,0,9648,0,0,0,0,8256,0,0,0,0,0,0,10800,292156
59,35,0,0,0,9648,0,0,0,0,8256,0,0,0,0,0,0,10800,292156
59,36,0,0,0,9648,0,0,0,0,8256,0,0,0,0,0,0,10800,292156
59,37,0,0,0,9648,0,0,0,0,0,9648,0,0,0,0,8256,0,260037
59,38,0,0,0,9648,0,0,0,0,0,9648,0,0,0,0,8256,0,260037
59,39,0,0,0,9648,0,0,0,0,0,9648,0,0,0,0,8256,0,260037
59,40,0,0,0,9648,0,0,0,0,0,9648,0,0,0,0,0,9648,302914
59,41,0,0,0,9648,0,0,0,0,0,9648,0,0,0,0,0,9648,302914
59,42,0,0,0,9648,0,0,0,0,0,9648,0,0,0,0,0,9648,302914
59,43,0,0,0,9648,0,0,0,0,0,9648,0,0,0,0,0,0,364659
59,44,0,0,0,9648,0,0,0,0,0,9648,0,0,0,0,0,0,364659
59,45,0,0,0,9648,0,0,0,0,0,9648,0,0,0,0,0,0,364659
59,46,0,0,0,9648,0,0,0,0,0,0,10800,0,0,0,0,8256,299612
59,47,0,0,0,9648,0,0,0,0,0,0,10800,0,0,0,0,8256,299612
59,48,0,0,0,9648,0,0,0,0,0,0,10800,0,0,0,0,8256,299612
59,49,0,0,0,9648,0,0,0,0,0,0,10800,0,0,0,0,0,366484
59,50,0,0,0,9648,0,0,0,0,0,0,10800,0,0,0,0,0,366484
59,51,0,0,0,9648,0,0,0,0,0,0,10800,0,0,0,0,0,366484
59,52,0,0,0,9648,0,0,0,0,0,0,10800,0,0,0,0,0,366484
59,53,0,0,0,9648,0,0,0,0,0,0,10800,0,0,0,0,0,366484
59,54,0,0,0,9648,0,0,0,0,0,0,10800,0,0,0,0,0,366484
59,55,0,0,0,0,10800,0,0,0,0,8256,0,0,0,0,8256,0,254796
59,56,0,0,0,0,10800,0,0,0,0,8256,0,0,0,0,8256,0,254796
59,57,0,0,0,0,10800,0,0,0,0,8256,0,0,0,0,8256,0,254796
59,58,0,0,0,0,10800,0,0,0,0,8256,0,0,0,0,0,9648,297673
59,59,0,0,0,0,10800,0,0,0,0,8256,0,0,0,0,0,9648,297673
59,60,0,0,0,0,10800,0,0,0,0,8256,0,0,0,0,0,9648,297673
59,61,0,0,0,0,10800,0,0,0,0,8256,0,0,0,0,0,0,359418
59,62,0,0,0,0,10800,0,0,0,0,8256,0,0,0,0,0,0,359418
59,63,0,0,0,0,10800,0,0,0,0,8256,0,0,0,0,0,0,359418
59,64,0,0,0,0,10800,0,0,0,0,0,9648,0,0,0,0,8256,302508
59,65,0,0,0,0,10800,0,0,0,0,0,9648,0,0,0,0,8256,302508
59,66,0,0,0,0,10800,0,0,0,0,0,9648,0,0,0,0,8256,302508
59,67,0,0,0,0,10800,0,0,0,0,0,9648,0,0,0,0,0,369380
59,68,0,0,0,0,10800,0,0,0,0,0,9648,0,0,0,0,0,369380
59,69,0,0,0,0,10800,0,0,0,0,0,9648,0,0,0,0,0,369380
59,70,0,0,0,0,10800,0,0,0,0,0,9648,0,0,0,0,0,369380
59,71,0,0,0,0,10800,0,0,0,0,0,9648,0,0,0,0,0,369380
59,72,0,0,0,0,10800,0,0,0,0,0,9648,0,0,0,0,0,369380
59,73,0,0,0,0,10800,0,0,0,0,0,0,10800,0,0,0,0,366322
59,74,0,0,0,0,10800,0,0,0,0,0,0,10800,0,0,0,0,366322
59,75,0,0,0,0,10800,0,0,0,0,0,0,10800,0,0,0,0,366322
59,76,0,0,0,0,10800,0,0,0,0,0,0,10800,0,0,0,0,366322
59,77,0,0,0,0,10800,0,0,0,0,0,0,10800,0,0,0,0,366322
59,78,0,0,0,0,10800,0,0,0,0,0,0,10800,0,0,0,0,366322
59,79,0,0,0,0,10800,0,0,0,0,0,0,10800,0,0,0,0,366322
59,80,0,0,0,0,10800,0,0,0,0,0,0,10800,0,0,0,0,366322
59,81,0,0,0,0,10800,0,0,0,0,0,0,10800,0,0,0,0,366322
60,1,0,0,4416,0,0,0,0,4416,0,0,0,0,4416,0,0,0,135415
60,2,0,0,4416,0,0,0,0,4416,0,0,0,0,4416,0,0,0,135415
60,3,0,0,4416,0,0,0,0,4416,0,0,0,0,4416,0,0,0,135415
60,4,0,0,4416,0,0,0,0,4416,0,0,0,0,0,5112,0,0,135251
60,5,0,0,4416,0,0,0,0,4416,0,0,0,0,0,5112,0,0,135251
60,6,0,0,4416,0,0,0,0,4416,0,0,0,0,0,5112,0,0,135251
60,7,0,0,4416,0,0,0,0,4416,0,0,0,0,0,0,5664,0,142143
60,8,0,0,4416,0,0,0,0,4416,0,0,0,0,0,0,5664,0,142143
60,9,0,0,4416,0,0,0,0,4416,0,0,0,0,0,0,5664,0,142143
60,10,0,0,4416,0,0,0,0,0,5112,0,0,0,0,4416,0,0,137448
60,11,0,0,4416,0,0,0,0,0,5112,0,0,0,0,4416,0,0,137448
60,12,0,0,4416,0,0,0,0,0,5112,0,0,0,0,4416,0,0,137448
60,13,0,0,4416,0,0,0,0,0,5112,0,0,0,0,0,5112,0,147739
60,14,0,0,4416,0,0,0,0,0,5112,0,0,0,0,0,5112,0,147739
60,15,0,0,4416,0,0,0,0,0,5112,0,0,0,0,0,5112,0,147739
60,16,0,0,4416,0,0,0,0,0,5112,0,0,0,0,0,0,5664,166158
60,17,0,0,4416,0,0,0,0,0,5112,0,0,0,0,0,0,5664,166158
60,18,0,0,4416,0,0,0,0,0,5112,0,0,0,0,0,0,5664,166158
60,19,0,0,4416,0,0,0,0,0,0,5664,0,0,0,0,4416,0,144779
60,20,0,0,4416,0,0,0,0,0,0,5664,0,0,0,0,4416,0,144779
60,21,0,0,4416,0,0,0,0,0,0,5664,0,0,0,0,4416,0,144779
60,22,0,0,4416,0,0,0,0,0,0,5664,0,0,0,0,0,5112,166345
60,23,0,0,4416,0,0,0,0,0,0,5664,0,0,0,0,0,5112,166345
60,24,0,0,4416,0,0,0,0,0,0,5664,0,0,0,0,0,5112,166345
60,25,0,0,4416,0,0,0,0,0,0,5664,0,0,0,0,0,0,196601
60,26,0,0,4416,0,0,0,0,0,0,5664,0,0,0,0,0,0,196601
60,27,0,0,4416,0,0,0,0,0,0,5664,0,0,0,0,0,0,196601
60,28,0,0,0,5112,0,0,0,0,4416,0,0,0,0,4416,0,0,140676
60,29,0,0,0,5112,0,0,0,0,4416,0,0,0,0,4416,0,0,140676
60,30,0,0,0,5112,0,0,0,0,4416,0,0,0,0,4416,0,0,140676
60,31,0,0,0,5112,0,0,0,0,4416,0,0,0,0,0,5112,0,150967
60,32,0,0,0,5112,0,0,0,0,4416,0,0,0,0,0,5112,0,150967
60,33,0,0,0,5112,0,0,0,0,4416,0,0,0,0,0,5112,0,150967
60,34,0,0,0,5112,0,0,0,0,4416,0,0,0,0,0,0,5664,169386
60,35,0,0,0,5112,0,0,0,0,4416,0,0,0,0,0,0,5664,169386
60,36,0,0,0,5112,0,0,0,0,4416,0,0,0,0,0,0,5664,169386
60,37,0,0,0,5112,0,0,0,0,0,5112,0,0,0,0,4416,0,153002
60,38,0,0,0,5112,0,0,0,0,0,5112,0,0,0,0,4416,0,153002
60,39,0,0,0,5112,0,0,0,0,0,5112,0,0,0,0,4416,0,153002
60,40,0,0,0,5112,0,0,0,0,0,5112,0,0,0,0,0,5112,174568
60,41,0,0,0,5112,0,0,0,0,0,5112,0,0,0,0,0,5112,174568
60,42,0,0,0,5112,0,0,0,0,0,5112,0,0,0,0,0,5112,174568
60,43,0,0,0,5112,0,0,0,0,0,5112,0,0,0,0,0,0,204824
60,44,0,0,0,5112,0,0,0,0,0,5112,0,0,0,0,0,0,204824
60,45,0,0,0,5112,0,0,0,0,0,5112,0,0,0,0,0,0,204824
60,46,0,0,0,5112,0,0,0,0,0,0,5664,0,0,0,0,4416,171827
60,47,0,0,0,5112,0,0,0,0,0,0,5664,0,0,0,0,4416,171827
60,48,0,0,0,5112,0,0,0,0,0,0,5664,0,0,0,0,4416,171827
60,49,0,0,0,5112,0,0,0,0,0,0,5664,0,0,0,0,0,204997
60,50,0,0,0,5112,0,0,0,0,0,0,5664,0,0,0,0,0,204997
60,51,0,0,0,5112,0,0,0,0,0,0,5664,0,0,0,0,0,204997
60,52,0,0,0,5112,0,0,0,0,0,0,5664,0,0,0,0,0,204997
60,53,0,0,0,5112,0,0,0,0,0,0,5664,0,0,0,0,0,204997
60,54,0,0,0,5112,0,0,0,0,0,0,5664,0,0,0,0,0,204997
60,55,0,0,0,0,5664,0,0,0,0,4416,0,0,0,0,4416,0,148652
60,56,0,0,0,0,5664,0,0,0,0,4416,0,0,0,0,4416,0,148652
60,57,0,0,0,0,5664,0,0,0,0,4416,0,0,0,0,4416,0,148652
60,58,0,0,0,0,5664,0,0,0,0,4416,0,0,0,0,0,5112,170218
60,59,0,0,0,0,5664,0,0,0,0,4416,0,0,0,0,0,5112,170218
60,60,0,0,0,0,5664,0,0,0,0,4416,0,0,0,0,0,5112,170218
60,61,0,0,0,0,5664,0,0,0,0,4416,0,0,0,0,0,0,200474
60,62,0,0,0,0,5664,0,0,0,0,4416,0,0,0,0,0,0,200474
60,63,0,0,0,0,5664,0,0,0,0,4416,0,0,0,0,0,0,200474
60,64,0,0,0,0,5664,0,0,0,0,0,5112,0,0,0,0,4416,172102
60,65,0,0,0,0,5664,0,0,0,0,0,5112,0,0,0,0,4416,172102
60,66,0,0,0,0,5664,0,0,0,0,0,5112,0,0,0,0,4416,172102
60,67,0,0,0,0,5664,0,0,0,0,0,5112,0,0,0,0,0,205272
60,68,0,0,0,0,5664,0,0,0,0,0,5112,0,0,0,0,0,205272
60,69,0,0,0,0,5664,0,0,0,0,0,5112,0,0,0,0,0,205272
60,70,0,0,0,0,5664,0,0,0,0,0,5112,0,0,0,0,0,205272
60,71,0,0,0,0,5664,0,0,0,0,0,5112,0,0,0,0,0,205272
60,72,0,0,0,0,5664,0,0,0,0,0,5112,0,0,0,0,0,205272
60,73,0,0,0,0,5664,0,0,0,0,0,0,5664,0,0,0,0,202733
60,74,0,0,0,0,5664,0,0,0,0,0,0,5664,0,0,0,0,202733
60,75,0,0,0,0,5664,0,0,0,0,0,0,5664,0,0,0,0,202733
60,76,0,0,0,0,5664,0,0,0,0,0,0,5664,0,0,0,0,202733
60,77,0,0,0,0,5664,0,0,0,0,0,0,5664,0,0,0,0,202733
60,78,0,0,0,0,5664,0,0,0,0,0,0,5664,0,0,0,0,202733
60,79,0,0,0,0,5664,0,0,0,0,0,0,5664,0,0,0,0,202733
60,80,0,0,0,0,5664,0,0,0,0,0,0,5664,0,0,0,0,202733
60,81,0,0,0,0,5664,0,0,0,0,0,0,5664,0,0,0,0,202733
61,1,0,0,5768,0,0,0,0,5768,0,0,0,0,5768,0,0,0,216469
61,2,0,0,5768,0,0,0,0,5768,0,0,0,0,5768,0,0,0,216469
61,3,0,0,5768,0,0,0,0,5768,0,0,0,0,5768,0,0,0,216469
61,4,0,0,5768,0,0,0,0,5768,0,0,0,0,0,6552,0,0,212978
61,5,0,0,5768,0,0,0,0,5768,0,0,0,0,0,6552,0,0,212978
61,6,0,0,5768,0,0,0,0,5768,0,0,0,0,0,6552,0,0,212978
61,7,0,0,5768,0,0,0,0,5768,0,0,0,0,0,0,7168,0,218431
61,8,0,0,5768,0,0,0,0,5768,0,0,0,0,0,0,7168,0,218431
61,9,0,0,5768,0,0,0,0,5768,0,0,0,0,0,0,7168,0,218431
61,10,0,0,5768,0,0,0,0,0,6552,0,0,0,0,5768,0,0,213968
61,11,0,0,5768,0,0,0,0,0,6552,0,0,0,0,5768,0,0,213968
61,12,0,0,5768,0,0,0,0,0,6552,0,0,0,0,5768,0,0,213968
61,13,0,0,5768,0,0,0,0,0,6552,0,0,0,0,0,6552,0,223349
61,14,0,0,5768,0,0,0,0,0,6552,0,0,0,0,0,6552,0,223349
61,15,0,0,5768,0,0,0,0,0,6552,0,0,0,0,0,6552,0,223349
61,16,0,0,5768,0,0,0,0,0,6552,0,0,0,0,0,0,7168,244635
61,17,0,0,5768,0,0,0,0,0,6552,0,0,0,0,0,0,7168,244635
61,18,0,0,5768,0,0,0,0,0,6552,0,0,0,0,0,0,7168,244635
61,19,0,0,5768,0,0,0,0,0,0,7168,0,0,0,0,5768,0,218495
61,20,0,0,5768,0,0,0,0,0,0,7168,0,0,0,0,5768,0,218495
61,21,0,0,5768,0,0,0,0,0,0,7168,0,0,0,0,5768,0,218495
61,22,0,0,5768,0,0,0,0,0,0,7168,0,0,0,0,0,6552,243417
61,23,0,0,5768,0,0,0,0,0,0,7168,0,0,0,0,0,6552,243417
61,24,0,0,5768,0,0,0,0,0,0,7168,0,0,0,0,0,6552,243417
61,25,0,0,5768,0,0,0,0,0,0,7168,0,0,0,0,0,0,277947
61,26,0,0,5768,0,0,0,0,0,0,7168,0,0,0,0,0,0,277947
61,27,0,0,5768,0,0,0,0,0,0,7168,0,0,0,0,0,0,277947
61,28,0,0,0,6552,0,0,0,0,5768,0,0,0,0,5768,0,0,215424
61,29,0,0,0,6552,0,0,0,0,5768,0,0,0,0,5768,0,0,215424
61,30,0,0,0,6552,0,0,0,0,5768,0,0,0,0,5768,0,0,215424
61,31,0,0,0,6552,0,0,0,0,5768,0,0,0,0,0,6552,0,224805
61,32,0,0,0,6552,0,0,0,0,5768,0,0,0,0,0,6552,0,224805
61,33,0,0,0,6552,0,0,0,0,5768,0,0,0,0,0,6552,0,224805
61,34,0,0,0,6552,0,0,0,0,5768,0,0,0,0,0,0,7168,246091
61,35,0,0,0,6552,0,0,0,0,5768,0,0,0,0,0,0,7168,246091
61,36,0,0,0,6552,0,0,0,0,5768,0,0,0,0,0,0,7168,246091
61,37,0,0,0,6552,0,0,0,0,0,6552,0,0,0,0,5768,0,225721
61,38,0,0,0,6552,0,0,0,0,0,6552,0,0,0,0,5768,0,225721
61,39,0,0,0,6552,0,0,0,0,0,6552,0,0,0,0,5768,0,225721
61,40,0,0,0,6552,0,0,0,0,0,6552,0,0,0,0,0,6552,250643
61,41,0,0,0,6552,0,0,0,0,0,6552,0,0,0,0,0,6552,250643
61,42,0,0,0,6552,0,0,0,0,0,6552,0,0,0,0,0,6552,250643
61,43,0,0,0,6552,0,0,0,0,0,6552,0,0,0,0,0,0,285173
61,44,0,0,0,6552,0,0,0,0,0,6552,0,0,0,0,0,0,285173
61,45,0,0,0,6552,0,0,0,0,0,6552,0,0,0,0,0,0,285173
61,46,0,0,0,6552,0,0,0,0,0,0,7168,0,0,0,0,5768,246150
61,47,0,0,0,6552,0,0,0,0,0,0,7168,0,0,0,0,5768,246150
61,48,0,0,0,6552,0,0,0,0,0,0,7168,0,0,0,0,5768,246150
61,49,0,0,0,6552,0,0,0,0,0,0,7168,0,0,0,0,0,284047
61,50,0,0,0,6552,0,0,0,0,0,0,7168,0,0,0,0,0,284047
61,51,0,0,0,6552,0,0,0,0,0,0,7168,0,0,0,0,0,284047
61,52,0,0,0,6552,0,0,0,0,0,0,7168,0,0,0,0,0,284047
61,53,0,0,0,6552,0,0,0,0,0,0,7168,0,0,0,0,0,284047
61,54,0,0,0,6552,0,0,0,0,0,0,7168,0,0,0,0,0,284047
61,55,0,0,0,0,7168,0,0,0,0,5768,0,0,0,0,5768,0,218589
61,56,0,0,0,0,7168,0,0,0,0,5768,0,0,0,0,5768,0,218589
61,57,0,0,0,0,7168,0,0,0,0,5768,0,0,0,0,5768,0,218589
61,58,0,0,0,0,7168,0,0,0,0,5768,0,0,0,0,0,6552,243511
61,59,0,0,0,0,7168,0,0,0,0,5768,0,0,0,0,0,6552,243511
61,60,0,0,0,0,7168,0,0,0,0,5768,0,0,0,0,0,6552,243511
61,61,0,0,0,0,7168,0,0,0,0,5768,0,0,0,0,0,0,278041
61,62,0,0,0,0,7168,0,0,0,0,5768,0,0,0,0,0,0,278041
61,63,0,0,0,0,7168,0,0,0,0,5768,0,0,0,0,0,0,278041
61,64,0,0,0,0,7168,0,0,0,0,0,6552,0,0,0,0,5768,244360
61,65,0,0,0,0,7168,0,0,0,0,0,6552,0,0,0,0,5768,244360
61,66,0,0,0,0,7168,0,0,0,0,0,6552,0,0,0,0,5768,244360
61,67,0,0,0,0,7168,0,0,0,0,0,6552,0,0,0,0,0,282257
61,68,0,0,0,0,7168,0,0,0,0,0,6552,0,0,0,0,0,282257
61,69,0,0,0,0,7168,0,0,0,0,0,6552,0,0,0,0,0,282257
61,70,0,0,0,0,7168,0,0,0,0,0,6552,0,0,0,0,0,282257
61,71,0,0,0,0,7168,0,0,0,0,0,6552,0,0,0,0,0,282257
61,72,0,0,0,0,7168,0,0,0,0,0,6552,0,0,0,0,0,282257
61,73,0,0,0,0,7168,0,0,0,0,0,0,7168,0,0,0,0,278096
61,74,0,0,0,0,7168,0,0,0,0,0,0,7168,0,0,0,0,278096
61,75,0,0,0,0,7168,0,0,0,0,0,0,7168,0,0,0,0,278096
61,76,0,0,0,0,7168,0,0,0,0,0,0,7168,0,0,0,0,278096
61,77,0,0,0,0,7168,0,0,0,0,0,0,7168,0,0,0,0,278096
61,78,0,0,0,0,7168,0,0,0,0,0,0,7168,0,0,0,0,278096
61,79,0,0,0,0,7168,0,0,0,0,0,0,7168,0,0,0,0,278096
61,80,0,0,0,0,7168,0,0,0,0,0,0,7168,0,0,0,0,278096
61,81,0,0,0,0,7168,0,0,0,0,0,0,7168,0,0,0,0,278096
62,1,0,0,6256,0,0,0,0,6256,0,0,0,0,6256,0,0,0,191830
62,2,0,0,6256,0,0,0,0,6256,0,0,0,0,6256,0,0,0,191830
62,3,0,0,6256,0,0,0,0,6256,0,0,0,0,6256,0,0,0,191830
62,4,0,0,6256,0,0,0,0,6256,0,0,0,0,0,7242,0,0,191599
62,5,0,0,6256,0,0,0,0,6256,0,0,0,0,0,7242,0,0,191599
62,6,0,0,6256,0,0,0,0,6256,0,0,0,0,0,7242,0,0,191599
62,7,0,0,6256,0,0,0,0,6256,0,0,0,0,0,0,8024,0,201360
62,8,0,0,6256,0,0,0,0,6256,0,0,0,0,0,0,8024,0,201360
62,9,0,0,6256,0,0,0,0,6256,0,0,0,0,0,0,8024,0,201360
62,10,0,0,6256,0,0,0,0,0,7242,0,0,0,0,6256,0,0,194711
62,11,0,0,6256,0,0,0,0,0,7242,0,0,0,0,6256,0,0,194711
62,12,0,0,6256,0,0,0,0,0,7242,0,0,0,0,6256,0,0,194711
62,13,0,0,6256,0,0,0,0,0,7242,0,0,0,0,0,7242,0,209288
62,14,0,0,6256,0,0,0,0,0,7242,0,0,0,0,0,7242,0,209288
62,15,0,0,6256,0,0,0,0,0,7242,0,0,0,0,0,7242,0,209288
62,16,0,0,6256,0,0,0,0,0,7242,0,0,0,0,0,0,8024,235381
62,17,0,0,6256,0,0,0,0,0,7242,0,0,0,0,0,0,8024,235381
62,18,0,0,6256,0,0,0,0,0,7242,0,0,0,0,0,0,8024,235381
62,19,0,0,6256,0,0,0,0,0,0,8024,0,0,0,0,6256,0,205092
62,20,0,0,6256,0,0,0,0,0,0,8024,0,0,0,0,6256,0,205092
62,21,0,0,6256,0,0,0,0,0,0,8024,0,0,0,0,6256,0,205092
62,22,0,0,6256,0,0,0,0,0,0,8024,0,0,0,0,0,7242,235644
62,23,0,0,6256,0,0,0,0,0,0,8024,0,0,0,0,0,7242,235644
62,24,0,0,6256,0,0,0,0,0,0,8024,0,0,0,0,0,7242,235644
62,25,0,0,6256,0,0,0,0,0,0,8024,0,0,0,0,0,0,278507
62,26,0,0,6256,0,0,0,0,0,0,8024,0,0,0,0,0,0,278507
62,27,0,0,6256,0,0,0,0,0,0,8024,0,0,0,0,0,0,278507
62,28,0,0,0,7242,0,0,0,0,6256,0,0,0,0,6256,0,0,199283
62,29,0,0,0,7242,0,0,0,0,6256,0,0,0,0,6256,0,0,199283
62,30,0,0,0,7242,0,0,0,0,6256,0,0,0,0,6256,0,0,199283
62,31,0,0,0,7242,0,0,0,0,6256,0,0,0,0,0,7242,0,213860
62,32,0,0,0,7242,0,0,0,0,6256,0,0,0,0,0,7242,0,213860
62,33,0,0,0,7242,0,0,0,0,6256,0,0,0,0,0,7242,0,213860
62,34,0,0,0,7242,0,0,0,0,6256,0,0,0,0,0,0,8024,239953
62,35,0,0,0,7242,0,0,0,0,6256,0,0,0,0,0,0,8024,239953
62,36,0,0,0,7242,0,0,0,0,6256,0,0,0,0,0,0,8024,239953
62,37,0,0,0,7242,0,0,0,0,0,7242,0,0,0,0,6256,0,216740
62,38,0,0,0,7242,0,0,0,0,0,7242,0,0,0,0,6256,0,216740
62,39,0,0,0,7242,0,0,0,0,0,7242,0,0,0,0,6256,0,216740
62,40,0,0,0,7242,0,0,0,0,0,7242,0,0,0,0,0,7242,247292
62,41,0,0,0,7242,0,0,0,0,0,7242,0,0,0,0,0,7242,247292
62,42,0,0,0,7242,0,0,0,0,0,7242,0,0,0,0,0,7242,247292
62,43,0,0,0,7242,0,0,0,0,0,7242,0,0,0,0,0,0,290155
62,44,0,0,0,7242,0,0,0,0,0,7242,0,0,0,0,0,0,290155
62,45,0,0,0,7242,0,0,0,0,0,7242,0,0,0,0,0,0,290155
62,46,0,0,0,7242,0,0,0,0,0,0,8024,0,0,0,0,6256,243410
62,47,0,0,0,7242,0,0,0,0,0,0,8024,0,0,0,0,6256,243410
62,48,0,0,0,7242,0,0,0,0,0,0,8024,0,0,0,0,6256,243410
62,49,0,0,0,7242,0,0,0,0,0,0,8024,0,0,0,0,0,290401
62,50,0,0,0,7242,0,0,0,0,0,0,8024,0,0,0,0,0,290401
62,51,0,0,0,7242,0,0,0,0,0,0,8024,0,0,0,0,0,290401
62,52,0,0,0,7242,0,0,0,0,0,0,8024,0,0,0,0,0,290401
62,53,0,0,0,7242,0,0,0,0,0,0,8024,0,0,0,0,0,290401
62,54,0,0,0,7242,0,0,0,0,0,0,8024,0,0,0,0,0,290401
62,55,0,0,0,0,8024,0,0,0,0,6256,0,0,0,0,6256,0,210578
62,56,0,0,0,0,8024,0,0,0,0,6256,0,0,0,0,6256,0,210578
62,57,0,0,0,0,8024,0,0,0,0,6256,0,0,0,0,6256,0,210578
62,58,0,0,0,0,8024,0,0,0,0,6256,0,0,0,0,0,7242,241130
62,59,0,0,0,0,8024,0,0,0,0,6256,0,0,0,0,0,7242,241130
62,60,0,0,0,0,8024,0,0,0,0,6256,0,0,0,0,0,7242,241130
62,61,0,0,0,0,8024,0,0,0,0,6256,0,0,0,0,0,0,283993
62,62,0,0,0,0,8024,0,0,0,0,6256,0,0,0,0,0,0,283993
62,63,0,0,0,0,8024,0,0,0,0,6256,0,0,0,0,0,0,283993
62,64,0,0,0,0,8024,0,0,0,0,0,7242,0,0,0,0,6256,243800
62,65,0,0,0,0,8024,0,0,0,0,0,7242,0,0,0,0,6256,243800
62,66,0,0,0,0,8024,0,0,0,0,0,7242,0,0,0,0,6256,243800
62,67,0,0,0,0,8024,0,0,0,0,0,7242,0,0,0,0,0,290791
62,68,0,0,0,0,8024,0,0,0,0,0,7242,0,0,0,0,0,290791
62,69,0,0,0,0,8024,0,0,0,0,0,7242,0,0,0,0,0,290791
62,70,0,0,0,0,8024,0,0,0,0,0,7242,0,0,0,0,0,290791
62,71,0,0,0,0,8024,0,0,0,0,0,7242,0,0,0,0,0,290791
62,72,0,0,0,0,8024,0,0,0,0,0,7242,0,0,0,0,0,290791
62,73,0,0,0,0,8024,0,0,0,0,0,0,8024,0,0,0,0,287196
62,74,0,0,0,0,8024,0,0,0,0,0,0,8024,0,0,0,0,287196
62,75,0,0,0,0,8024,0,0,0,0,0,0,8024,0,0,0,0,287196
62,76,0,0,0,0,8024,0,0,0,0,0,0,8024,0,0,0,0,287196
62,77,0,0,0,0,8024,0,0,0,0,0,0,8024,0,0,0,0,287196
62,78,0,0,0,0,8024,0,0,0,0,0,0,8024,0,0,0,0,287196
62,79,0,0,0,0,8024,0,0,0,0,0,0,8024,0,0,0,0,287196
62,80,0,0,0,0,8024,0,0,0,0,0,0,8024,0,0,0,0,287196
62,81,0,0,0,0,8024,0,0,0,0,0,0,8024,0,0,0,0,287196
63,1,0,0,6592,0,0,0,0,6592,0,0,0,0,6592,0,0,0,247395
63,2,0,0,6592,0,0,0,0,6592,0,0,0,0,6592,0,0,0,247395
63,3,0,0,6592,0,0,0,0,6592,0,0,0,0,6592,0,0,0,247395
63,4,0,0,6592,0,0,0,0,6592,0,0,0,0,0,7488,0,0,243404
63,5,0,0,6592,0,0,0,0,6592,0,0,0,0,0,7488,0,0,243404
63,6,0,0,6592,0,0,0,0,6592,0,0,0,0,0,7488,0,0,243404
63,7,0,0,6592,0,0,0,0,6592,0,0,0,0,0,0,8192,0,249639
63,8,0,0,6592,0,0,0,0,6592,0,0,0,0,0,0,8192,0,249639
63,9,0,0,6592,0,0,0,0,6592,0,0,0,0,0,0,8192,0,249639
63,10,0,0,6592,0,0,0,0,0,7488,0,0,0,0,6592,0,0,244536
63,11,0,0,6592,0,0,0,0,0,7488,0,0,0,0,6592,0,0,244536
63,12,0,0,6592,0,0,0,0,0,7488,0,0,0,0,6592,0,0,244536
63,13,0,0,6592,0,0,0,0,0,7488,0,0,0,0,0,7488,0,255259
63,14,0,0,6592,0,0,0,0,0,7488,0,0,0,0,0,7488,0,255259
63,15,0,0,6592,0,0,0,0,0,7488,0,0,0,0,0,7488,0,255259
63,16,0,0,6592,0,0,0,0,0,7488,0,0,0,0,0,0,8192,279585
63,17,0,0,6592,0,0,0,0,0,7488,0,0,0,0,0,0,8192,279585
63,18,0,0,6592,0,0,0,0,0,7488,0,0,0,0,0,0,8192,279585
63,19,0,0,6592,0,0,0,0,0,0,8192,0,0,0,0,6592,0,249710
63,20,0,0,6592,0,0,0,0,0,0,8192,0,0,0,0,6592,0,249710
63,21,0,0,6592,0,0,0,0,0,0,8192,0,0,0,0,6592,0,249710
63,22,0,0,6592,0,0,0,0,0,0,8192,0,0,0,0,0,7488,278193
63,23,0,0,6592,0,0,0,0,0,0,8192,0,0,0,0,0,7488,278193
63,24,0,0,6592,0,0,0,0,0,0,8192,0,0,0,0,0,7488,278193
63,25,0,0,6592,0,0,0,0,0,0,8192,0,0,0,0,0,0,317655
63,26,0,0,6592,0,0,0,0,0,0,8192,0,0,0,0,0,0,317655
63,27,0,0,6592,0,0,0,0,0,0,8192,0,0,0,0,0,0,317655
63,28,0,0,0,7488,0,0,0,0,6592,0,0,0,0,6592,0,0,246199
63,29,0,0,0,7488,0,0,0,0,6592,0,0,0,0,6592,0,0,246199
63,30,0,0,0,7488,0,0,0,0,6592,0,0,0,0,6592,0,0,246199
63,31,0,0,0,7488,0,0,0,0,6592,0,0,0,0,0,7488,0,256922
63,32,0,0,0,7488,0,0,0,0,6592,0,0,0,0,0,7488,0,256922
63,33,0,0,0,7488,0,0,0,0,6592,0,0,0,0,0,7488,0,256922
63,34,0,0,0,7488,0,0,0,0,6592,0,0,0,0,0,0,8192,281248
63,35,0,0,0,7488,0,0,0,0,6592,0,0,0,0,0,0,8192,281248
63,36,0,0,0,7488,0,0,0,0,6592,0,0,0,0,0,0,8192,281248
63,37,0,0,0,7488,0,0,0,0,0,7488,0,0,0,0,6592,0,257968
63,38,0,0,0,7488,0,0,0,0,0,7488,0,0,0,0,6592,0,257968
63,39,0,0,0,7488,0,0,0,0,0,7488,0,0,0,0,6592,0,257968
63,40,0,0,0,7488,0,0,0,0,0,7488,0,0,0,0,0,7488,286451
63,41,0,0,0,7488,0,0,0,0,0,7488,0,0,0,0,0,7488,286451
63,42,0,0,0,7488,0,0,0,0,0,7488,0,0,0,0,0,7488,286451
63,43,0,0,0,7488,0,0,0,0,0,7488,0,0,0,0,0,0,325913
63,44,0,0,0,7488,0,0,0,0,0,7488,0,0,0,0,0,0,325913
63,45,0,0,0,7488,0,0,0,0,0,7488,0,0,0,0,0,0,325913
63,46,0,0,0,7488,0,0,0,0,0,0,8192,0,0,0,0,6592,281316
63,47,0,0,0,7488,0,0,0,0,0,0,8192,0,0,0,0,6592,281316
63,48,0,0,0,7488,0,0,0,0,0,0,8192,0,0,0,0,6592,281316
63,49,0,0,0,7488,0,0,0,0,0,0,8192,0,0,0,0,0,324627
63,50,0,0,0,7488,0,0,0,0,0,0,8192,0,0,0,0,0,324627
63,51,0,0,0,7488,0,0,0,0,0,0,8192,0,0,0,0,0,324627
63,52,0,0,0,7488,0,0,0,0,0,0,8192,0,0,0,0,0,324627
63,53,0,0,0,7488,0,0,0,0,0,0,8192,0,0,0,0,0,324627
63,54,0,0,0,7488,0,0,0,0,0,0,8192,0,0,0,0,0,324627
63,55,0,0,0,0,8192,0,0,0,0,6592,0,0,0,0,6592,0,249817
63,56,0,0,0,0,8192,0,0,0,0,6592,0,0,0,0,6592,0,249817
63,57,0,0,0,0,8192,0,0,0,0,6592,0,0,0,0,6592,0,249817
63,58,0,0,0,0,8192,0,0,0,0,6592,0,0,0,0,0,7488,278300
63,59,0,0,0,0,8192,0,0,0,0,6592,0,0,0,0,0,7488,278300
63,60,0,0,0,0,8192,0,0,0,0,6592,0,0,0,0,0,7488,278300
63,61,0,0,0,0,8192,0,0,0,0,6592,0,0,0,0,0,0,317762
63,62,0,0,0,0,8192,0,0,0,0,6592,0,0,0,0,0,0,317762
63,63,0,0,0,0,8192,0,0,0,0,6592,0,0,0,0,0,0,317762
63,64,0,0,0,0,8192,0,0,0,0,0,7488,0,0,0,0,6592,279272
63,65,0,0,0,0,8192,0,0,0,0,0,7488,0,0,0,0,6592,279272
63,66,0,0,0,0,8192,0,0,0,0,0,7488,0,0,0,0,6592,279272
63,67,0,0,0,0,8192,0,0,0,0,0,7488,0,0,0,0,0,322583
63,68,0,0,0,0,8192,0,0,0,0,0,7488,0,0,0,0,0,322583
63,69,0,0,0,0,8192,0,0,0,0,0,7488,0,0,0,0,0,322583
63,70,0,0,0,0,8192,0,0,0,0,0,7488,0,0,0,0,0,322583
63,71,0,0,0,0,8192,0,0,0,0,0,7488,0,0,0,0,0,322583
63,72,0,0,0,0,8192,0,0,0,0,0,7488,0,0,0,0,0,322583
63,73,0,0,0,0,8192,0,0,0,0,0,0,8192,0,0,0,0,317825
63,74,0,0,0,0,8192,0,0,0,0,0,0,8192,0,0,0,0,317825
63,75,0,0,0,0,8192,0,0,0,0,0,0,8192,0,0,0,0,317825
63,76,0,0,0,0,8192,0,0,0,0,0,0,8192,0,0,0,0,317825
63,77,0,0,0,0,8192,0,0,0,0,0,0,8192,0,0,0,0,317825
63,78,0,0,0,0,8192,0,0,0,0,0,0,8192,0,0,0,0,317825
63,79,0,0,0,0,8192,0,0,0,0,0,0,8192,0,0,0,0,317825
63,80,0,0,0,0,8192,0,0,0,0,0,0,8192,0,0,0,0,317825
63,81,0,0,0,0,8192,0,0,0,0,0,0,8192,0,0,0,0,317825
64,1,0,0,3990,0,0,0,0,3990,0,0,0,0,3990,0,0,0,130433
64,2,0,0,3990,0,0,0,0,3990,0,0,0,0,3990,0,0,0,130433
64,3,0,0,3990,0,0,0,0,3990,0,0,0,0,3990,0,0,0,130433
64,4,0,0,3990,0,0,0,0,3990,0,0,0,0,0,4599,0,0,129736
64,5,0,0,3990,0,0,0,0,3990,0,0,0,0,0,4599,0,0,129736
64,6,0,0,3990,0,0,0,0,3990,0,0,0,0,0,4599,0,0,129736
64,7,0,0,3990,0,0,0,0,3990,0,0,0,0,0,0,5082,0,135349
64,8,0,0,3990,0,0,0,0,3990,0,0,0,0,0,0,5082,0,135349
64,9,0,0,3990,0,0,0,0,3990,0,0,0,0,0,0,5082,0,135349
64,10,0,0,3990,0,0,0,0,0,4599,0,0,0,0,3990,0,0,131386
64,11,0,0,3990,0,0,0,0,0,4599,0,0,0,0,3990,0,0,131386
64,12,0,0,3990,0,0,0,0,0,4599,0,0,0,0,3990,0,0,131386
64,13,0,0,3990,0,0,0,0,0,4599,0,0,0,0,0,4599,0,139974
64,14,0,0,3990,0,0,0,0,0,4599,0,0,0,0,0,4599,0,139974
64,15,0,0,3990,0,0,0,0,0,4599,0,0,0,0,0,4599,0,139974
64,16,0,0,3990,0,0,0,0,0,4599,0,0,0,0,0,0,5082,156115
64,17,0,0,3990,0,0,0,0,0,4599,0,0,0,0,0,0,5082,156115
64,18,0,0,3990,0,0,0,0,0,4599,0,0,0,0,0,0,5082,156115
64,19,0,0,3990,0,0,0,0,0,0,5082,0,0,0,0,3990,0,137133
64,20,0,0,3990,0,0,0,0,0,0,5082,0,0,0,0,3990,0,137133
64,21,0,0,3990,0,0,0,0,0,0,5082,0,0,0,0,3990,0,137133
64,22,0,0,3990,0,0,0,0,0,0,5082,0,0,0,0,0,4599,156028
64,23,0,0,3990,0,0,0,0,0,0,5082,0,0,0,0,0,4599,156028
64,24,0,0,3990,0,0,0,0,0,0,5082,0,0,0,0,0,4599,156028
64,25,0,0,3990,0,0,0,0,0,0,5082,0,0,0,0,0,0,182416
64,26,0,0,3990,0,0,0,0,0,0,5082,0,0,0,0,0,0,182416
64,27,0,0,3990,0,0,0,0,0,0,5082,0,0,0,0,0,0,182416
64,28,0,0,0,4599,0,0,0,0,3990,0,0,0,0,3990,0,0,133810
64,29,0,0,0,4599,0,0,0,0,3990,0,0,0,0,3990,0,0,133810
64,30,0,0,0,4599,0,0,0,0,3990,0,0,0,0,3990,0,0,133810
64,31,0,0,0,4599,0,0,0,0,3990,0,0,0,0,0,4599,0,142398
64,32,0,0,0,4599,0,0,0,0,3990,0,0,0,0,0,4599,0,142398
64,33,0,0,0,4599,0,0,0,0,3990,0,0,0,0,0,4599,0,142398
64,34,0,0,0,4599,0,0,0,0,3990,0,0,0,0,0,0,5082,158539
64,35,0,0,0,4599,0,0,0,0,3990,0,0,0,0,0,0,5082,158539
64,36,0,0,0,4599,0,0,0,0,3990,0,0,0,0,0,0,5082,158539
64,37,0,0,0,4599,0,0,0,0,0,4599,0,0,0,0,3990,0,143927
64,38,0,0,0,4599,0,0,0,0,0,4599,0,0,0,0,3990,0,143927
64,39,0,0,0,4599,0,0,0,0,0,4599,0,0,0,0,3990,0,143927
64,40,0,0,0,4599,0,0,0,0,0,4599,0,0,0,0,0,4599,162822
64,41,0,0,0,4599,0,0,0,0,0,4599,0,0,0,0,0,4599,162822
64,42,0,0,0,4599,0,0,0,0,0,4599,0,0,0,0,0,4599,162822
64,43,0,0,0,4599,0,0,0,0,0,4599,0,0,0,0,0,0,189210
64,44,0,0,0,4599,0,0,0,0,0,4599,0,0,0,0,0,0,189210
64,45,0,0,0,4599,0,0,0,0,0,4599,0,0,0,0,0,0,189210
64,46,0,0,0,4599,0,0,0,0,0,0,5082,0,0,0,0,3990,160190
64,47,0,0,0,4599,0,0,0,0,0,0,5082,0,0,0,0,3990,160190
64,48,0,0,0,4599,0,0,0,0,0,0,5082,0,0,0,0,3990,160190
64,49,0,0,0,4599,0,0,0,0,0,0,5082,0,0,0,0,0,189129
64,50,0,0,0,4599,0,0,0,0,0,0,5082,0,0,0,0,0,189129
64,51,0,0,0,4599,0,0,0,0,0,0,5082,0,0,0,0,0,189129
64,52,0,0,0,4599,0,0,0,0,0,0,5082,0,0,0,0,0,189129
64,53,0,0,0,4599,0,0,0,0,0,0,5082,0,0,0,0,0,189129
64,54,0,0,0,4599,0,0,0,0,0,0,5082,0,0,0,0,0,189129
64,55,0,0,0,0,5082,0,0,0,0,3990,0,0,0,0,3990,0,139749
64,56,0,0,0,0,5082,0,0,0,0,3990,0,0,0,0,3990,0,139749
64,57,0,0,0,0,5082,0,0,0,0,3990,0,0,0,0,3990,0,139749
64,58,0,0,0,0,5082,0,0,0,0,3990,0,0,0,0,0,4599,158644
64,59,0,0,0,0,5082,0,0,0,0,3990,0,0,0,0,0,4599,158644
64,60,0,0,0,0,5082,0,0,0,0,3990,0,0,0,0,0,4599,158644
64,61,0,0,0,0,5082,0,0,0,0,3990,0,0,0,0,0,0,185032
64,62,0,0,0,0,5082,0,0,0,0,3990,0,0,0,0,0,0,185032
64,63,0,0,0,0,5082,0,0,0,0,3990,0,0,0,0,0,0,185032
64,64,0,0,0,0,5082,0,0,0,0,0,4599,0,0,0,0,3990,160058
64,65,0,0,0,0,5082,0,0,0,0,0,4599,0,0,0,0,3990,160058
64,66,0,0,0,0,5082,0,0,0,0,0,4599,0,0,0,0,3990,160058
64,67,0,0,0,0,5082,0,0,0,0,0,4599,0,0,0,0,0,188997
64,68,0,0,0,0,5082,0,0,0,0,0,4599,0,0,0,0,0,188997
64,69,0,0,0,0,5082,0,0,0,0,0,4599,0,0,0,0,0,188997
64,70,0,0,0,0,5082,0,0,0,0,0,4599,0,0,0,0,0,188997
64,71,0,0,0,0,5082,0,0,0,0,0,4599,0,0,0,0,0,188997
64,72,0,0,0,0,5082,0,0,0,0,0,4599,0,0,0,0,0,188997
64,73,0,0,0,0,5082,0,0,0,0,0,0,5082,0,0,0,0,186561
64,74,0,0,0,0,5082,0,0,0,0,0,0,5082,0,0,0,0,186561
64,75,0,0,0,0,5082,0,0,0,0,0,0,5082,0,0,0,0,186561
64,76,0,0,0,0,5082,0,0,0,0,0,0,5082,0,0,0,0,186561
64,77,0,0,0,0,5082,0,0,0,0,0,0,5082,0,0,0,0,186561
64,78,0,0,0,0,5082,0,0,0,0,0,0,5082,0,0,0,0,186561
64,79,0,0,0,0,5082,0,0,0,0,0,0,5082,0,0,0,0,186561
64,80,0,0,0,0,5082,0,0,0,0,0,0,5082,0,0,0,0,186561
64,81,0,0,0,0,5082,0,0,0,0,0,0,5082,0,0,0,0,186561
65,1,0,0,8240,0,0,0,0,8240,0,0,0,0,8240,0,0,0,309239
65,2,0,0,8240,0,0,0,0,8240,0,0,0,0,8240,0,0,0,309239
65,3,0,0,8240,0,0,0,0,8240,0,0,0,0,8240,0,0,0,309239
65,4,0,0,8240,0,0,0,0,8240,0,0,0,0,0,9360,0,0,304250
65,5,0,0,8240,0,0,0,0,8240,0,0,0,0,0,9360,0,0,304250
65,6,0,0,8240,0,0,0,0,8240,0,0,0,0,0,9360,0,0,304250
65,7,0,0,8240,0,0,0,0,8240,0,0,0,0,0,0,10240,0,312043
65,8,0,0,8240,0,0,0,0,8240,0,0,0,0,0,0,10240,0,312043
65,9,0,0,8240,0,0,0,0,8240,0,0,0,0,0,0,10240,0,312043
65,10,0,0,8240,0,0,0,0,0,9360,0,0,0,0,8240,0,0,305665
65,11,0,0,8240,0,0,0,0,0,9360,0,0,0,0,8240,0,0,305665
65,12,0,0,8240,0,0,0,0,0,9360,0,0,0,0,8240,0,0,305665
65,13,0,0,8240,0,0,0,0,0,9360,0,0,0,0,0,9360,0,319069
65,14,0,0,8240,0,0,0,0,0,9360,0,0,0,0,0,9360,0,319069
65,15,0,0,8240,0,0,0,0,0,9360,0,0,0,0,0,9360,0,319069
65,16,0,0,8240,0,0,0,0,0,9360,0,0,0,0,0,0,10240,349477
65,17,0,0,8240,0,0,0,0,0,9360,0,0,0,0,0,0,10240,349477
65,18,0,0,8240,0,0,0,0,0,9360,0,0,0,0,0,0,10240,349477
65,19,0,0,8240,0,0,0,0,0,0,10240,0,0,0,0,8240,0,312134
65,20,0,0,8240,0,0,0,0,0,0,10240,0,0,0,0,8240,0,312134
65,21,0,0,8240,0,0,0,0,0,0,10240,0,0,0,0,8240,0,312134
65,22,0,0,8240,0,0,0,0,0,0,10240,0,0,0,0,0,9360,347737
65,23,0,0,8240,0,0,0,0,0,0,10240,0,0,0,0,0,9360,347737
65,24,0,0,8240,0,0,0,0,0,0,10240,0,0,0,0,0,9360,347737
65,25,0,0,8240,0,0,0,0,0,0,10240,0,0,0,0,0,0,397066
65,26,0,0,8240,0,0,0,0,0,0,10240,0,0,0,0,0,0,397066
65,27,0,0,8240,0,0,0,0,0,0,10240,0,0,0,0,0,0,397066
65,28,0,0,0,9360,0,0,0,0,8240,0,0,0,0,8240,0,0,307745
65,29,0,0,0,9360,0,0,0,0,8240,0,0,0,0,8240,0,0,307745
65,30,0,0,0,9360,0,0,0,0,8240,0,0,0,0,8240,0,0,307745
65,31,0,0,0,9360,0,0,0,0,8240,0,0,0,0,0,9360,0,321149
65,32,0,0,0,9360,0,0,0,0,8240,0,0,0,0,0,9360,0,321149
65,33,0,0,0,9360,0,0,0,0,8240,0,0,0,0,0,9360,0,321149
65,34,0,0,0,9360,0,0,0,0,8240,0,0,0,0,0,0,10240,351557
65,35,0,0,0,9360,0,0,0,0,8240,0,0,0,0,0,0,10240,351557
65,36,0,0,0,9360,0,0,0,0,8240,0,0,0,0,0,0,10240,351557
65,37,0,0,0,9360,0,0,0,0,0,9360,0,0,0,0,8240,0,322458
65,38,0,0,0,9360,0,0,0,0,0,9360,0,0,0,0,8240,0,322458
65,39,0,0,0,9360,0,0,0,0,0,9360,0,0,0,0,8240,0,322458
65,40,0,0,0,9360,0,0,0,0,0,9360,0,0,0,0,0,9360,358061
65,41,0,0,0,9360,0,0,0,0,0,9360,0,0,0,0,0,9360,358061
65,42,0,0,0,9360,0,0,0,0,0,9360,0,0,0,0,0,9360,358061
65,43,0,0,0,9360,0,0,0,0,0,9360,0,0,0,0,0,0,407390
65,44,0,0,0,9360,0,0,0,0,0,9360,0,0,0,0,0,0,407390
65,45,0,0,0,9360,0,0,0,0,0,9360,0,0,0,0,0,0,407390
65,46,0,0,0,9360,0,0,0,0,0,0,10240,0,0,0,0,8240,351641
65,47,0,0,0,9360,0,0,0,0,0,0,10240,0,0,0,0,8240,351641
65,48,0,0,0,9360,0,0,0,0,0,0,10240,0,0,0,0,8240,351641
65,49,0,0,0,9360,0,0,0,0,0,0,10240,0,0,0,0,0,405780
65,50,0,0,0,9360,0,0,0,0,0,0,10240,0,0,0,0,0,405780
65,51,0,0,0,9360,0,0,0,0,0,0,10240,0,0,0,0,0,405780
65,52,0,0,0,9360,0,0,0,0,0,0,10240,0,0,0,0,0,405780
65,53,0,0,0,9360,0,0,0,0,0,0,10240,0,0,0,0,0,405780
65,54,0,0,0,9360,0,0,0,0,0,0,10240,0,0,0,0,0,405780
65,55,0,0,0,0,10240,0,0,0,0,8240,0,0,0,0,8240,0,312269
65,56,0,0,0,0,10240,0,0,0,0,8240,0,0,0,0,8240,0,312269
65,57,0,0,0,0,10240,0,0,0,0,8240,0,0,0,0,8240,0,312269
65,58,0,0,0,0,10240,0,0,0,0,8240,0,0,0,0,0,9360,347872
65,59,0,0,0,0,10240,0,0,0,0,8240,0,0,0,0,0,9360,347872
65,60,0,0,0,0,10240,0,0,0,0,8240,0,0,0,0,0,9360,347872
65,61,0,0,0,0,10240,0,0,0,0,8240,0,0,0,0,0,0,397201
65,62,0,0,0,0,10240,0,0,0,0,8240,0,0,0,0,0,0,397201
65,63,0,0,0,0,10240,0,0,0,0,8240,0,0,0,0,0,0,397201
65,64,0,0,0,0,10240,0,0,0,0,0,9360,0,0,0,0,8240,349085
65,65,0,0,0,0,10240,0,0,0,0,0,9360,0,0,0,0,8240,349085
65,66,0,0,0,0,10240,0,0,0,0,0,9360,0,0,0,0,8240,349085
65,67,0,0,0,0,10240,0,0,0,0,0,9360,0,0,0,0,0,403224
65,68,0,0,0,0,10240,0,0,0,0,0,9360,0,0,0,0,0,403224
65,69,0,0,0,0,10240,0,0,0,0,0,9360,0,0,0,0,0,403224
65,70,0,0,0,0,10240,0,0,0,0,0,9360,0,0,0,0,0,403224
65,71,0,0,0,0,10240,0,0,0,0,0,9360,0,0,0,0,0,403224
65,72,0,0,0,0,10240,0,0,0,0,0,9360,0,0,0,0,0,403224
65,73,0,0,0,0,10240,0,0,0,0,0,0,10240,0,0,0,0,397280
65,74,0,0,0,0,10240,0,0,0,0,0,0,10240,0,0,0,0,397280
65,75,0,0,0,0,10240,0,0,0,0,0,0,10240,0,0,0,0,397280
65,76,0,0,0,0,10240,0,0,0,0,0,0,10240,0,0,0,0,397280
65,77,0,0,0,0,10240,0,0,0,0,0,0,10240,0,0,0,0,397280
65,78,0,0,0,0,10240,0,0,0,0,0,0,10240,0,0,0,0,397280
65,79,0,0,0,0,10240,0,0,0,0,0,0,10240,0,0,0,0,397280
65,80,0,0,0,0,10240,0,0,0,0,0,0,10240,0,0,0,0,397280
65,81,0,0,0,0,10240,0,0,0,0,0,0,10240,0,0,0,0,397280
66,1,0,0,5096,0,0,0,0,5096,0,0,0,0,5096,0,0,0,176277
66,2,0,0,5096,0,0,0,0,5096,0,0,0,0,5096,0,0,0,176277
66,3,0,0,5096,0,0,0,0,5096,0,0,0,0,5096,0,0,0,176277
66,4,0,0,5096,0,0,0,0,5096,0,0,0,0,0,5824,0,0,174250
66,5,0,0,5096,0,0,0,0,5096,0,0,0,0,0,5824,0,0,174250
66,6,0,0,5096,0,0,0,0,5096,0,0,0,0,0,5824,0,0,174250
66,7,0,0,5096,0,0,0,0,5096,0,0,0,0,0,0,6422,0,180720
66,8,0,0,5096,0,0,0,0,5096,0,0,0,0,0,0,6422,0,180720
66,9,0,0,5096,0,0,0,0,5096,0,0,0,0,0,0,6422,0,180720
66,10,0,0,5096,0,0,0,0,0,5824,0,0,0,0,5096,0,0,175730
66,11,0,0,5096,0,0,0,0,0,5824,0,0,0,0,5096,0,0,175730
66,12,0,0,5096,0,0,0,0,0,5824,0,0,0,0,5096,0,0,175730
66,13,0,0,5096,0,0,0,0,0,5824,0,0,0,0,0,5824,0,185404
66,14,0,0,5096,0,0,0,0,0,5824,0,0,0,0,0,5824,0,185404
66,15,0,0,5096,0,0,0,0,0,5824,0,0,0,0,0,5824,0,185404
66,16,0,0,5096,0,0,0,0,0,5824,0,0,0,0,0,0,6422,205452
66,17,0,0,5096,0,0,0,0,0,5824,0,0,0,0,0,0,6422,205452
66,18,0,0,5096,0,0,0,0,0,5824,0,0,0,0,0,0,6422,205452
66,19,0,0,5096,0,0,0,0,0,0,6422,0,0,0,0,5096,0,182068
66,20,0,0,5096,0,0,0,0,0,0,6422,0,0,0,0,5096,0,182068
66,21,0,0,5096,0,0,0,0,0,0,6422,0,0,0,0,5096,0,182068
66,22,0,0,5096,0,0,0,0,0,0,6422,0,0,0,0,0,5824,205083
66,23,0,0,5096,0,0,0,0,0,0,6422,0,0,0,0,0,5824,205083
66,24,0,0,5096,0,0,0,0,0,0,6422,0,0,0,0,0,5824,205083
66,25,0,0,5096,0,0,0,0,0,0,6422,0,0,0,0,0,0,237678
66,26,0,0,5096,0,0,0,0,0,0,6422,0,0,0,0,0,0,237678
66,27,0,0,5096,0,0,0,0,0,0,6422,0,0,0,0,0,0,237678
66,28,0,0,0,5824,0,0,0,0,5096,0,0,0,0,5096,0,0,177909
66,29,0,0,0,5824,0,0,0,0,5096,0,0,0,0,5096,0,0,177909
66,30,0,0,0,5824,0,0,0,0,5096,0,0,0,0,5096,0,0,177909
66,31,0,0,0,5824,0,0,0,0,5096,0,0,0,0,0,5824,0,187583
66,32,0,0,0,5824,0,0,0,0,5096,0,0,0,0,0,5824,0,187583
66,33,0,0,0,5824,0,0,0,0,5096,0,0,0,0,0,5824,0,187583
66,34,0,0,0,5824,0,0,0,0,5096,0,0,0,0,0,0,6422,207631
66,35,0,0,0,5824,0,0,0,0,5096,0,0,0,0,0,0,6422,207631
66,36,0,0,0,5824,0,0,0,0,5096,0,0,0,0,0,0,6422,207631
66,37,0,0,0,5824,0,0,0,0,0,5824,0,0,0,0,5096,0,188954
66,38,0,0,0,5824,0,0,0,0,0,5824,0,0,0,0,5096,0,188954
66,39,0,0,0,5824,0,0,0,0,0,5824,0,0,0,0,5096,0,188954
66,40,0,0,0,5824,0,0,0,0,0,5824,0,0,0,0,0,5824,211969
66,41,0,0,0,5824,0,0,0,0,0,5824,0,0,0,0,0,5824,211969
66,42,0,0,0,5824,0,0,0,0,0,5824,0,0,0,0,0,5824,211969
66,43,0,0,0,5824,0,0,0,0,0,5824,0,0,0,0,0,0,244564
66,44,0,0,0,5824,0,0,0,0,0,5824,0,0,0,0,0,0,244564
66,45,0,0,0,5824,0,0,0,0,0,5824,0,0,0,0,0,0,244564
66,46,0,0,0,5824,0,0,0,0,0,0,6422,0,0,0,0,5096,208880
66,47,0,0,0,5824,0,0,0,0,0,0,6422,0,0,0,0,5096,208880
66,48,0,0,0,5824,0,0,0,0,0,0,6422,0,0,0,0,5096,208880
66,49,0,0,0,5824,0,0,0,0,0,0,6422,0,0,0,0,0,244223
66,50,0,0,0,5824,0,0,0,0,0,0,6422,0,0,0,0,0,244223
66,51,0,0,0,5824,0,0,0,0,0,0,6422,0,0,0,0,0,244223
66,52,0,0,0,5824,0,0,0,0,0,0,6422,0,0,0,0,0,244223
66,53,0,0,0,5824,0,0,0,0,0,0,6422,0,0,0,0,0,244223
66,54,0,0,0,5824,0,0,0,0,0,0,6422,0,0,0,0,0,244223
66,55,0,0,0,0,6422,0,0,0,0,5096,0,0,0,0,5096,0,184051
66,56,0,0,0,0,6422,0,0,0,0,5096,0,0,0,0,5096,0,184051
66,57,0,0,0,0,6422,0,0,0,0,5096,0,0,0,0,5096,0,184051
66,58,0,0,0,0,6422,0,0,0,0,5096,0,0,0,0,0,5824,207066
66,59,0,0,0,0,6422,0,0,0,0,5096,0,0,0,0,0,5824,207066
66,60,0,0,0,0,6422,0,0,0,0,5096,0,0,0,0,0,5824,207066
66,61,0,0,0,0,6422,0,0,0,0,5096,0,0,0,0,0,0,239661
66,62,0,0,0,0,6422,0,0,0,0,5096,0,0,0,0,0,0,239661
66,63,0,0,0,0,6422,0,0,0,0,5096,0,0,0,0,0,0,239661
66,64,0,0,0,0,6422,0,0,0,0,0,5824,0,0,0,0,5096,208337
66,65,0,0,0,0,6422,0,0,0,0,0,5824,0,0,0,0,5096,208337
66,66,0,0,0,0,6422,0,0,0,0,0,5824,0,0,0,0,5096,208337
66,67,0,0,0,0,6422,0,0,0,0,0,5824,0,0,0,0,0,243680
66,68,0,0,0,0,6422,0,0,0,0,0,5824,0,0,0,0,0,243680
66,69,0,0,0,0,6422,0,0,0,0,0,5824,0,0,0,0,0,243680
66,70,0,0,0,0,6422,0,0,0,0,0,5824,0,0,0,0,0,243680
66,71,0,0,0,0,6422,0,0,0,0,0,5824,0,0,0,0,0,243680
66,72,0,0,0,0,6422,0,0,0,0,0,5824,0,0,0,0,0,243680
66,73,0,0,0,0,6422,0,0,0,0,0,0,6422,0,0,0,0,240820
66,74,0,0,0,0,6422,0,0,0,0,0,0,6422,0,0,0,0,240820
66,75,0,0,0,0,6422,0,0,0,0,0,0,6422,0,0,0,0,240820
66,76,0,0,0,0,6422,0,0,0,0,0,0,6422,0,0,0,0,240820
66,77,0,0,0,0,6422,0,0,0,0,0,0,6422,0,0,0,0,240820
66,78,0,0,0,0,6422,0,0,0,0,0,0,6422,0,0,0,0,240820
66,79,0,0,0,0,6422,0,0,0,0,0,0,6422,0,0,0,0,240820
66,80,0,0,0,0,6422,0,0,0,0,0,0,6422,0,0,0,0,240820
66,81,0,0,0,0,6422,0,0,0,0,0,0,6422,0,0,0,0,240820
67,1,0,8240,0,0,0,0,8240,0,0,0,0,8240,0,0,0,0,464387
67,2,0,8240,0,0,0,0,8240,0,0,0,0,8240,0,0,0,0,464387
67,3,0,8240,0,0,0,0,8240,0,0,0,0,8240,0,0,0,0,464387
67,4,0,8240,0,0,0,0,8240,0,0,0,0,0,9360,0,0,0,380271
67,5,0,8240,0,0,0,0,8240,0,0,0,0,0,9360,0,0,0,380271
67,6,0,8240,0,0,0,0,8240,0,0,0,0,0,9360,0,0,0,380271
67,7,0,8240,0,0,0,0,8240,0,0,0,0,0,0,10240,0,0,369221
67,8,0,8240,0,0,0,0,8240,0,0,0,0,0,0,10240,0,0,369221
67,9,0,8240,0,0,0,0,8240,0,0,0,0,0,0,10240,0,0,369221
67,10,0,8240,0,0,0,0,0,9360,0,0,0,0,8240,0,0,0,381799
67,11,0,8240,0,0,0,0,0,9360,0,0,0,0,8240,0,0,0,381799
67,12,0,8240,0,0,0,0,0,9360,0,0,0,0,8240,0,0,0,381799
67,13,0,8240,0,0,0,0,0,9360,0,0,0,0,0,9360,0,0,376810
67,14,0,8240,0,0,0,0,0,9360,0,0,0,0,0,9360,0,0,376810
67,15,0,8240,0,0,0,0,0,9360,0,0,0,0,0,9360,0,0,376810
67,16,0,8240,0,0,0,0,0,9360,0,0,0,0,0,0,10240,0,384603
67,17,0,8240,0,0,0,0,0,9360,0,0,0,0,0,0,10240,0,384603
67,18,0,8240,0,0,0,0,0,9360,0,0,0,0,0,0,10240,0,384603
67,19,0,8240,0,0,0,0,0,0,10240,0,0,0,0,8240,0,0,369322
67,20,0,8240,0,0,0,0,0,0,10240,0,0,0,0,8240,0,0,369322
67,21,0,8240,0,0,0,0,0,0,10240,0,0,0,0,8240,0,0,369322
67,22,0,8240,0,0,0,0,0,0,10240,0,0,0,0,0,9360,0,382726
67,23,0,8240,0,0,0,0,0,0,10240,0,0,0,0,0,9360,0,382726
67,24,0,8240,0,0,0,0,0,0,10240,0,0,0,0,0,9360,0,382726
67,25,0,8240,0,0,0,0,0,0,10240,0,0,0,0,0,0,10240,413134
67,26,0,8240,0,0,0,0,0,0,10240,0,0,0,0,0,0,10240,413134
67,27,0,8240,0,0,0,0,0,0,10240,0,0,0,0,0,0,10240,413134
67,28,0,0,9360,0,0,0,0,8240,0,0,0,0,8240,0,0,0,384044
67,29,0,0,9360,0,0,0,0,8240,0,0,0,0,8240,0,0,0,384044
67,30,0,0,9360,0,0,0,0,8240,0,0,0,0,8240,0,0,0,384044
67,31,0,0,9360,0,0,0,0,8240,0,0,0,0,0,9360,0,0,379055
67,32,0,0,9360,0,0,0,0,8240,0,0,0,0,0,9360,0,0,379055
67,33,0,0,9360,0,0,0,0,8240,0,0,0,0,0,9360,0,0,379055
67,34,0,0,9360,0,0,0,0,8240,0,0,0,0,0,0,10240,0,386848
67,35,0,0,9360,0,0,0,0,8240,0,0,0,0,0,0,10240,0,386848
67,36,0,0,9360,0,0,0,0,8240,0,0,0,0,0,0,10240,0,386848
67,37,0,0,9360,0,0,0,0,0,9360,0,0,0,0,8240,0,0,380470
67,38,0,0,9360,0,0,0,0,0,9360,0,0,0,0,8240,0,0,380470
67,39,0,0,9360,0,0,0,0,0,9360,0,0,0,0,8240,0,0,380470
67,40,0,0,9360,0,0,0,0,0,9360,0,0,0,0,0,9360,0,393874
67,41,0,0,9360,0,0,0,0,0,9360,0,0,0,0,0,9360,0,393874
67,42,0,0,9360,0,0,0,0,0,9360,0,0,0,0,0,9360,0,393874
67,43,0,0,9360,0,0,0,0,0,9360,0,0,0,0,0,0,10240,424282
67,44,0,0,9360,0,0,0,0,0,9360,0,0,0,0,0,0,10240,424282
67,45,0,0,9360,0,0,0,0,0,9360,0,0,0,0,0,0,10240,424282
67,46,0,0,9360,0,0,0,0,0,0,10240,0,0,0,0,8240,0,386939
67,47,0,0,9360,0,0,0,0,0,0,10240,0,0,0,0,8240,0,386939
67,48,0,0,9360,0,0,0,0,0,0,10240,0,0,0,0,8240,0,386939
67,49,0,0,9360,0,0,0,0,0,0,10240,0,0,0,0,0,9360,422542
67,50,0,0,9360,0,0,0,0,0,0,10240,0,0,0,0,0,9360,422542
67,51,0,0,9360,0,0,0,0,0,0,10240,0,0,0,0,0,9360,422542
67,52,0,0,9360,0,0,0,0,0,0,10240,0,0,0,0,0,0,471871
67,53,0,0,9360,0,0,0,0,0,0,10240,0,0,0,0,0,0,471871
67,54,0,0,9360,0,0,0,0,0,0,10240,0,0,0,0,0,0,471871
67,55,0,0,0,10240,0,0,0,0,8240,0,0,0,0,8240,0,0,369468
67,56,0,0,0,10240,0,0,0,0,8240,0,0,0,0,8240,0,0,369468
67,57,0,0,0,10240,0,0,0,0,8240,0,0,0,0,8240,0,0,369468
67,58,0,0,0,10240,0,0,0,0,8240,0,0,0,0,0,9360,0,382872
67,59,0,0,0,10240,0,0,0,0,8240,0,0,0,0,0,9360,0,382872
67,60,0,0,0,10240,0,0,0,0,8240,0,0,0,0,0,9360,0,382872
67,61,0,0,0,10240,0,0,0,0,8240,0,0,0,0,0,0,10240,413280
67,62,0,0,0,10240,0,0,0,0,8240,0,0,0,0,0,0,10240,413280
67,63,0,0,0,10240,0,0,0,0,8240,0,0,0,0,0,0,10240,413280
67,64,0,0,0,10240,0,0,0,0,0,9360,0,0,0,0,8240,0,384181
67,65,0,0,0,10240,0,0,0,0,0,9360,0,0,0,0,8240,0,384181
67,66,0,0,0,10240,0,0,0,0,0,9360,0,0,0,0,8240,0,384181
67,67,0,0,0,10240,0,0,0,0,0,9360,0,0,0,0,0,9360,419784
67,68,0,0,0,10240,0,0,0,0,0,9360,0,0,0,0,0,9360,419784
67,69,0,0,0,10240,0,0,0,0,0,9360,0,0,0,0,0,9360,419784
67,70,0,0,0,10240,0,0,0,0,0,9360,0,0,0,0,0,0,469113
67,71,0,0,0,10240,0,0,0,0,0,9360,0,0,0,0,0,0,469113
67,72,0,0,0,10240,0,0,0,0,0,9360,0,0,0,0,0,0,469113
67,73,0,0,0,10240,0,0,0,0,0,0,10240,0,0,0,0,8240,413364
67,74,0,0,0,10240,0,0,0,0,0,0,10240,0,0,0,0,8240,413364
67,75,0,0,0,10240,0,0,0,0,0,0,10240,0,0,0,0,8240,413364
67,76,0,0,0,10240,0,0,0,0,0,0,10240,0,0,0,0,0,467503
67,77,0,0,0,10240,0,0,0,0,0,0,10240,0,0,0,0,0,467503
67,78,0,0,0,10240,0,0,0,0,0,0,10240,0,0,0,0,0,467503
67,79,0,0,0,10240,0,0,0,0,0,0,10240,0,0,0,0,0,467503
67,80,0,0,0,10240,0,0,0,0,0,0,10240,0,0,0,0,0,467503
67,81,0,0,0,10240,0,0,0,0,0,0,10240,0,0,0,0,0,467503
68,1,0,6592,0,0,0,0,6592,0,0,0,0,6592,0,0,0,0,371512
68,2,0,6592,0,0,0,0,6592,0,0,0,0,6592,0,0,0,0,371512
68,3,0,6592,0,0,0,0,6592,0,0,0,0,6592,0,0,0,0,371512
68,4,0,6592,0,0,0,0,6592,0,0,0,0,0,7488,0,0,0,304218
68,5,0,6592,0,0,0,0,6592,0,0,0,0,0,7488,0,0,0,304218
68,6,0,6592,0,0,0,0,6592,0,0,0,0,0,7488,0,0,0,304218
68,7,0,6592,0,0,0,0,6592,0,0,0,0,0,0,8192,0,0,295379
68,8,0,6592,0,0,0,0,6592,0,0,0,0,0,0,8192,0,0,295379
68,9,0,6592,0,0,0,0,6592,0,0,0,0,0,0,8192,0,0,295379
68,10,0,6592,0,0,0,0,0,7488,0,0,0,0,6592,0,0,0,305442
68,11,0,6592,0,0,0,0,0,7488,0,0,0,0,6592,0,0,0,305442
68,12,0,6592,0,0,0,0,0,7488,0,0,0,0,6592,0,0,0,305442
68,13,0,6592,0,0,0,0,0,7488,0,0,0,0,0,7488,0,0,301451
68,14,0,6592,0,0,0,0,0,7488,0,0,0,0,0,7488,0,0,301451
68,15,0,6592,0,0,0,0,0,7488,0,0,0,0,0,7488,0,0,301451
68,16,0,6592,0,0,0,0,0,7488,0,0,0,0,0,0,8192,0,307686
68,17,0,6592,0,0,0,0,0,7488,0,0,0,0,0,0,8192,0,307686
68,18,0,6592,0,0,0,0,0,7488,0,0,0,0,0,0,8192,0,307686
68,19,0,6592,0,0,0,0,0,0,8192,0,0,0,0,6592,0,0,295460
68,20,0,6592,0,0,0,0,0,0,8192,0,0,0,0,6592,0,0,295460
68,21,0,6592,0,0,0,0,0,0,8192,0,0,0,0,6592,0,0,295460
68,22,0,6592,0,0,0,0,0,0,8192,0,0,0,0,0,7488,0,306183
68,23,0,6592,0,0,0,0,0,0,8192,0,0,0,0,0,7488,0,306183
68,24,0,6592,0,0,0,0,0,0,8192,0,0,0,0,0,7488,0,306183
68,25,0,6592,0,0,0,0,0,0,8192,0,0,0,0,0,0,8192,330509
68,26,0,6592,0,0,0,0,0,0,8192,0,0,0,0,0,0,8192,330509
68,27,0,6592,0,0,0,0,0,0,8192,0,0,0,0,0,0,8192,330509
68,28,0,0,7488,0,0,0,0,6592,0,0,0,0,6592,0,0,0,307239
68,29,0,0,7488,0,0,0,0,6592,0,0,0,0,6592,0,0,0,307239
68,30,0,0,7488,0,0,0,0,6592,0,0,0,0,6592,0,0,0,307239
68,31,0,0,7488,0,0,0,0,6592,0,0,0,0,0,7488,0,0,303248
68,32,0,0,7488,0,0,0,0,6592,0,0,0,0,0,7488,0,0,303248
68,33,0,0,7488,0,0,0,0,6592,0,0,0,0,0,7488,0,0,303248
68,34,0,0,7488,0,0,0,0,6592,0,0,0,0,0,0,8192,0,309483
68,35,0,0,7488,0,0,0,0,6592,0,0,0,0,0,0,8192,0,309483
68,36,0,0,7488,0,0,0,0,6592,0,0,0,0,0,0,8192,0,309483
68,37,0,0,7488,0,0,0,0,0,7488,0,0,0,0,6592,0,0,304380
68,38,0,0,7488,0,0,0,0,0,7488,0,0,0,0,6592,0,0,304380
68,39,0,0,7488,0,0,0,0,0,7488,0,0,0,0,6592,0,0,304380
68,40,0,0,7488,0,0,0,0,0,7488,0,0,0,0,0,7488,0,315103
68,41,0,0,7488,0,0,0,0,0,7488,0,0,0,0,0,7488,0,315103
68,42,0,0,7488,0,0,0,0,0,7488,0,0,0,0,0,7488,0,315103
68,43,0,0,7488,0,0,0,0,0,7488,0,0,0,0,0,0,8192,339429
68,44,0,0,7488,0,0,0,0,0,7488,0,0,0,0,0,0,8192,339429
68,45,0,0,7488,0,0,0,0,0,7488,0,0,0,0,0,0,8192,339429
68,46,0,0,7488,0,0,0,0,0,0,8192,0,0,0,0,6592,0,309554
68,47,0,0,7488,0,0,0,0,0,0,8192,0,0,0,0,6592,0,309554
68,48,0,0,7488,0,0,0,0,0,0,8192,0,0,0,0,6592,0,309554
68,49,0,0,7488,0,0,0,0,0,0,8192,0,0,0,0,0,7488,338037
68,50,0,0,7488,0,0,0,0,0,0,8192,0,0,0,0,0,7488,338037
68,51,0,0,7488,0,0,0,0,0,0,8192,0,0,0,0,0,7488,338037
68,52,0,0,7488,0,0,0,0,0,0,8192,0,0,0,0,0,0,377499
68,53,0,0,7488,0,0,0,0,0,0,8192,0,0,0,0,0,0,377499
68,54,0,0,7488,0,0,0,0,0,0,8192,0,0,0,0,0,0,377499
68,55,0,0,0,8192,0,0,0,0,6592,0,0,0,0,6592,0,0,295577
68,56,0,0,0,8192,0,0,0,0,6592,0,0,0,0,6592,0,0,295577
68,57,0,0,0,8192,0,0,0,0,6592,0,0,0,0,6592,0,0,295577
68,58,0,0,0,8192,0,0,0,0,6592,0,0,0,0,0,7488,0,306300
68,59,0,0,0,8192,0,0,0,0,6592,0,0,0,0,0,7488,0,306300
68,60,0,0,0,8192,0,0,0,0,6592,0,0,0,0,0,7488,0,306300
68,61,0,0,0,8192,0,0,0,0,6592,0,0,0,0,0,0,8192,330626
68,62,0,0,0,8192,0,0,0,0,6592,0,0,0,0,0,0,8192,330626
68,63,0,0,0,8192,0,0,0,0,6592,0,0,0,0,0,0,8192,330626
68,64,0,0,0,8192,0,0,0,0,0,7488,0,0,0,0,6592,0,307346
68,65,0,0,0,8192,0,0,0,0,0,7488,0,0,0,0,6592,0,307346
68,66,0,0,0,8192,0,0,0,0,0,7488,0,0,0,0,6592,0,307346
68,67,0,0,0,8192,0,0,0,0,0,7488,0,0,0,0,0,7488,335829
68,68,0,0,0,8192,0,0,0,0,0,7488,0,0,0,0,0,7488,335829
68,69,0,0,0,8192,0,0,0,0,0,7488,0,0,0,0,0,7488,335829
68,70,0,0,0,8192,0,0,0,0,0,7488,0,0,0,0,0,0,375291
68,71,0,0,0,8192,0,0,0,0,0,7488,0,0,0,0,0,0,375291
68,72,0,0,0,8192,0,0,0,0,0,7488,0,0,0,0,0,0,375291
68,73,0,0,0,8192,0,0,0,0,0,0,8192,0,0,0,0,6592,330694
68,74,0,0,0,8192,0,0,0,0,0,0,8192,0,0,0,0,6592,330694
68,75,0,0,0,8192,0,0,0,0,0,0,8192,0,0,0,0,6592,330694
68,76,0,0,0,8192,0,0,0,0,0,0,8192,0,0,0,0,0,374005
68,77,0,0,0,8192,0,0,0,0,0,0,8192,0,0,0,0,0,374005
68,78,0,0,0,8192,0,0,0,0,0,0,8192,0,0,0,0,0,374005
68,79,0,0,0,8192,0,0,0,0,0,0,8192,0,0,0,0,0,374005
68,80,0,0,0,8192,0,0,0,0,0,0,8192,0,0,0,0,0,374005
68,81,0,0,0,8192,0,0,0,0,0,0,8192,0,0,0,0,0,374005
69,1,0,10506,0,0,0,0,10506,0,0,0,0,10506,0,0,0,0,592089
69,2,0,10506,0,0,0,0,10506,0,0,0,0,10506,0,0,0,0,592089
69,3,0,10506,0,0,0,0,10506,0,0,0,0,10506,0,0,0,0,592089
69,4,0,10506,0,0,0,0,10506,0,0,0,0,0,11934,0,0,0,484840
69,5,0,10506,0,0,0,0,10506,0,0,0,0,0,11934,0,0,0,484840
69,6,0,10506,0,0,0,0,10506,0,0,0,0,0,11934,0,0,0,484840
69,7,0,10506,0,0,0,0,10506,0,0,0,0,0,0,13056,0,0,470753
69,8,0,10506,0,0,0,0,10506,0,0,0,0,0,0,13056,0,0,470753
69,9,0,10506,0,0,0,0,10506,0,0,0,0,0,0,13056,0,0,470753
69,10,0,10506,0,0,0,0,0,11934,0,0,0,0,10506,0,0,0,486787
69,11,0,10506,0,0,0,0,0,11934,0,0,0,0,10506,0,0,0,486787
69,12,0,10506,0,0,0,0,0,11934,0,0,0,0,10506,0,0,0,486787
69,13,0,10506,0,0,0,0,0,11934,0,0,0,0,0,11934,0,0,480426
69,14,0,10506,0,0,0,0,0,11934,0,0,0,0,0,11934,0,0,480426
69,15,0,10506,0,0,0,0,0,11934,0,0,0,0,0,11934,0,0,480426
69,16,0,10506,0,0,0,0,0,11934,0,0,0,0,0,0,13056,0,490362
69,17,0,10506,0,0,0,0,0,11934,0,0,0,0,0,0,13056,0,490362
69,18,0,10506,0,0,0,0,0,11934,0,0,0,0,0,0,13056,0,490362
69,19,0,10506,0,0,0,0,0,0,13056,0,0,0,0,10506,0,0,470879
69,20,0,10506,0,0,0,0,0,0,13056,0,0,0,0,10506,0,0,470879
69,21,0,10506,0,0,0,0,0,0,13056,0,0,0,0,10506,0,0,470879
69,22,0,10506,0,0,0,0,0,0,13056,0,0,0,0,0,11934,0,487969
69,23,0,10506,0,0,0,0,0,0,13056,0,0,0,0,0,11934,0,487969
69,24,0,10506,0,0,0,0,0,0,13056,0,0,0,0,0,11934,0,487969
69,25,0,10506,0,0,0,0,0,0,13056,0,0,0,0,0,0,13056,526740
69,26,0,10506,0,0,0,0,0,0,13056,0,0,0,0,0,0,13056,526740
69,27,0,10506,0,0,0,0,0,0,13056,0,0,0,0,0,0,13056,526740
69,28,0,0,11934,0,0,0,0,10506,0,0,0,0,10506,0,0,0,489650
69,29,0,0,11934,0,0,0,0,10506,0,0,0,0,10506,0,0,0,489650
69,30,0,0,11934,0,0,0,0,10506,0,0,0,0,10506,0,0,0,489650
69,31,0,0,11934,0,0,0,0,10506,0,0,0,0,0,11934,0,0,483289
69,32,0,0,11934,0,0,0,0,10506,0,0,0,0,0,11934,0,0,483289
69,33,0,0,11934,0,0,0,0,10506,0,0,0,0,0,11934,0,0,483289
69,34,0,0,11934,0,0,0,0,10506,0,0,0,0,0,0,13056,0,493225
69,35,0,0,11934,0,0,0,0,10506,0,0,0,0,0,0,13056,0,493225
69,36,0,0,11934,0,0,0,0,10506,0,0,0,0,0,0,13056,0,493225
69,37,0,0,11934,0,0,0,0,0,11934,0,0,0,0,10506,0,0,485094
69,38,0,0,11934,0,0,0,0,0,11934,0,0,0,0,10506,0,0,485094
69,39,0,0,11934,0,0,0,0,0,11934,0,0,0,0,10506,0,0,485094
69,40,0,0,11934,0,0,0,0,0,11934,0,0,0,0,0,11934,0,502184
69,41,0,0,11934,0,0,0,0,0,11934,0,0,0,0,0,11934,0,502184
69,42,0,0,11934,0,0,0,0,0,11934,0,0,0,0,0,11934,0,502184
69,43,0,0,11934,0,0,0,0,0,11934,0,0,0,0,0,0,13056,540955
69,44,0,0,11934,0,0,0,0,0,11934,0,0,0,0,0,0,13056,540955
69,45,0,0,11934,0,0,0,0,0,11934,0,0,0,0,0,0,13056,540955
69,46,0,0,11934,0,0,0,0,0,0,13056,0,0,0,0,10506,0,493343
69,47,0,0,11934,0,0,0,0,0,0,13056,0,0,0,0,10506,0,493343
69,48,0,0,11934,0,0,0,0,0,0,13056,0,0,0,0,10506,0,493343
69,49,0,0,11934,0,0,0,0,0,0,13056,0,0,0,0,0,11934,538738
69,50,0,0,11934,0,0,0,0,0,0,13056,0,0,0,0,0,11934,538738
69,51,0,0,11934,0,0,0,0,0,0,13056,0,0,0,0,0,11934,538738
69,52,0,0,11934,0,0,0,0,0,0,13056,0,0,0,0,0,0,601631
69,53,0,0,11934,0,0,0,0,0,0,13056,0,0,0,0,0,0,601631
69,54,0,0,11934,0,0,0,0,0,0,13056,0,0,0,0,0,0,601631
69,55,0,0,0,13056,0,0,0,0,10506,0,0,0,0,10506,0,0,471065
69,56,0,0,0,13056,0,0,0,0,10506,0,0,0,0,10506,0,0,471065
69,57,0,0,0,13056,0,0,0,0,10506,0,0,0,0,10506,0,0,471065
69,58,0,0,0,13056,0,0,0,0,10506,0,0,0,0,0,11934,0,488155
69,59,0,0,0,13056,0,0,0,0,10506,0,0,0,0,0,11934,0,488155
69,60,0,0,0,13056,0,0,0,0,10506,0,0,0,0,0,11934,0,488155
69,61,0,0,0,13056,0,0,0,0,10506,0,0,0,0,0,0,13056,526926
69,62,0,0,0,13056,0,0,0,0,10506,0,0,0,0,0,0,13056,526926
69,63,0,0,0,13056,0,0,0,0,10506,0,0,0,0,0,0,13056,526926
69,64,0,0,0,13056,0,0,0,0,0,11934,0,0,0,0,10506,0,489825
69,65,0,0,0,13056,0,0,0,0,0,11934,0,0,0,0,10506,0,489825
69,66,0,0,0,13056,0,0,0,0,0,11934,0,0,0,0,10506,0,489825
69,67,0,0,0,13056,0,0,0,0,0,11934,0,0,0,0,0,11934,535220
69,68,0,0,0,13056,0,0,0,0,0,11934,0,0,0,0,0,11934,535220
69,69,0,0,0,13056,0,0,0,0,0,11934,0,0,0,0,0,11934,535220
69,70,0,0,0,13056,0,0,0,0,0,11934,0,0,0,0,0,0,598113
69,71,0,0,0,13056,0,0,0,0,0,11934,0,0,0,0,0,0,598113
69,72,0,0,0,13056,0,0,0,0,0,11934,0,0,0,0,0,0,598113
69,73,0,0,0,13056,0,0,0,0,0,0,13056,0,0,0,0,10506,527034
69,74,0,0,0,13056,0,0,0,0,0,0,13056,0,0,0,0,10506,527034
69,75,0,0,0,13056,0,0,0,0,0,0,13056,0,0,0,0,10506,527034
69,76,0,0,0,13056,0,0,0,0,0,0,13056,0,0,0,0,0,596060
69,77,0,0,0,13056,0,0,0,0,0,0,13056,0,0,0,0,0,596060
69,78,0,0,0,13056,0,0,0,0,0,0,13056,0,0,0,0,0,596060
69,79,0,0,0,13056,0,0,0,0,0,0,13056,0,0,0,0,0,596060
69,80,0,0,0,13056,0,0,0,0,0,0,13056,0,0,0,0,0,596060
69,81,0,0,0,13056,0,0,0,0,0,0,13056,0,0,0,0,0,596060
70,1,0,5880,0,0,0,0,5880,0,0,0,0,5880,0,0,0,0,314140
70,2,0,5880,0,0,0,0,5880,0,0,0,0,5880,0,0,0,0,314140
70,3,0,5880,0,0,0,0,5880,0,0,0,0,5880,0,0,0,0,314140
70,4,0,5880,0,0,0,0,5880,0,0,0,0,0,6720,0,0,0,254942
70,5,0,5880,0,0,0,0,5880,0,0,0,0,0,6720,0,0,0,254942
70,6,0,5880,0,0,0,0,5880,0,0,0,0,0,6720,0,0,0,254942
70,7,0,5880,0,0,0,0,5880,0,0,0,0,0,0,7410,0,0,248611
70,8,0,5880,0,0,0,0,5880,0,0,0,0,0,0,7410,0,0,248611
70,9,0,5880,0,0,0,0,5880,0,0,0,0,0,0,7410,0,0,248611
70,10,0,5880,0,0,0,0,0,6720,0,0,0,0,5880,0,0,0,256788
70,11,0,5880,0,0,0,0,0,6720,0,0,0,0,5880,0,0,0,256788
70,12,0,5880,0,0,0,0,0,6720,0,0,0,0,5880,0,0,0,256788
70,13,0,5880,0,0,0,0,0,6720,0,0,0,0,0,6720,0,0,254451
70,14,0,5880,0,0,0,0,0,6720,0,0,0,0,0,6720,0,0,254451
70,15,0,5880,0,0,0,0,0,6720,0,0,0,0,0,6720,0,0,254451
70,16,0,5880,0,0,0,0,0,6720,0,0,0,0,0,0,7410,0,261915
70,17,0,5880,0,0,0,0,0,6720,0,0,0,0,0,0,7410,0,261915
70,18,0,5880,0,0,0,0,0,6720,0,0,0,0,0,0,7410,0,261915
70,19,0,5880,0,0,0,0,0,0,7410,0,0,0,0,5880,0,0,250292
70,20,0,5880,0,0,0,0,0,0,7410,0,0,0,0,5880,0,0,250292
70,21,0,5880,0,0,0,0,0,0,7410,0,0,0,0,5880,0,0,250292
70,22,0,5880,0,0,0,0,0,0,7410,0,0,0,0,0,6720,0,261454
70,23,0,5880,0,0,0,0,0,0,7410,0,0,0,0,0,6720,0,261454
70,24,0,5880,0,0,0,0,0,0,7410,0,0,0,0,0,6720,0,261454
70,25,0,5880,0,0,0,0,0,0,7410,0,0,0,0,0,0,7410,284586
70,26,0,5880,0,0,0,0,0,0,7410,0,0,0,0,0,0,7410,284586
70,27,0,5880,0,0,0,0,0,0,7410,0,0,0,0,0,0,7410,284586
70,28,0,0,6720,0,0,0,0,5880,0,0,0,0,5880,0,0,0,259501
70,29,0,0,6720,0,0,0,0,5880,0,0,0,0,5880,0,0,0,259501
70,30,0,0,6720,0,0,0,0,5880,0,0,0,0,5880,0,0,0,259501
70,31,0,0,6720,0,0,0,0,5880,0,0,0,0,0,6720,0,0,257164
70,32,0,0,6720,0,0,0,0,5880,0,0,0,0,0,6720,0,0,257164
70,33,0,0,6720,0,0,0,0,5880,0,0,0,0,0,6720,0,0,257164
70,34,0,0,6720,0,0,0,0,5880,0,0,0,0,0,0,7410,0,264628
70,35,0,0,6720,0,0,0,0,5880,0,0,0,0,0,0,7410,0,264628
70,36,0,0,6720,0,0,0,0,5880,0,0,0,0,0,0,7410,0,264628
70,37,0,0,6720,0,0,0,0,0,6720,0,0,0,0,5880,0,0,258872
70,38,0,0,6720,0,0,0,0,0,6720,0,0,0,0,5880,0,0,258872
70,39,0,0,6720,0,0,0,0,0,6720,0,0,0,0,5880,0,0,258872
70,40,0,0,6720,0,0,0,0,0,6720,0,0,0,0,0,6720,0,270034
70,41,0,0,6720,0,0,0,0,0,6720,0,0,0,0,0,6720,0,270034
70,42,0,0,6720,0,0,0,0,0,6720,0,0,0,0,0,6720,0,270034
70,43,0,0,6720,0,0,0,0,0,6720,0,0,0,0,0,0,7410,293166
70,44,0,0,6720,0,0,0,0,0,6720,0,0,0,0,0,0,7410,293166
70,45,0,0,6720,0,0,0,0,0,6720,0,0,0,0,0,0,7410,293166
70,46,0,0,6720,0,0,0,0,0,0,7410,0,0,0,0,5880,0,266185
70,47,0,0,6720,0,0,0,0,0,0,7410,0,0,0,0,5880,0,266185
70,48,0,0,6720,0,0,0,0,0,0,7410,0,0,0,0,5880,0,266185
70,49,0,0,6720,0,0,0,0,0,0,7410,0,0,0,0,0,6720,292740
70,50,0,0,6720,0,0,0,0,0,0,7410,0,0,0,0,0,6720,292740
70,51,0,0,6720,0,0,0,0,0,0,7410,0,0,0,0,0,6720,292740
70,52,0,0,6720,0,0,0,0,0,0,7410,0,0,0,0,0,0,330350
70,53,0,0,6720,0,0,0,0,0,0,7410,0,0,0,0,0,0,330350
70,54,0,0,6720,0,0,0,0,0,0,7410,0,0,0,0,0,0,330350
70,55,0,0,0,7410,0,0,0,0,5880,0,0,0,0,5880,0,0,252763
70,56,0,0,0,7410,0,0,0,0,5880,0,0,0,0,5880,0,0,252763
70,57,0,0,0,7410,0,0,0,0,5880,0,0,0,0,5880,0,0,252763
70,58,0,0,0,7410,0,0,0,0,5880,0,0,0,0,0,6720,0,263925
70,59,0,0,0,7410,0,0,0,0,5880,0,0,0,0,0,6720,0,263925
70,60,0,0,0,7410,0,0,0,0,5880,0,0,0,0,0,6720,0,263925
70,61,0,0,0,7410,0,0,0,0,5880,0,0,0,0,0,0,7410,287057
70,62,0,0,0,7410,0,0,0,0,5880,0,0,0,0,0,0,7410,287057
70,63,0,0,0,7410,0,0,0,0,5880,0,0,0,0,0,0,7410,287057
70,64,0,0,0,7410,0,0,0,0,0,6720,0,0,0,0,5880,0,265508
70,65,0,0,0,7410,0,0,0,0,0,6720,0,0,0,0,5880,0,265508
70,66,0,0,0,7410,0,0,0,0,0,6720,0,0,0,0,5880,0,265508
70,67,0,0,0,7410,0,0,0,0,0,6720,0,0,0,0,0,6720,292063
70,68,0,0,0,7410,0,0,0,0,0,6720,0,0,0,0,0,6720,292063
70,69,0,0,0,7410,0,0,0,0,0,6720,0,0,0,0,0,6720,292063
70,70,0,0,0,7410,0,0,0,0,0,6720,0,0,0,0,0,0,329673
70,71,0,0,0,7410,0,0,0,0,0,6720,0,0,0,0,0,0,329673
70,72,0,0,0,7410,0,0,0,0,0,6720,0,0,0,0,0,0,329673
70,73,0,0,0,7410,0,0,0,0,0,0,7410,0,0,0,0,5880,288500
70,74,0,0,0,7410,0,0,0,0,0,0,7410,0,0,0,0,5880,288500
70,75,0,0,0,7410,0,0,0,0,0,0,7410,0,0,0,0,5880,288500
70,76,0,0,0,7410,0,0,0,0,0,0,7410,0,0,0,0,0,329280
70,77,0,0,0,7410,0,0,0,0,0,0,7410,0,0,0,0,0,329280
70,78,0,0,0,7410,0,0,0,0,0,0,7410,0,0,0,0,0,329280
70,79,0,0,0,7410,0,0,0,0,0,0,7410,0,0,0,0,0,329280
70,80,0,0,0,7410,0,0,0,0,0,0,7410,0,0,0,0,0,329280
70,81,0,0,0,7410,0,0,0,0,0,0,7410,0,0,0,0,0,329280
71,1,0,9880,0,0,0,0,9880,0,0,0,0,9880,0,0,0,0,508984
71,2,0,9880,0,0,0,0,9880,0,0,0,0,9880,0,0,0,0,508984
71,3,0,9880,0,0,0,0,9880,0,0,0,0,9880,0,0,0,0,508984
71,4,0,9880,0,0,0,0,9880,0,0,0,0,0,11388,0,0,0,411546
71,5,0,9880,0,0,0,0,9880,0,0,0,0,0,11388,0,0,0,411546
71,6,0,9880,0,0,0,0,9880,0,0,0,0,0,11388,0,0,0,411546
71,7,0,9880,0,0,0,0,9880,0,0,0,0,0,0,12584,0,0,401868
71,8,0,9880,0,0,0,0,9880,0,0,0,0,0,0,12584,0,0,401868
71,9,0,9880,0,0,0,0,9880,0,0,0,0,0,0,12584,0,0,401868
71,10,0,9880,0,0,0,0,0,11388,0,0,0,0,9880,0,0,0,415959
71,11,0,9880,0,0,0,0,0,11388,0,0,0,0,9880,0,0,0,415959
71,12,0,9880,0,0,0,0,0,11388,0,0,0,0,9880,0,0,0,415959
71,13,0,9880,0,0,0,0,0,11388,0,0,0,0,0,11388,0,0,414234
71,14,0,9880,0,0,0,0,0,11388,0,0,0,0,0,11388,0,0,414234
71,15,0,9880,0,0,0,0,0,11388,0,0,0,0,0,11388,0,0,414234
71,16,0,9880,0,0,0,0,0,11388,0,0,0,0,0,0,12584,0,428132
71,17,0,9880,0,0,0,0,0,11388,0,0,0,0,0,0,12584,0,428132
71,18,0,9880,0,0,0,0,0,11388,0,0,0,0,0,0,12584,0,428132
71,19,0,9880,0,0,0,0,0,0,12584,0,0,0,0,9880,0,0,406633
71,20,0,9880,0,0,0,0,0,0,12584,0,0,0,0,9880,0,0,406633
71,21,0,9880,0,0,0,0,0,0,12584,0,0,0,0,9880,0,0,406633
71,22,0,9880,0,0,0,0,0,0,12584,0,0,0,0,0,11388,0,427895
71,23,0,9880,0,0,0,0,0,0,12584,0,0,0,0,0,11388,0,427895
71,24,0,9880,0,0,0,0,0,0,12584,0,0,0,0,0,11388,0,427895
71,25,0,9880,0,0,0,0,0,0,12584,0,0,0,0,0,0,12584,467865
71,26,0,9880,0,0,0,0,0,0,12584,0,0,0,0,0,0,12584,467865
71,27,0,9880,0,0,0,0,0,0,12584,0,0,0,0,0,0,12584,467865
71,28,0,0,11388,0,0,0,0,9880,0,0,0,0,9880,0,0,0,422442
71,29,0,0,11388,0,0,0,0,9880,0,0,0,0,9880,0,0,0,422442
71,30,0,0,11388,0,0,0,0,9880,0,0,0,0,9880,0,0,0,422442
71,31,0,0,11388,0,0,0,0,9880,0,0,0,0,0,11388,0,0,420717
71,32,0,0,11388,0,0,0,0,9880,0,0,0,0,0,11388,0,0,420717
71,33,0,0,11388,0,0,0,0,9880,0,0,0,0,0,11388,0,0,420717
71,34,0,0,11388,0,0,0,0,9880,0,0,0,0,0,0,12584,0,434615
71,35,0,0,11388,0,0,0,0,9880,0,0,0,0,0,0,12584,0,434615
71,36,0,0,11388,0,0,0,0,9880,0,0,0,0,0,0,12584,0,434615
71,37,0,0,11388,0,0,0,0,0,11388,0,0,0,0,9880,0,0,424802
71,38,0,0,11388,0,0,0,0,0,11388,0,0,0,0,9880,0,0,424802
71,39,0,0,11388,0,0,0,0,0,11388,0,0,0,0,9880,0,0,424802
71,40,0,0,11388,0,0,0,0,0,11388,0,0,0,0,0,11388,0,446064
71,41,0,0,11388,0,0,0,0,0,11388,0,0,0,0,0,11388,0,446064
71,42,0,0,11388,0,0,0,0,0,11388,0,0,0,0,0,11388,0,446064
71,43,0,0,11388,0,0,0,0,0,11388,0,0,0,0,0,0,12584,486034
71,44,0,0,11388,0,0,0,0,0,11388,0,0,0,0,0,0,12584,486034
71,45,0,0,11388,0,0,0,0,0,11388,0,0,0,0,0,0,12584,486034
71,46,0,0,11388,0,0,0,0,0,0,12584,0,0,0,0,9880,0,439028
71,47,0,0,11388,0,0,0,0,0,0,12584,0,0,0,0,9880,0,439028
71,48,0,0,11388,0,0,0,0,0,0,12584,0,0,0,0,9880,0,439028
71,49,0,0,11388,0,0,0,0,0,0,12584,0,0,0,0,0,11388,485816
71,50,0,0,11388,0,0,0,0,0,0,12584,0,0,0,0,0,11388,485816
71,51,0,0,11388,0,0,0,0,0,0,12584,0,0,0,0,0,11388,485816
71,52,0,0,11388,0,0,0,0,0,0,12584,0,0,0,0,0,0,551158
71,53,0,0,11388,0,0,0,0,0,0,12584,0,0,0,0,0,0,551158
71,54,0,0,11388,0,0,0,0,0,0,12584,0,0,0,0,0,0,551158
71,55,0,0,0,12584,0,0,0,0,9880,0,0,0,0,9880,0,0,413633
71,56,0,0,0,12584,0,0,0,0,9880,0,0,0,0,9880,0,0,413633
71,57,0,0,0,12584,0,0,0,0,9880,0,0,0,0,9880,0,0,413633
71,58,0,0,0,12584,0,0,0,0,9880,0,0,0,0,0,11388,0,434895
71,59,0,0,0,12584,0,0,0,0,9880,0,0,0,0,0,11388,0,434895
71,60,0,0,0,12584,0,0,0,0,9880,0,0,0,0,0,11388,0,434895
71,61,0,0,0,12584,0,0,0,0,9880,0,0,0,0,0,0,12584,474865
71,62,0,0,0,12584,0,0,0,0,9880,0,0,0,0,0,0,12584,474865
71,63,0,0,0,12584,0,0,0,0,9880,0,0,0,0,0,0,12584,474865
71,64,0,0,0,12584,0,0,0,0,0,11388,0,0,0,0,9880,0,438681
71,65,0,0,0,12584,0,0,0,0,0,11388,0,0,0,0,9880,0,438681
71,66,0,0,0,12584,0,0,0,0,0,11388,0,0,0,0,9880,0,438681
71,67,0,0,0,12584,0,0,0,0,0,11388,0,0,0,0,0,11388,485469
71,68,0,0,0,12584,0,0,0,0,0,11388,0,0,0,0,0,11388,485469
71,69,0,0,0,12584,0,0,0,0,0,11388,0,0,0,0,0,11388,485469
71,70,0,0,0,12584,0,0,0,0,0,11388,0,0,0,0,0,0,550811
71,71,0,0,0,12584,0,0,0,0,0,11388,0,0,0,0,0,0,550811
71,72,0,0,0,12584,0,0,0,0,0,11388,0,0,0,0,0,0,550811
71,73,0,0,0,12584,0,0,0,0,0,0,12584,0,0,0,0,9880,478952
71,74,0,0,0,12584,0,0,0,0,0,0,12584,0,0,0,0,9880,478952
71,75,0,0,0,12584,0,0,0,0,0,0,12584,0,0,0,0,9880,478952
71,76,0,0,0,12584,0,0,0,0,0,0,12584,0,0,0,0,0,550608
71,77,0,0,0,12584,0,0,0,0,0,0,12584,0,0,0,0,0,550608
71,78,0,0,0,12584,0,0,0,0,0,0,12584,0,0,0,0,0,550608
71,79,0,0,0,12584,0,0,0,0,0,0,12584,0,0,0,0,0,550608
71,80,0,0,0,12584,0,0,0,0,0,0,12584,0,0,0,0,0,550608
71,81,0,0,0,12584,0,0,0,0,0,0,12584,0,0,0,0,0,550608
72,1,0,6633,0,0,0,0,6633,0,0,0,0,6633,0,0,0,0,364339
72,2,0,6633,0,0,0,0,6633,0,0,0,0,6633,0,0,0,0,364339
72,3,0,6633,0,0,0,0,6633,0,0,0,0,6633,0,0,0,0,364339
72,4,0,6633,0,0,0,0,6633,0,0,0,0,0,7557,0,0,0,297034
72,5,0,6633,0,0,0,0,6633,0,0,0,0,0,7557,0,0,0,297034
72,6,0,6633,0,0,0,0,6633,0,0,0,0,0,7557,0,0,0,297034
72,7,0,6633,0,0,0,0,6633,0,0,0,0,0,0,8316,0,0,289347
72,8,0,6633,0,0,0,0,6633,0,0,0,0,0,0,8316,0,0,289347
72,9,0,6633,0,0,0,0,6633,0,0,0,0,0,0,8316,0,0,289347
72,10,0,6633,0,0,0,0,0,7557,0,0,0,0,6633,0,0,0,298680
72,11,0,6633,0,0,0,0,0,7557,0,0,0,0,6633,0,0,0,298680
72,12,0,6633,0,0,0,0,0,7557,0,0,0,0,6633,0,0,0,298680
72,13,0,6633,0,0,0,0,0,7557,0,0,0,0,0,7557,0,0,295386
72,14,0,6633,0,0,0,0,0,7557,0,0,0,0,0,7557,0,0,295386
72,15,0,6633,0,0,0,0,0,7557,0,0,0,0,0,7557,0,0,295386
72,16,0,6633,0,0,0,0,0,7557,0,0,0,0,0,0,8316,0,302986
72,17,0,6633,0,0,0,0,0,7557,0,0,0,0,0,0,8316,0,302986
72,18,0,6633,0,0,0,0,0,7557,0,0,0,0,0,0,8316,0,302986
72,19,0,6633,0,0,0,0,0,0,8316,0,0,0,0,6633,0,0,290456
72,20,0,6633,0,0,0,0,0,0,8316,0,0,0,0,6633,0,0,290456
72,21,0,6633,0,0,0,0,0,0,8316,0,0,0,0,6633,0,0,290456
72,22,0,6633,0,0,0,0,0,0,8316,0,0,0,0,0,7557,0,302123
72,23,0,6633,0,0,0,0,0,0,8316,0,0,0,0,0,7557,0,302123
72,24,0,6633,0,0,0,0,0,0,8316,0,0,0,0,0,7557,0,302123
72,25,0,6633,0,0,0,0,0,0,8316,0,0,0,0,0,0,8316,327650
72,26,0,6633,0,0,0,0,0,0,8316,0,0,0,0,0,0,8316,327650
72,27,0,6633,0,0,0,0,0,0,8316,0,0,0,0,0,0,8316,327650
72,28,0,0,7557,0,0,0,0,6633,0,0,0,0,6633,0,0,0,301096
72,29,0,0,7557,0,0,0,0,6633,0,0,0,0,6633,0,0,0,301096
72,30,0,0,7557,0,0,0,0,6633,0,0,0,0,6633,0,0,0,301096
72,31,0,0,7557,0,0,0,0,6633,0,0,0,0,0,7557,0,0,297802
72,32,0,0,7557,0,0,0,0,6633,0,0,0,0,0,7557,0,0,297802
72,33,0,0,7557,0,0,0,0,6633,0,0,0,0,0,7557,0,0,297802
72,34,0,0,7557,0,0,0,0,6633,0,0,0,0,0,0,8316,0,305402
72,35,0,0,7557,0,0,0,0,6633,0,0,0,0,0,0,8316,0,305402
72,36,0,0,7557,0,0,0,0,6633,0,0,0,0,0,0,8316,0,305402
72,37,0,0,7557,0,0,0,0,0,7557,0,0,0,0,6633,0,0,299327
72,38,0,0,7557,0,0,0,0,0,7557,0,0,0,0,6633,0,0,299327
72,39,0,0,7557,0,0,0,0,0,7557,0,0,0,0,6633,0,0,299327
72,40,0,0,7557,0,0,0,0,0,7557,0,0,0,0,0,7557,0,310994
72,41,0,0,7557,0,0,0,0,0,7557,0,0,0,0,0,7557,0,310994
72,42,0,0,7557,0,0,0,0,0,7557,0,0,0,0,0,7557,0,310994
72,43,0,0,7557,0,0,0,0,0,7557,0,0,0,0,0,0,8316,336521
72,44,0,0,7557,0,0,0,0,0,7557,0,0,0,0,0,0,8316,336521
72,45,0,0,7557,0,0,0,0,0,7557,0,0,0,0,0,0,8316,336521
72,46,0,0,7557,0,0,0,0,0,0,8316,0,0,0,0,6633,0,306427
72,47,0,0,7557,0,0,0,0,0,0,8316,0,0,0,0,6633,0,306427
72,48,0,0,7557,0,0,0,0,0,0,8316,0,0,0,0,6633,0,306427
72,49,0,0,7557,0,0,0,0,0,0,8316,0,0,0,0,0,7557,335720
72,50,0,0,7557,0,0,0,0,0,0,8316,0,0,0,0,0,7557,335720
72,51,0,0,7557,0,0,0,0,0,0,8316,0,0,0,0,0,7557,335720
72,52,0,0,7557,0,0,0,0,0,0,8316,0,0,0,0,0,0,376994
72,53,0,0,7557,0,0,0,0,0,0,8316,0,0,0,0,0,0,376994
72,54,0,0,7557,0,0,0,0,0,0,8316,0,0,0,0,0,0,376994
72,55,0,0,0,8316,0,0,0,0,6633,0,0,0,0,6633,0,0,292084
72,56,0,0,0,8316,0,0,0,0,6633,0,0,0,0,6633,0,0,292084
72,57,0,0,0,8316,0,0,0,0,6633,0,0,0,0,6633,0,0,292084
72,58,0,0,0,8316,0,0,0,0,6633,0,0,0,0,0,7557,0,303751
72,59,0,0,0,8316,0,0,0,0,6633,0,0,0,0,0,7557,0,303751
72,60,0,0,0,8316,0,0,0,0,6633,0,0,0,0,0,7557,0,303751
72,61,0,0,0,8316,0,0,0,0,6633,0,0,0,0,0,0,8316,329278
72,62,0,0,0,8316,0,0,0,0,6633,0,0,0,0,0,0,8316,329278
72,63,0,0,0,8316,0,0,0,0,6633,0,0,0,0,0,0,8316,329278
72,64,0,0,0,8316,0,0,0,0,0,7557,0,0,0,0,6633,0,305160
72,65,0,0,0,8316,0,0,0,0,0,7557,0,0,0,0,6633,0,305160
72,66,0,0,0,8316,0,0,0,0,0,7557,0,0,0,0,6633,0,305160
72,67,0,0,0,8316,0,0,0,0,0,7557,0,0,0,0,0,7557,334453
72,68,0,0,0,8316,0,0,0,0,0,7557,0,0,0,0,0,7557,334453
72,69,0,0,0,8316,0,0,0,0,0,7557,0,0,0,0,0,7557,334453
72,70,0,0,0,8316,0,0,0,0,0,7557,0,0,0,0,0,0,375727
72,71,0,0,0,8316,0,0,0,0,0,7557,0,0,0,0,0,0,375727
72,72,0,0,0,8316,0,0,0,0,0,7557,0,0,0,0,0,0,375727
72,73,0,0,0,8316,0,0,0,0,0,0,8316,0,0,0,0,6633,330225
72,74,0,0,0,8316,0,0,0,0,0,0,8316,0,0,0,0,6633,330225
72,75,0,0,0,8316,0,0,0,0,0,0,8316,0,0,0,0,6633,330225
72,76,0,0,0,8316,0,0,0,0,0,0,8316,0,0,0,0,0,374987
72,77,0,0,0,8316,0,0,0,0,0,0,8316,0,0,0,0,0,374987
72,78,0,0,0,8316,0,0,0,0,0,0,8316,0,0,0,0,0,374987
72,79,0,0,0,8316,0,0,0,0,0,0,8316,0,0,0,0,0,374987
72,80,0,0,0,8316,0,0,0,0,0,0,8316,0,0,0,0,0,374987
72,81,0,0,0,8316,0,0,0,0,0,0,8316,0,0,0,0,0,374987
73,1,0,9880,0,0,0,0,9880,0,0,0,0,9880,0,0,0,0,508984
73,2,0,9880,0,0,0,0,9880,0,0,0,0,9880,0,0,0,0,508984
73,3,0,9880,0,0,0,0,9880,0,0,0,0,9880,0,0,0,0,508984
73,4,0,9880,0,0,0,0,9880,0,0,0,0,0,11388,0,0,0,411546
73,5,0,9880,0,0,0,0,9880,0,0,0,0,0,11388,0,0,0,411546
73,6,0,9880,0,0,0,0,9880,0,0,0,0,0,11388,0,0,0,411546
73,7,0,9880,0,0,0,0,9880,0,0,0,0,0,0,12584,0,0,401868
73,8,0,9880,0,0,0,0,9880,0,0,0,0,0,0,12584,0,0,401868
73,9,0,9880,0,0,0,0,9880,0,0,0,0,0,0,12584,0,0,401868
73,10,0,9880,0,0,0,0,0,11388,0,0,0,0,9880,0,0,0,415959
73,11,0,9880,0,0,0,0,0,11388,0,0,0,0,9880,0,0,0,415959
73,12,0,9880,0,0,0,0,0,11388,0,0,0,0,9880,0,0,0,415959
73,13,0,9880,0,0,0,0,0,11388,0,0,0,0,0,11388,0,0,414234
73,14,0,9880,0,0,0,0,0,11388,0,0,0,0,0,11388,0,0,414234
73,15,0,9880,0,0,0,0,0,11388,0,0,0,0,0,11388,0,0,414234
73,16,0,9880,0,0,0,0,0,11388,0,0,0,0,0,0,12584,0,428132
73,17,0,9880,0,0,0,0,0,11388,0,0,0,0,0,0,12584,0,428132
73,18,0,9880,0,0,0,0,0,11388,0,0,0,0,0,0,12584,0,428132
73,19,0,9880,0,0,0,0,0,0,12584,0,0,0,0,9880,0,0,406633
73,20,0,9880,0,0,0,0,0,0,12584,0,0,0,0,9880,0,0,406633
73,21,0,9880,0,0,0,0,0,0,12584,0,0,0,0,9880,0,0,406633
73,22,0,9880,0,0,0,0,0,0,12584,0,0,0,0,0,11388,0,427895
73,23,0,9880,0,0,0,0,0,0,12584,0,0,0,0,0,11388,0,427895
73,24,0,9880,0,0,0,0,0,0,12584,0,0,0,0,0,11388,0,427895
73,25,0,9880,0,0,0,0,0,0,12584,0,0,0,0,0,0,12584,467865
73,26,0,9880,0,0,0,0,0,0,12584,0,0,0,0,0,0,12584,467865
73,27,0,9880,0,0,0,0,0,0,12584,0,0,0,0,0,0,12584,467865
73,28,0,0,11388,0,0,0,0,9880,0,0,0,0,9880,0,0,0,422442
73,29,0,0,11388,0,0,0,0,9880,0,0,0,0,9880,0,0,0,422442
73,30,0,0,11388,0,0,0,0,9880,0,0,0,0,9880,0,0,0,422442
73,31,0,0,11388,0,0,0,0,9880,0,0,0,0,0,11388,0,0,420717
73,32,0,0,11388,0,0,0,0,9880,0,0,0,0,0,11388,0,0,420717
73,33,0,0,11388,0,0,0,0,9880,0,0,0,0,0,11388,0,0,420717
73,34,0,0,11388,0,0,0,0,9880,0,0,0,0,0,0,12584,0,434615
73,35,0,0,11388,0,0,0,0,9880,0,0,0,0,0,0,12584,0,434615
73,36,0,0,11388,0,0,0,0,9880,0,0,0,0,0,0,12584,0,434615
73,37,0,0,11388,0,0,0,0,0,11388,0,0,0,0,9880,0,0,424802
73,38,0,0,11388,0,0,0,0,0,11388,0,0,0,0,9880,0,0,424802
73,39,0,0,11388,0,0,0,0,0,11388,0,0,0,0,9880,0,0,424802
73,40,0,0,11388,0,0,0,0,0,11388,0,0,0,0,0,11388,0,446064
73,41,0,0,11388,0,0,0,0,0,11388,0,0,0,0,0,11388,0,446064
73,42,0,0,11388,0,0,0,0,0,11388,0,0,0,0,0,11388,0,446064
73,43,0,0,11388,0,0,0,0,0,11388,0,0,0,0,0,0,12584,486034
73,44,0,0,11388,0,0,0,0,0,11388,0,0,0,0,0,0,12584,486034
73,45,0,0,11388,0,0,0,0,0,11388,0,0,0,0,0,0,12584,486034
73,46,0,0,11388,0,0,0,0,0,0,12584,0,0,0,0,9880,0,439028
73,47,0,0,11388,0,0,0,0,0,0,12584,0,0,0,0,9880,0,439028
73,48,0,0,11388,0,0,0,0,0,0,12584,0,0,0,0,9880,0,439028
73,49,0,0,11388,0,0,0,0,0,0,12584,0,0,0,0,0,11388,485816
73,50,0,0,11388,0,0,0,0,0,0,12584,0,0,0,0,0,11388,485816
73,51,0,0,11388,0,0,0,0,0,0,12584,0,0,0,0,0,11388,485816
73,52,0,0,11388,0,0,0,0,0,0,12584,0,0,0,0,0,0,551158
73,53,0,0,11388,0,0,0,0,0,0,12584,0,0,0,0,0,0,551158
73,54,0,0,11388,0,0,0,0,0,0,12584,0,0,0,0,0,0,551158
73,55,0,0,0,12584,0,0,0,0,9880,0,0,0,0,9880,0,0,413633
73,56,0,0,0,12584,0,0,0,0,9880,0,0,0,0,9880,0,0,413633
73,57,0,0,0,12584,0,0,0,0,9880,0,0,0,0,9880,0,0,413633
73,58,0,0,0,12584,0,0,0,0,9880,0,0,0,0,0,11388,0,434895
73,59,0,0,0,12584,0,0,0,0,9880,0,0,0,0,0,11388,0,434895
73,60,0,0,0,12584,0,0,0,0,9880,0,0,0,0,0,11388,0,434895
73,61,0,0,0,12584,0,0,0,0,9880,0,0,0,0,0,0,12584,474865
73,62,0,0,0,12584,0,0,0,0,9880,0,0,0,0,0,0,12584,474865
73,63,0,0,0,12584,0,0,0,0,9880,0,0,0,0,0,0,12584,474865
73,64,0,0,0,12584,0,0,0,0,0,11388,0,0,0,0,9880,0,438681
73,65,0,0,0,12584,0,0,0,0,0,11388,0,0,0,0,9880,0,438681
73,66,0,0,0,12584,0,0,0,0,0,11388,0,0,0,0,9880,0,438681
73,67,0,0,0,12584,0,0,0,0,0,11388,0,0,0,0,0,11388,485469
73,68,0,0,0,12584,0,0,0,0,0,11388,0,0,0,0,0,11388,485469
73,69,0,0,0,12584,0,0,0,0,0,11388,0,0,0,0,0,11388,485469
73,70,0,0,0,12584,0,0,0,0,0,11388,0,0,0,0,0,0,550811
73,71,0,0,0,12584,0,0,0,0,0,11388,0,0,0,0,0,0,550811
73,72,0,0,0,12584,0,0,0,0,0,11388,0,0,0,0,0,0,550811
73,73,0,0,0,12584,0,0,0,0,0,0,12584,0,0,0,0,9880,478952
73,74,0,0,0,12584,0,0,0,0,0,0,12584,0,0,0,0,9880,478952
73,75,0,0,0,12584,0,0,0,0,0,0,12584,0,0,0,0,9880,478952
73,76,0,0,0,12584,0,0,0,0,0,0,12584,0,0,0,0,0,550608
73,77,0,0,0,12584,0,0,0,0,0,0,12584,0,0,0,0,0,550608
73,78,0,0,0,12584,0,0,0,0,0,0,12584,0,0,0,0,0,550608
73,79,0,0,0,12584,0,0,0,0,0,0,12584,0,0,0,0,0,550608
73,80,0,0,0,12584,0,0,0,0,0,0,12584,0,0,0,0,0,550608
73,81,0,0,0,12584,0,0,0,0,0,0,12584,0,0,0,0,0,550608
74,1,0,5488,0,0,0,0,5488,0,0,0,0,5488,0,0,0,0,293198
74,2,0,5488,0,0,0,0,5488,0,0,0,0,5488,0,0,0,0,293198
74,3,0,5488,0,0,0,0,5488,0,0,0,0,5488,0,0,0,0,293198
74,4,0,5488,0,0,0,0,5488,0,0,0,0,0,6272,0,0,0,237947
74,5,0,5488,0,0,0,0,5488,0,0,0,0,0,6272,0,0,0,237947
74,6,0,5488,0,0,0,0,5488,0,0,0,0,0,6272,0,0,0,237947
74,7,0,5488,0,0,0,0,5488,0,0,0,0,0,0,6916,0,0,232040
74,8,0,5488,0,0,0,0,5488,0,0,0,0,0,0,6916,0,0,232040
74,9,0,5488,0,0,0,0,5488,0,0,0,0,0,0,6916,0,0,232040
74,10,0,5488,0,0,0,0,0,6272,0,0,0,0,5488,0,0,0,239669
74,11,0,5488,0,0,0,0,0,6272,0,0,0,0,5488,0,0,0,239669
74,12,0,5488,0,0,0,0,0,6272,0,0,0,0,5488,0,0,0,239669
74,13,0,5488,0,0,0,0,0,6272,0,0,0,0,0,6272,0,0,237489
74,14,0,5488,0,0,0,0,0,6272,0,0,0,0,0,6272,0,0,237489
74,15,0,5488,0,0,0,0,0,6272,0,0,0,0,0,6272,0,0,237489
74,16,0,5488,0,0,0,0,0,6272,0,0,0,0,0,0,6916,0,244454
74,17,0,5488,0,0,0,0,0,6272,0,0,0,0,0,0,6916,0,244454
74,18,0,5488,0,0,0,0,0,6272,0,0,0,0,0,0,6916,0,244454
74,19,0,5488,0,0,0,0,0,0,6916,0,0,0,0,5488,0,0,233608
74,20,0,5488,0,0,0,0,0,0,6916,0,0,0,0,5488,0,0,233608
74,21,0,5488,0,0,0,0,0,0,6916,0,0,0,0,5488,0,0,233608
74,22,0,5488,0,0,0,0,0,0,6916,0,0,0,0,0,6272,0,244025
74,23,0,5488,0,0,0,0,0,0,6916,0,0,0,0,0,6272,0,244025
74,24,0,5488,0,0,0,0,0,0,6916,0,0,0,0,0,6272,0,244025
74,25,0,5488,0,0,0,0,0,0,6916,0,0,0,0,0,0,6916,265615
74,26,0,5488,0,0,0,0,0,0,6916,0,0,0,0,0,0,6916,265615
74,27,0,5488,0,0,0,0,0,0,6916,0,0,0,0,0,0,6916,265615
74,28,0,0,6272,0,0,0,0,5488,0,0,0,0,5488,0,0,0,242201
74,29,0,0,6272,0,0,0,0,5488,0,0,0,0,5488,0,0,0,242201
74,30,0,0,6272,0,0,0,0,5488,0,0,0,0,5488,0,0,0,242201
74,31,0,0,6272,0,0,0,0,5488,0,0,0,0,0,6272,0,0,240021
74,32,0,0,6272,0,0,0,0,5488,0,0,0,0,0,6272,0,0,240021
74,33,0,0,6272,0,0,0,0,5488,0,0,0,0,0,6272,0,0,240021
74,34,0,0,6272,0,0,0,0,5488,0,0,0,0,0,0,6916,0,246986
74,35,0,0,6272,0,0,0,0,5488,0,0,0,0,0,0,6916,0,246986
74,36,0,0,6272,0,0,0,0,5488,0,0,0,0,0,0,6916,0,246986
74,37,0,0,6272,0,0,0,0,0,6272,0,0,0,0,5488,0,0,241616
74,38,0,0,6272,0,0,0,0,0,6272,0,0,0,0,5488,0,0,241616
74,39,0,0,6272,0,0,0,0,0,6272,0,0,0,0,5488,0,0,241616
74,40,0,0,6272,0,0,0,0,0,6272,0,0,0,0,0,6272,0,252033
74,41,0,0,6272,0,0,0,0,0,6272,0,0,0,0,0,6272,0,252033
74,42,0,0,6272,0,0,0,0,0,6272,0,0,0,0,0,6272,0,252033
74,43,0,0,6272,0,0,0,0,0,6272,0,0,0,0,0,0,6916,273623
74,44,0,0,6272,0,0,0,0,0,6272,0,0,0,0,0,0,6916,273623
74,45,0,0,6272,0,0,0,0,0,6272,0,0,0,0,0,0,6916,273623
74,46,0,0,6272,0,0,0,0,0,0,6916,0,0,0,0,5488,0,248440
74,47,0,0,6272,0,0,0,0,0,0,6916,0,0,0,0,5488,0,248440
74,48,0,0,6272,0,0,0,0,0,0,6916,0,0,0,0,5488,0,248440
74,49,0,0,6272,0,0,0,0,0,0,6916,0,0,0,0,0,6272,273225
74,50,0,0,6272,0,0,0,0,0,0,6916,0,0,0,0,0,6272,273225
74,51,0,0,6272,0,0,0,0,0,0,6916,0,0,0,0,0,6272,273225
74,52,0,0,6272,0,0,0,0,0,0,6916,0,0,0,0,0,0,308327
74,53,0,0,6272,0,0,0,0,0,0,6916,0,0,0,0,0,0,308327
74,54,0,0,6272,0,0,0,0,0,0,6916,0,0,0,0,0,0,308327
74,55,0,0,0,6916,0,0,0,0,5488,0,0,0,0,5488,0,0,235915
74,56,0,0,0,6916,0,0,0,0,5488,0,0,0,0,5488,0,0,235915
74,57,0,0,0,6916,0,0,0,0,5488,0,0,0,0,5488,0,0,235915
74,58,0,0,0,6916,0,0,0,0,5488,0,0,0,0,0,6272,0,246332
74,59,0,0,0,6916,0,0,0,0,5488,0,0,0,0,0,6272,0,246332
74,60,0,0,0,6916,0,0,0,0,5488,0,0,0,0,0,6272,0,246332
74,61,0,0,0,6916,0,0,0,0,5488,0,0,0,0,0,0,6916,267922
74,62,0,0,0,6916,0,0,0,0,5488,0,0,0,0,0,0,6916,267922
74,63,0,0,0,6916,0,0,0,0,5488,0,0,0,0,0,0,6916,267922
74,64,0,0,0,6916,0,0,0,0,0,6272,0,0,0,0,5488,0,247809
74,65,0,0,0,6916,0,0,0,0,0,6272,0,0,0,0,5488,0,247809
74,66,0,0,0,6916,0,0,0,0,0,6272,0,0,0,0,5488,0,247809
74,67,0,0,0,6916,0,0,0,0,0,6272,0,0,0,0,0,6272,272594
74,68,0,0,0,6916,0,0,0,0,0,6272,0,0,0,0,0,6272,272594
74,69,0,0,0,6916,0,0,0,0,0,6272,0,0,0,0,0,6272,272594
74,70,0,0,0,6916,0,0,0,0,0,6272,0,0,0,0,0,0,307696
74,71,0,0,0,6916,0,0,0,0,0,6272,0,0,0,0,0,0,307696
74,72,0,0,0,6916,0,0,0,0,0,6272,0,0,0,0,0,0,307696
74,73,0,0,0,6916,0,0,0,0,0,0,6916,0,0,0,0,5488,269268
74,74,0,0,0,6916,0,0,0,0,0,0,6916,0,0,0,0,5488,269268
74,75,0,0,0,6916,0,0,0,0,0,0,6916,0,0,0,0,5488,269268
74,76,0,0,0,6916,0,0,0,0,0,0,6916,0,0,0,0,0,307328
74,77,0,0,0,6916,0,0,0,0,0,0,6916,0,0,0,0,0,307328
74,78,0,0,0,6916,0,0,0,0,0,0,6916,0,0,0,0,0,307328
74,79,0,0,0,6916,0,0,0,0,0,0,6916,0,0,0,0,0,307328
74,80,0,0,0,6916,0,0,0,0,0,0,6916,0,0,0,0,0,307328
74,81,0,0,0,6916,0,0,0,0,0,0,6916,0,0,0,0,0,307328
75,1,0,6408,0,0,0,0,6408,0,0,0,0,6408,0,0,0,0,303195
75,2,0,6408,0,0,0,0,6408,0,0,0,0,6408,0,0,0,0,303195
75,3,0,6408,0,0,0,0,6408,0,0,0,0,6408,0,0,0,0,303195
75,4,0,6408,0,0,0,0,6408,0,0,0,0,0,7452,0,0,0,241468
75,5,0,6408,0,0,0,0,6408,0,0,0,0,0,7452,0,0,0,241468
75,6,0,6408,0,0,0,0,6408,0,0,0,0,0,7452,0,0,0,241468
75,7,0,6408,0,0,0,0,6408,0,0,0,0,0,0,8316,0,0,237324
75,8,0,6408,0,0,0,0,6408,0,0,0,0,0,0,8316,0,0,237324
75,9,0,6408,0,0,0,0,6408,0,0,0,0,0,0,8316,0,0,237324
75,10,0,6408,0,0,0,0,0,7452,0,0,0,0,6408,0,0,0,245532
75,11,0,6408,0,0,0,0,0,7452,0,0,0,0,6408,0,0,0,245532
75,12,0,6408,0,0,0,0,0,7452,0,0,0,0,6408,0,0,0,245532
75,13,0,6408,0,0,0,0,0,7452,0,0,0,0,0,7452,0,0,246233
75,14,0,6408,0,0,0,0,0,7452,0,0,0,0,0,7452,0,0,246233
75,15,0,6408,0,0,0,0,0,7452,0,0,0,0,0,7452,0,0,246233
75,16,0,6408,0,0,0,0,0,7452,0,0,0,0,0,0,8316,0,257897
75,17,0,6408,0,0,0,0,0,7452,0,0,0,0,0,0,8316,0,257897
75,18,0,6408,0,0,0,0,0,7452,0,0,0,0,0,0,8316,0,257897
75,19,0,6408,0,0,0,0,0,0,8316,0,0,0,0,6408,0,0,242876
75,20,0,6408,0,0,0,0,0,0,8316,0,0,0,0,6408,0,0,242876
75,21,0,6408,0,0,0,0,0,0,8316,0,0,0,0,6408,0,0,242876
75,22,0,6408,0,0,0,0,0,0,8316,0,0,0,0,0,7452,0,259026
75,23,0,6408,0,0,0,0,0,0,8316,0,0,0,0,0,7452,0,259026
75,24,0,6408,0,0,0,0,0,0,8316,0,0,0,0,0,7452,0,259026
75,25,0,6408,0,0,0,0,0,0,8316,0,0,0,0,0,0,8316,287178
75,26,0,6408,0,0,0,0,0,0,8316,0,0,0,0,0,0,8316,287178
75,27,0,6408,0,0,0,0,0,0,8316,0,0,0,0,0,0,8316,287178
75,28,0,0,7452,0,0,0,0,6408,0,0,0,0,6408,0,0,0,251502
75,29,0,0,7452,0,0,0,0,6408,0,0,0,0,6408,0,0,0,251502
75,30,0,0,7452,0,0,0,0,6408,0,0,0,0,6408,0,0,0,251502
75,31,0,0,7452,0,0,0,0,6408,0,0,0,0,0,7452,0,0,252203
75,32,0,0,7452,0,0,0,0,6408,0,0,0,0,0,7452,0,0,252203
75,33,0,0,7452,0,0,0,0,6408,0,0,0,0,0,7452,0,0,252203
75,34,0,0,7452,0,0,0,0,6408,0,0,0,0,0,0,8316,0,263867
75,35,0,0,7452,0,0,0,0,6408,0,0,0,0,0,0,8316,0,263867
75,36,0,0,7452,0,0,0,0,6408,0,0,0,0,0,0,8316,0,263867
75,37,0,0,7452,0,0,0,0,0,7452,0,0,0,0,6408,0,0,255965
75,38,0,0,7452,0,0,0,0,0,7452,0,0,0,0,6408,0,0,255965
75,39,0,0,7452,0,0,0,0,0,7452,0,0,0,0,6408,0,0,255965
75,40,0,0,7452,0,0,0,0,0,7452,0,0,0,0,0,7452,0,272115
75,41,0,0,7452,0,0,0,0,0,7452,0,0,0,0,0,7452,0,272115
75,42,0,0,7452,0,0,0,0,0,7452,0,0,0,0,0,7452,0,272115
75,43,0,0,7452,0,0,0,0,0,7452,0,0,0,0,0,0,8316,300267
75,44,0,0,7452,0,0,0,0,0,7452,0,0,0,0,0,0,8316,300267
75,45,0,0,7452,0,0,0,0,0,7452,0,0,0,0,0,0,8316,300267
75,46,0,0,7452,0,0,0,0,0,0,8316,0,0,0,0,6408,0,269008
75,47,0,0,7452,0,0,0,0,0,0,8316,0,0,0,0,6408,0,269008
75,48,0,0,7452,0,0,0,0,0,0,8316,0,0,0,0,6408,0,269008
75,49,0,0,7452,0,0,0,0,0,0,8316,0,0,0,0,0,7452,301314
75,50,0,0,7452,0,0,0,0,0,0,8316,0,0,0,0,0,7452,301314
75,51,0,0,7452,0,0,0,0,0,0,8316,0,0,0,0,0,7452,301314
75,52,0,0,7452,0,0,0,0,0,0,8316,0,0,0,0,0,0,347370
75,53,0,0,7452,0,0,0,0,0,0,8316,0,0,0,0,0,0,347370
75,54,0,0,7452,0,0,0,0,0,0,8316,0,0,0,0,0,0,347370
75,55,0,0,0,8316,0,0,0,0,6408,0,0,0,0,6408,0,0,251033
75,56,0,0,0,8316,0,0,0,0,6408,0,0,0,0,6408,0,0,251033
75,57,0,0,0,8316,0,0,0,0,6408,0,0,0,0,6408,0,0,251033
75,58,0,0,0,8316,0,0,0,0,6408,0,0,0,0,0,7452,0,267183
75,59,0,0,0,8316,0,0,0,0,6408,0,0,0,0,0,7452,0,267183
75,60,0,0,0,8316,0,0,0,0,6408,0,0,0,0,0,7452,0,267183
75,61,0,0,0,8316,0,0,0,0,6408,0,0,0,0,0,0,8316,295335
75,62,0,0,0,8316,0,0,0,0,6408,0,0,0,0,0,0,8316,295335
75,63,0,0,0,8316,0,0,0,0,6408,0,0,0,0,0,0,8316,295335
75,64,0,0,0,8316,0,0,0,0,0,7452,0,0,0,0,6408,0,270667
75,65,0,0,0,8316,0,0,0,0,0,7452,0,0,0,0,6408,0,270667
75,66,0,0,0,8316,0,0,0,0,0,7452,0,0,0,0,6408,0,270667
75,67,0,0,0,8316,0,0,0,0,0,7452,0,0,0,0,0,7452,302973
75,68,0,0,0,8316,0,0,0,0,0,7452,0,0,0,0,0,7452,302973
75,69,0,0,0,8316,0,0,0,0,0,7452,0,0,0,0,0,7452,302973
75,70,0,0,0,8316,0,0,0,0,0,7452,0,0,0,0,0,0,349029
75,71,0,0,0,8316,0,0,0,0,0,7452,0,0,0,0,0,0,349029
75,72,0,0,0,8316,0,0,0,0,0,7452,0,0,0,0,0,0,349029
75,73,0,0,0,8316,0,0,0,0,0,0,8316,0,0,0,0,6408,300096
75,74,0,0,0,8316,0,0,0,0,0,0,8316,0,0,0,0,6408,300096
75,75,0,0,0,8316,0,0,0,0,0,0,8316,0,0,0,0,6408,300096
75,76,0,0,0,8316,0,0,0,0,0,0,8316,0,0,0,0,0,349998
75,77,0,0,0,8316,0,0,0,0,0,0,8316,0,0,0,0,0,349998
75,78,0,0,0,8316,0,0,0,0,0,0,8316,0,0,0,0,0,349998
75,79,0,0,0,8316,0,0,0,0,0,0,8316,0,0,0,0,0,349998
75,80,0,0,0,8316,0,0,0,0,0,0,8316,0,0,0,0,0,349998
75,81,0,0,0,8316,0,0,0,0,0,0,8316,0,0,0,0,0,349998
76,1,0,6708,0,0,0,0,6708,0,0,0,0,6708,0,0,0,0,301825
76,2,0,6708,0,0,0,0,6708,0,0,0,0,6708,0,0,0,0,301825
76,3,0,6708,0,0,0,0,6708,0,0,0,0,6708,0,0,0,0,301825
76,4,0,6708,0,0,0,0,6708,0,0,0,0,0,7839,0,0,0,238057
76,5,0,6708,0,0,0,0,6708,0,0,0,0,0,7839,0,0,0,238057
76,6,0,6708,0,0,0,0,6708,0,0,0,0,0,7839,0,0,0,238057
76,7,0,6708,0,0,0,0,6708,0,0,0,0,0,0,8775,0,0,234597
76,8,0,6708,0,0,0,0,6708,0,0,0,0,0,0,8775,0,0,234597
76,9,0,6708,0,0,0,0,6708,0,0,0,0,0,0,8775,0,0,234597
76,10,0,6708,0,0,0,0,0,7839,0,0,0,0,6708,0,0,0,243004
76,11,0,6708,0,0,0,0,0,7839,0,0,0,0,6708,0,0,0,243004
76,12,0,6708,0,0,0,0,0,7839,0,0,0,0,6708,0,0,0,243004
76,13,0,6708,0,0,0,0,0,7839,0,0,0,0,0,7839,0,0,244793
76,14,0,6708,0,0,0,0,0,7839,0,0,0,0,0,7839,0,0,244793
76,15,0,6708,0,0,0,0,0,7839,0,0,0,0,0,7839,0,0,244793
76,16,0,6708,0,0,0,0,0,7839,0,0,0,0,0,0,8775,0,258203
76,17,0,6708,0,0,0,0,0,7839,0,0,0,0,0,0,8775,0,258203
76,18,0,6708,0,0,0,0,0,7839,0,0,0,0,0,0,8775,0,258203
76,19,0,6708,0,0,0,0,0,0,8775,0,0,0,0,6708,0,0,241664
76,20,0,6708,0,0,0,0,0,0,8775,0,0,0,0,6708,0,0,241664
76,21,0,6708,0,0,0,0,0,0,8775,0,0,0,0,6708,0,0,241664
76,22,0,6708,0,0,0,0,0,0,8775,0,0,0,0,0,7839,0,259935
76,23,0,6708,0,0,0,0,0,0,8775,0,0,0,0,0,7839,0,259935
76,24,0,6708,0,0,0,0,0,0,8775,0,0,0,0,0,7839,0,259935
76,25,0,6708,0,0,0,0,0,0,8775,0,0,0,0,0,0,8775,290273
76,26,0,6708,0,0,0,0,0,0,8775,0,0,0,0,0,0,8775,290273
76,27,0,6708,0,0,0,0,0,0,8775,0,0,0,0,0,0,8775,290273
76,28,0,0,7839,0,0,0,0,6708,0,0,0,0,6708,0,0,0,250274
76,29,0,0,7839,0,0,0,0,6708,0,0,0,0,6708,0,0,0,250274
76,30,0,0,7839,0,0,0,0,6708,0,0,0,0,6708,0,0,0,250274
76,31,0,0,7839,0,0,0,0,6708,0,0,0,0,0,7839,0,0,252063
76,32,0,0,7839,0,0,0,0,6708,0,0,0,0,0,7839,0,0,252063
76,33,0,0,7839,0,0,0,0,6708,0,0,0,0,0,7839,0,0,252063
76,34,0,0,7839,0,0,0,0,6708,0,0,0,0,0,0,8775,0,265473
76,35,0,0,7839,0,0,0,0,6708,0,0,0,0,0,0,8775,0,265473
76,36,0,0,7839,0,0,0,0,6708,0,0,0,0,0,0,8775,0,265473
76,37,0,0,7839,0,0,0,0,0,7839,0,0,0,0,6708,0,0,256645
76,38,0,0,7839,0,0,0,0,0,7839,0,0,0,0,6708,0,0,256645
76,39,0,0,7839,0,0,0,0,0,7839,0,0,0,0,6708,0,0,256645
76,40,0,0,7839,0,0,0,0,0,7839,0,0,0,0,0,7839,0,274916
76,41,0,0,7839,0,0,0,0,0,7839,0,0,0,0,0,7839,0,274916
76,42,0,0,7839,0,0,0,0,0,7839,0,0,0,0,0,7839,0,274916
76,43,0,0,7839,0,0,0,0,0,7839,0,0,0,0,0,0,8775,305254
76,44,0,0,7839,0,0,0,0,0,7839,0,0,0,0,0,0,8775,305254
76,45,0,0,7839,0,0,0,0,0,7839,0,0,0,0,0,0,8775,305254
76,46,0,0,7839,0,0,0,0,0,0,8775,0,0,0,0,6708,0,272017
76,47,0,0,7839,0,0,0,0,0,0,8775,0,0,0,0,6708,0,272017
76,48,0,0,7839,0,0,0,0,0,0,8775,0,0,0,0,6708,0,272017
76,49,0,0,7839,0,0,0,0,0,0,8775,0,0,0,0,0,7839,306855
76,50,0,0,7839,0,0,0,0,0,0,8775,0,0,0,0,0,7839,306855
76,51,0,0,7839,0,0,0,0,0,0,8775,0,0,0,0,0,7839,306855
76,52,0,0,7839,0,0,0,0,0,0,8775,0,0,0,0,0,0,357022
76,53,0,0,7839,0,0,0,0,0,0,8775,0,0,0,0,0,0,357022
76,54,0,0,7839,0,0,0,0,0,0,8775,0,0,0,0,0,0,357022
76,55,0,0,0,8775,0,0,0,0,6708,0,0,0,0,6708,0,0,252045
76,56,0,0,0,8775,0,0,0,0,6708,0,0,0,0,6708,0,0,252045
76,57,0,0,0,8775,0,0,0,0,6708,0,0,0,0,6708,0,0,252045
76,58,0,0,0,8775,0,0,0,0,6708,0,0,0,0,0,7839,0,270316
76,59,0,0,0,8775,0,0,0,0,6708,0,0,0,0,0,7839,0,270316
76,60,0,0,0,8775,0,0,0,0,6708,0,0,0,0,0,7839,0,270316
76,61,0,0,0,8775,0,0,0,0,6708,0,0,0,0,0,0,8775,300654
76,62,0,0,0,8775,0,0,0,0,6708,0,0,0,0,0,0,8775,300654
76,63,0,0,0,8775,0,0,0,0,6708,0,0,0,0,0,0,8775,300654
76,64,0,0,0,8775,0,0,0,0,0,7839,0,0,0,0,6708,0,274558
76,65,0,0,0,8775,0,0,0,0,0,7839,0,0,0,0,6708,0,274558
76,66,0,0,0,8775,0,0,0,0,0,7839,0,0,0,0,6708,0,274558
76,67,0,0,0,8775,0,0,0,0,0,7839,0,0,0,0,0,7839,309396
76,68,0,0,0,8775,0,0,0,0,0,7839,0,0,0,0,0,7839,309396
76,69,0,0,0,8775,0,0,0,0,0,7839,0,0,0,0,0,7839,309396
76,70,0,0,0,8775,0,0,0,0,0,7839,0,0,0,0,0,0,359563
76,71,0,0,0,8775,0,0,0,0,0,7839,0,0,0,0,0,0,359563
76,72,0,0,0,8775,0,0,0,0,0,7839,0,0,0,0,0,0,359563
76,73,0,0,0,8775,0,0,0,0,0,0,8775,0,0,0,0,6708,306712
76,74,0,0,0,8775,0,0,0,0,0,0,8775,0,0,0,0,6708,306712
76,75,0,0,0,8775,0,0,0,0,0,0,8775,0,0,0,0,6708,306712
76,76,0,0,0,8775,0,0,0,0,0,0,8775,0,0,0,0,0,361045
76,77,0,0,0,8775,0,0,0,0,0,0,8775,0,0,0,0,0,361045
76,78,0,0,0,8775,0,0,0,0,0,0,8775,0,0,0,0,0,361045
76,79,0,0,0,8775,0,0,0,0,0,0,8775,0,0,0,0,0,361045
76,80,0,0,0,8775,0,0,0,0,0,0,8775,0,0,0,0,0,361045
76,81,0,0,0,8775,0,0,0,0,0,0,8775,0,0,0,0,0,361045
77,1,0,5130,0,0,0,0,5130,0,0,0,0,5130,0,0,0,0,264282
77,2,0,5130,0,0,0,0,5130,0,0,0,0,5130,0,0,0,0,264282
77,3,0,5130,0,0,0,0,5130,0,0,0,0,5130,0,0,0,0,264282
77,4,0,5130,0,0,0,0,5130,0,0,0,0,0,5913,0,0,0,213690
77,5,0,5130,0,0,0,0,5130,0,0,0,0,0,5913,0,0,0,213690
77,6,0,5130,0,0,0,0,5130,0,0,0,0,0,5913,0,0,0,213690
77,7,0,5130,0,0,0,0,5130,0,0,0,0,0,0,6534,0,0,208664
77,8,0,5130,0,0,0,0,5130,0,0,0,0,0,0,6534,0,0,208664
77,9,0,5130,0,0,0,0,5130,0,0,0,0,0,0,6534,0,0,208664
77,10,0,5130,0,0,0,0,0,5913,0,0,0,0,5130,0,0,0,215982
77,11,0,5130,0,0,0,0,0,5913,0,0,0,0,5130,0,0,0,215982
77,12,0,5130,0,0,0,0,0,5913,0,0,0,0,5130,0,0,0,215982
77,13,0,5130,0,0,0,0,0,5913,0,0,0,0,0,5913,0,0,215086
77,14,0,5130,0,0,0,0,0,5913,0,0,0,0,0,5913,0,0,215086
77,15,0,5130,0,0,0,0,0,5913,0,0,0,0,0,5913,0,0,215086
77,16,0,5130,0,0,0,0,0,5913,0,0,0,0,0,0,6534,0,222302
77,17,0,5130,0,0,0,0,0,5913,0,0,0,0,0,0,6534,0,222302
77,18,0,5130,0,0,0,0,0,5913,0,0,0,0,0,0,6534,0,222302
77,19,0,5130,0,0,0,0,0,0,6534,0,0,0,0,5130,0,0,211139
77,20,0,5130,0,0,0,0,0,0,6534,0,0,0,0,5130,0,0,211139
77,21,0,5130,0,0,0,0,0,0,6534,0,0,0,0,5130,0,0,211139
77,22,0,5130,0,0,0,0,0,0,6534,0,0,0,0,0,5913,0,222178
77,23,0,5130,0,0,0,0,0,0,6534,0,0,0,0,0,5913,0,222178
77,24,0,5130,0,0,0,0,0,0,6534,0,0,0,0,0,5913,0,222178
77,25,0,5130,0,0,0,0,0,0,6534,0,0,0,0,0,0,6534,242931
77,26,0,5130,0,0,0,0,0,0,6534,0,0,0,0,0,0,6534,242931
77,27,0,5130,0,0,0,0,0,0,6534,0,0,0,0,0,0,6534,242931
77,28,0,0,5913,0,0,0,0,5130,0,0,0,0,5130,0,0,0,219349
77,29,0,0,5913,0,0,0,0,5130,0,0,0,0,5130,0,0,0,219349
77,30,0,0,5913,0,0,0,0,5130,0,0,0,0,5130,0,0,0,219349
77,31,0,0,5913,0,0,0,0,5130,0,0,0,0,0,5913,0,0,218453
77,32,0,0,5913,0,0,0,0,5130,0,0,0,0,0,5913,0,0,218453
77,33,0,0,5913,0,0,0,0,5130,0,0,0,0,0,5913,0,0,218453
77,34,0,0,5913,0,0,0,0,5130,0,0,0,0,0,0,6534,0,225669
77,35,0,0,5913,0,0,0,0,5130,0,0,0,0,0,0,6534,0,225669
77,36,0,0,5913,0,0,0,0,5130,0,0,0,0,0,0,6534,0,225669
77,37,0,0,5913,0,0,0,0,0,5913,0,0,0,0,5130,0,0,220575
77,38,0,0,5913,0,0,0,0,0,5913,0,0,0,0,5130,0,0,220575
77,39,0,0,5913,0,0,0,0,0,5913,0,0,0,0,5130,0,0,220575
77,40,0,0,5913,0,0,0,0,0,5913,0,0,0,0,0,5913,0,231614
77,41,0,0,5913,0,0,0,0,0,5913,0,0,0,0,0,5913,0,231614
77,42,0,0,5913,0,0,0,0,0,5913,0,0,0,0,0,5913,0,231614
77,43,0,0,5913,0,0,0,0,0,5913,0,0,0,0,0,0,6534,252367
77,44,0,0,5913,0,0,0,0,0,5913,0,0,0,0,0,0,6534,252367
77,45,0,0,5913,0,0,0,0,0,5913,0,0,0,0,0,0,6534,252367
77,46,0,0,5913,0,0,0,0,0,0,6534,0,0,0,0,5130,0,227960
77,47,0,0,5913,0,0,0,0,0,0,6534,0,0,0,0,5130,0,227960
77,48,0,0,5913,0,0,0,0,0,0,6534,0,0,0,0,5130,0,227960
77,49,0,0,5913,0,0,0,0,0,0,6534,0,0,0,0,0,5913,252254
77,50,0,0,5913,0,0,0,0,0,0,6534,0,0,0,0,0,5913,252254
77,51,0,0,5913,0,0,0,0,0,0,6534,0,0,0,0,0,5913,252254
77,52,0,0,5913,0,0,0,0,0,0,6534,0,0,0,0,0,0,286181
77,53,0,0,5913,0,0,0,0,0,0,6534,0,0,0,0,0,0,286181
77,54,0,0,5913,0,0,0,0,0,0,6534,0,0,0,0,0,0,286181
77,55,0,0,0,6534,0,0,0,0,5130,0,0,0,0,5130,0,0,214774
77,56,0,0,0,6534,0,0,0,0,5130,0,0,0,0,5130,0,0,214774
77,57,0,0,0,6534,0,0,0,0,5130,0,0,0,0,5130,0,0,214774
77,58,0,0,0,6534,0,0,0,0,5130,0,0,0,0,0,5913,0,225813
77,59,0,0,0,6534,0,0,0,0,5130,0,0,0,0,0,5913,0,225813
77,60,0,0,0,6534,0,0,0,0,5130,0,0,0,0,0,5913,0,225813
77,61,0,0,0,6534,0,0,0,0,5130,0,0,0,0,0,0,6534,246566
77,62,0,0,0,6534,0,0,0,0,5130,0,0,0,0,0,0,6534,246566
77,63,0,0,0,6534,0,0,0,0,5130,0,0,0,0,0,0,6534,246566
77,64,0,0,0,6534,0,0,0,0,0,5913,0,0,0,0,5130,0,227777
77,65,0,0,0,6534,0,0,0,0,0,5913,0,0,0,0,5130,0,227777
77,66,0,0,0,6534,0,0,0,0,0,5913,0,0,0,0,5130,0,227777
77,67,0,0,0,6534,0,0,0,0,0,5913,0,0,0,0,0,5913,252071
77,68,0,0,0,6534,0,0,0,0,0,5913,0,0,0,0,0,5913,252071
77,69,0,0,0,6534,0,0,0,0,0,5913,0,0,0,0,0,5913,252071
77,70,0,0,0,6534,0,0,0,0,0,5913,0,0,0,0,0,0,285998
77,71,0,0,0,6534,0,0,0,0,0,5913,0,0,0,0,0,0,285998
77,72,0,0,0,6534,0,0,0,0,0,5913,0,0,0,0,0,0,285998
77,73,0,0,0,6534,0,0,0,0,0,0,6534,0,0,0,0,5130,248687
77,74,0,0,0,6534,0,0,0,0,0,0,6534,0,0,0,0,5130,248687
77,75,0,0,0,6534,0,0,0,0,0,0,6534,0,0,0,0,5130,248687
77,76,0,0,0,6534,0,0,0,0,0,0,6534,0,0,0,0,0,285893
77,77,0,0,0,6534,0,0,0,0,0,0,6534,0,0,0,0,0,285893
77,78,0,0,0,6534,0,0,0,0,0,0,6534,0,0,0,0,0,285893
77,79,0,0,0,6534,0,0,0,0,0,0,6534,0,0,0,0,0,285893
77,80,0,0,0,6534,0,0,0,0,0,0,6534,0,0,0,0,0,285893
77,81,0,0,0,6534,0,0,0,0,0,0,6534,0,0,0,0,0,285893
78,1,0,9500,0,0,0,0,9500,0,0,0,0,9500,0,0,0,0,489407
78,2,0,9500,0,0,0,0,9500,0,0,0,0,9500,0,0,0,0,489407
78,3,0,9500,0,0,0,0,9500,0,0,0,0,9500,0,0,0,0,489407
78,4,0,9500,0,0,0,0,9500,0,0,0,0,0,10950,0,0,0,395715
78,5,0,9500,0,0,0,0,9500,0,0,0,0,0,10950,0,0,0,395715
78,6,0,9500,0,0,0,0,9500,0,0,0,0,0,10950,0,0,0,395715
78,7,0,9500,0,0,0,0,9500,0,0,0,0,0,0,12100,0,0,386408
78,8,0,9500,0,0,0,0,9500,0,0,0,0,0,0,12100,0,0,386408
78,9,0,9500,0,0,0,0,9500,0,0,0,0,0,0,12100,0,0,386408
78,10,0,9500,0,0,0,0,0,10950,0,0,0,0,9500,0,0,0,399957
78,11,0,9500,0,0,0,0,0,10950,0,0,0,0,9500,0,0,0,399957
78,12,0,9500,0,0,0,0,0,10950,0,0,0,0,9500,0,0,0,399957
78,13,0,9500,0,0,0,0,0,10950,0,0,0,0,0,10950,0,0,398298
78,14,0,9500,0,0,0,0,0,10950,0,0,0,0,0,10950,0,0,398298
78,15,0,9500,0,0,0,0,0,10950,0,0,0,0,0,10950,0,0,398298
78,16,0,9500,0,0,0,0,0,10950,0,0,0,0,0,0,12100,0,411663
78,17,0,9500,0,0,0,0,0,10950,0,0,0,0,0,0,12100,0,411663
78,18,0,9500,0,0,0,0,0,10950,0,0,0,0,0,0,12100,0,411663
78,19,0,9500,0,0,0,0,0,0,12100,0,0,0,0,9500,0,0,390991
78,20,0,9500,0,0,0,0,0,0,12100,0,0,0,0,9500,0,0,390991
78,21,0,9500,0,0,0,0,0,0,12100,0,0,0,0,9500,0,0,390991
78,22,0,9500,0,0,0,0,0,0,12100,0,0,0,0,0,10950,0,411437
78,23,0,9500,0,0,0,0,0,0,12100,0,0,0,0,0,10950,0,411437
78,24,0,9500,0,0,0,0,0,0,12100,0,0,0,0,0,10950,0,411437
78,25,0,9500,0,0,0,0,0,0,12100,0,0,0,0,0,0,12100,449869
78,26,0,9500,0,0,0,0,0,0,12100,0,0,0,0,0,0,12100,449869
78,27,0,9500,0,0,0,0,0,0,12100,0,0,0,0,0,0,12100,449869
78,28,0,0,10950,0,0,0,0,9500,0,0,0,0,9500,0,0,0,406192
78,29,0,0,10950,0,0,0,0,9500,0,0,0,0,9500,0,0,0,406192
78,30,0,0,10950,0,0,0,0,9500,0,0,0,0,9500,0,0,0,406192
78,31,0,0,10950,0,0,0,0,9500,0,0,0,0,0,10950,0,0,404533
78,32,0,0,10950,0,0,0,0,9500,0,0,0,0,0,10950,0,0,404533
78,33,0,0,10950,0,0,0,0,9500,0,0,0,0,0,10950,0,0,404533
78,34,0,0,10950,0,0,0,0,9500,0,0,0,0,0,0,12100,0,417898
78,35,0,0,10950,0,0,0,0,9500,0,0,0,0,0,0,12100,0,417898
78,36,0,0,10950,0,0,0,0,9500,0,0,0,0,0,0,12100,0,417898
78,37,0,0,10950,0,0,0,0,0,10950,0,0,0,0,9500,0,0,408464
78,38,0,0,10950,0,0,0,0,0,10950,0,0,0,0,9500,0,0,408464
78,39,0,0,10950,0,0,0,0,0,10950,0,0,0,0,9500,0,0,408464
78,40,0,0,10950,0,0,0,0,0,10950,0,0,0,0,0,10950,0,428910
78,41,0,0,10950,0,0,0,0,0,10950,0,0,0,0,0,10950,0,428910
78,42,0,0,10950,0,0,0,0,0,10950,0,0,0,0,0,10950,0,428910
78,43,0,0,10950,0,0,0,0,0,10950,0,0,0,0,0,0,12100,467342
78,44,0,0,10950,0,0,0,0,0,10950,0,0,0,0,0,0,12100,467342
78,45,0,0,10950,0,0,0,0,0,10950,0,0,0,0,0,0,12100,467342
78,46,0,0,10950,0,0,0,0,0,0,12100,0,0,0,0,9500,0,422142
78,47,0,0,10950,0,0,0,0,0,0,12100,0,0,0,0,9500,0,422142
78,48,0,0,10950,0,0,0,0,0,0,12100,0,0,0,0,9500,0,422142
78,49,0,0,10950,0,0,0,0,0,0,12100,0,0,0,0,0,10950,467131
78,50,0,0,10950,0,0,0,0,0,0,12100,0,0,0,0,0,10950,467131
78,51,0,0,10950,0,0,0,0,0,0,12100,0,0,0,0,0,10950,467131
78,52,0,0,10950,0,0,0,0,0,0,12100,0,0,0,0,0,0,529959
78,53,0,0,10950,0,0,0,0,0,0,12100,0,0,0,0,0,0,529959
78,54,0,0,10950,0,0,0,0,0,0,12100,0,0,0,0,0,0,529959
78,55,0,0,0,12100,0,0,0,0,9500,0,0,0,0,9500,0,0,397724
78,56,0,0,0,12100,0,0,0,0,9500,0,0,0,0,9500,0,0,397724
78,57,0,0,0,12100,0,0,0,0,9500,0,0,0,0,9500,0,0,397724
78,58,0,0,0,12100,0,0,0,0,9500,0,0,0,0,0,10950,0,418170
78,59,0,0,0,12100,0,0,0,0,9500,0,0,0,0,0,10950,0,418170
78,60,0,0,0,12100,0,0,0,0,9500,0,0,0,0,0,10950,0,418170
78,61,0,0,0,12100,0,0,0,0,9500,0,0,0,0,0,0,12100,456602
78,62,0,0,0,12100,0,0,0,0,9500,0,0,0,0,0,0,12100,456602
78,63,0,0,0,12100,0,0,0,0,9500,0,0,0,0,0,0,12100,456602
78,64,0,0,0,12100,0,0,0,0,0,10950,0,0,0,0,9500,0,421808
78,65,0,0,0,12100,0,0,0,0,0,10950,0,0,0,0,9500,0,421808
78,66,0,0,0,12100,0,0,0,0,0,10950,0,0,0,0,9500,0,421808
78,67,0,0,0,12100,0,0,0,0,0,10950,0,0,0,0,0,10950,466797
78,68,0,0,0,12100,0,0,0,0,0,10950,0,0,0,0,0,10950,466797
78,69,0,0,0,12100,0,0,0,0,0,10950,0,0,0,0,0,10950,466797
78,70,0,0,0,12100,0,0,0,0,0,10950,0,0,0,0,0,0,529625
78,71,0,0,0,12100,0,0,0,0,0,10950,0,0,0,0,0,0,529625
78,72,0,0,0,12100,0,0,0,0,0,10950,0,0,0,0,0,0,529625
78,73,0,0,0,12100,0,0,0,0,0,0,12100,0,0,0,0,9500,460530
78,74,0,0,0,12100,0,0,0,0,0,0,12100,0,0,0,0,9500,460530
78,75,0,0,0,12100,0,0,0,0,0,0,12100,0,0,0,0,9500,460530
78,76,0,0,0,12100,0,0,0,0,0,0,12100,0,0,0,0,0,529429
78,77,0,0,0,12100,0,0,0,0,0,0,12100,0,0,0,0,0,529429
78,78,0,0,0,12100,0,0,0,0,0,0,12100,0,0,0,0,0,529429
78,79,0,0,0,12100,0,0,0,0,0,0,12100,0,0,0,0,0,529429
78,80,0,0,0,12100,0,0,0,0,0,0,12100,0,0,0,0,0,529429
78,81,0,0,0,12100,0,0,0,0,0,0,12100,0,0,0,0,0,529429
79,1,0,8844,0,0,0,0,8844,0,0,0,0,8844,0,0,0,0,485778
79,2,0,8844,0,0,0,0,8844,0,0,0,0,8844,0,0,0,0,485778
79,3,0,8844,0,0,0,0,8844,0,0,0,0,8844,0,0,0,0,485778
79,4,0,8844,0,0,0,0,8844,0,0,0,0,0,10076,0,0,0,396038
79,5,0,8844,0,0,0,0,8844,0,0,0,0,0,10076,0,0,0,396038
79,6,0,8844,0,0,0,0,8844,0,0,0,0,0,10076,0,0,0,396038
79,7,0,8844,0,0,0,0,8844,0,0,0,0,0,0,11088,0,0,385787
79,8,0,8844,0,0,0,0,8844,0,0,0,0,0,0,11088,0,0,385787
79,9,0,8844,0,0,0,0,8844,0,0,0,0,0,0,11088,0,0,385787
79,10,0,8844,0,0,0,0,0,10076,0,0,0,0,8844,0,0,0,398233
79,11,0,8844,0,0,0,0,0,10076,0,0,0,0,8844,0,0,0,398233
79,12,0,8844,0,0,0,0,0,10076,0,0,0,0,8844,0,0,0,398233
79,13,0,8844,0,0,0,0,0,10076,0,0,0,0,0,10076,0,0,393839
79,14,0,8844,0,0,0,0,0,10076,0,0,0,0,0,10076,0,0,393839
79,15,0,8844,0,0,0,0,0,10076,0,0,0,0,0,10076,0,0,393839
79,16,0,8844,0,0,0,0,0,10076,0,0,0,0,0,0,11088,0,403972
79,17,0,8844,0,0,0,0,0,10076,0,0,0,0,0,0,11088,0,403972
79,18,0,8844,0,0,0,0,0,10076,0,0,0,0,0,0,11088,0,403972
79,19,0,8844,0,0,0,0,0,0,11088,0,0,0,0,8844,0,0,387265
79,20,0,8844,0,0,0,0,0,0,11088,0,0,0,0,8844,0,0,387265
79,21,0,8844,0,0,0,0,0,0,11088,0,0,0,0,8844,0,0,387265
79,22,0,8844,0,0,0,0,0,0,11088,0,0,0,0,0,10076,0,402821
79,23,0,8844,0,0,0,0,0,0,11088,0,0,0,0,0,10076,0,402821
79,24,0,8844,0,0,0,0,0,0,11088,0,0,0,0,0,10076,0,402821
79,25,0,8844,0,0,0,0,0,0,11088,0,0,0,0,0,0,11088,436858
79,26,0,8844,0,0,0,0,0,0,11088,0,0,0,0,0,0,11088,436858
79,27,0,8844,0,0,0,0,0,0,11088,0,0,0,0,0,0,11088,436858
79,28,0,0,10076,0,0,0,0,8844,0,0,0,0,8844,0,0,0,401457
79,29,0,0,10076,0,0,0,0,8844,0,0,0,0,8844,0,0,0,401457
79,30,0,0,10076,0,0,0,0,8844,0,0,0,0,8844,0,0,0,401457
79,31,0,0,10076,0,0,0,0,8844,0,0,0,0,0,10076,0,0,397063
79,32,0,0,10076,0,0,0,0,8844,0,0,0,0,0,10076,0,0,397063
79,33,0,0,10076,0,0,0,0,8844,0,0,0,0,0,10076,0,0,397063
79,34,0,0,10076,0,0,0,0,8844,0,0,0,0,0,0,11088,0,407196
79,35,0,0,10076,0,0,0,0,8844,0,0,0,0,0,0,11088,0,407196
79,36,0,0,10076,0,0,0,0,8844,0,0,0,0,0,0,11088,0,407196
79,37,0,0,10076,0,0,0,0,0,10076,0,0,0,0,8844,0,0,399095
79,38,0,0,10076,0,0,0,0,0,10076,0,0,0,0,8844,0,0,399095
79,39,0,0,10076,0,0,0,0,0,10076,0,0,0,0,8844,0,0,399095
79,40,0,0,10076,0,0,0,0,0,10076,0,0,0,0,0,10076,0,414651
79,41,0,0,10076,0,0,0,0,0,10076,0,0,0,0,0,10076,0,414651
79,42,0,0,10076,0,0,0,0,0,10076,0,0,0,0,0,10076,0,414651
79,43,0,0,10076,0,0,0,0,0,10076,0,0,0,0,0,0,11088,448688
79,44,0,0,10076,0,0,0,0,0,10076,0,0,0,0,0,0,11088,448688
79,45,0,0,10076,0,0,0,0,0,10076,0,0,0,0,0,0,11088,448688
79,46,0,0,10076,0,0,0,0,0,0,11088,0,0,0,0,8844,0,408564
79,47,0,0,10076,0,0,0,0,0,0,11088,0,0,0,0,8844,0,408564
79,48,0,0,10076,0,0,0,0,0,0,11088,0,0,0,0,8844,0,408564
79,49,0,0,10076,0,0,0,0,0,0,11088,0,0,0,0,0,10076,447621
79,50,0,0,10076,0,0,0,0,0,0,11088,0,0,0,0,0,10076,447621
79,51,0,0,10076,0,0,0,0,0,0,11088,0,0,0,0,0,10076,447621
79,52,0,0,10076,0,0,0,0,0,0,11088,0,0,0,0,0,0,502653
79,53,0,0,10076,0,0,0,0,0,0,11088,0,0,0,0,0,0,502653
79,54,0,0,10076,0,0,0,0,0,0,11088,0,0,0,0,0,0,502653
79,55,0,0,0,11088,0,0,0,0,8844,0,0,0,0,8844,0,0,389436
79,56,0,0,0,11088,0,0,0,0,8844,0,0,0,0,8844,0,0,389436
79,57,0,0,0,11088,0,0,0,0,8844,0,0,0,0,8844,0,0,389436
79,58,0,0,0,11088,0,0,0,0,8844,0,0,0,0,0,10076,0,404992
79,59,0,0,0,11088,0,0,0,0,8844,0,0,0,0,0,10076,0,404992
79,60,0,0,0,11088,0,0,0,0,8844,0,0,0,0,0,10076,0,404992
79,61,0,0,0,11088,0,0,0,0,8844,0,0,0,0,0,0,11088,439029
79,62,0,0,0,11088,0,0,0,0,8844,0,0,0,0,0,0,11088,439029
79,63,0,0,0,11088,0,0,0,0,8844,0,0,0,0,0,0,11088,439029
79,64,0,0,0,11088,0,0,0,0,0,10076,0,0,0,0,8844,0,406874
79,65,0,0,0,11088,0,0,0,0,0,10076,0,0,0,0,8844,0,406874
79,66,0,0,0,11088,0,0,0,0,0,10076,0,0,0,0,8844,0,406874
79,67,0,0,0,11088,0,0,0,0,0,10076,0,0,0,0,0,10076,445931
79,68,0,0,0,11088,0,0,0,0,0,10076,0,0,0,0,0,10076,445931
79,69,0,0,0,11088,0,0,0,0,0,10076,0,0,0,0,0,10076,445931
79,70,0,0,0,11088,0,0,0,0,0,10076,0,0,0,0,0,0,500963
79,71,0,0,0,11088,0,0,0,0,0,10076,0,0,0,0,0,0,500963
79,72,0,0,0,11088,0,0,0,0,0,10076,0,0,0,0,0,0,500963
79,73,0,0,0,11088,0,0,0,0,0,0,11088,0,0,0,0,8844,440297
79,74,0,0,0,11088,0,0,0,0,0,0,11088,0,0,0,0,8844,440297
79,75,0,0,0,11088,0,0,0,0,0,0,11088,0,0,0,0,8844,440297
79,76,0,0,0,11088,0,0,0,0,0,0,11088,0,0,0,0,0,499978
79,77,0,0,0,11088,0,0,0,0,0,0,11088,0,0,0,0,0,499978
79,78,0,0,0,11088,0,0,0,0,0,0,11088,0,0,0,0,0,499978
79,79,0,0,0,11088,0,0,0,0,0,0,11088,0,0,0,0,0,499978
79,80,0,0,0,11088,0,0,0,0,0,0,11088,0,0,0,0,0,499978
79,81,0,0,0,11088,0,0,0,0,0,0,11088,0,0,0,0,0,499978
80,1,0,4785,0,0,0,0,4785,0,0,0,0,4785,0,0,0,0,201323
80,2,0,4785,0,0,0,0,4785,0,0,0,0,4785,0,0,0,0,201323
80,3,0,4785,0,0,0,0,4785,0,0,0,0,4785,0,0,0,0,201323
80,4,0,4785,0,0,0,0,4785,0,0,0,0,0,5655,0,0,0,157175
80,5,0,4785,0,0,0,0,4785,0,0,0,0,0,5655,0,0,0,157175
80,6,0,4785,0,0,0,0,4785,0,0,0,0,0,5655,0,0,0,157175
80,7,0,4785,0,0,0,0,4785,0,0,0,0,0,0,6351,0,0,155450
80,8,0,4785,0,0,0,0,4785,0,0,0,0,0,0,6351,0,0,155450
80,9,0,4785,0,0,0,0,4785,0,0,0,0,0,0,6351,0,0,155450
80,10,0,4785,0,0,0,0,0,5655,0,0,0,0,4785,0,0,0,161598
80,11,0,4785,0,0,0,0,0,5655,0,0,0,0,4785,0,0,0,161598
80,12,0,4785,0,0,0,0,0,5655,0,0,0,0,4785,0,0,0,161598
80,13,0,4785,0,0,0,0,0,5655,0,0,0,0,0,5655,0,0,164351
80,14,0,4785,0,0,0,0,0,5655,0,0,0,0,0,5655,0,0,164351
80,15,0,4785,0,0,0,0,0,5655,0,0,0,0,0,5655,0,0,164351
80,16,0,4785,0,0,0,0,0,5655,0,0,0,0,0,0,6351,0,174897
80,17,0,4785,0,0,0,0,0,5655,0,0,0,0,0,0,6351,0,174897
80,18,0,4785,0,0,0,0,0,5655,0,0,0,0,0,0,6351,0,174897
80,19,0,4785,0,0,0,0,0,0,6351,0,0,0,0,4785,0,0,161866
80,20,0,4785,0,0,0,0,0,0,6351,0,0,0,0,4785,0,0,161866
80,21,0,4785,0,0,0,0,0,0,6351,0,0,0,0,4785,0,0,161866
80,22,0,4785,0,0,0,0,0,0,6351,0,0,0,0,0,5655,0,176559
80,23,0,4785,0,0,0,0,0,0,6351,0,0,0,0,0,5655,0,176559
80,24,0,4785,0,0,0,0,0,0,6351,0,0,0,0,0,5655,0,176559
80,25,0,4785,0,0,0,0,0,0,6351,0,0,0,0,0,0,6351,199085
80,26,0,4785,0,0,0,0,0,0,6351,0,0,0,0,0,0,6351,199085
80,27,0,4785,0,0,0,0,0,0,6351,0,0,0,0,0,0,6351,199085
80,28,0,0,5655,0,0,0,0,4785,0,0,0,0,4785,0,0,0,168097
80,29,0,0,5655,0,0,0,0,4785,0,0,0,0,4785,0,0,0,168097
80,30,0,0,5655,0,0,0,0,4785,0,0,0,0,4785,0,0,0,168097
80,31,0,0,5655,0,0,0,0,4785,0,0,0,0,0,5655,0,0,170850
80,32,0,0,5655,0,0,0,0,4785,0,0,0,0,0,5655,0,0,170850
80,33,0,0,5655,0,0,0,0,4785,0,0,0,0,0,5655,0,0,170850
80,34,0,0,5655,0,0,0,0,4785,0,0,0,0,0,0,6351,0,181396
80,35,0,0,5655,0,0,0,0,4785,0,0,0,0,0,0,6351,0,181396
80,36,0,0,5655,0,0,0,0,4785,0,0,0,0,0,0,6351,0,181396
80,37,0,0,5655,0,0,0,0,0,5655,0,0,0,0,4785,0,0,174946
80,38,0,0,5655,0,0,0,0,0,5655,0,0,0,0,4785,0,0,174946
80,39,0,0,5655,0,0,0,0,0,5655,0,0,0,0,4785,0,0,174946
80,40,0,0,5655,0,0,0,0,0,5655,0,0,0,0,0,5655,0,189639
80,41,0,0,5655,0,0,0,0,0,5655,0,0,0,0,0,5655,0,189639
80,42,0,0,5655,0,0,0,0,0,5655,0,0,0,0,0,5655,0,189639
80,43,0,0,5655,0,0,0,0,0,5655,0,0,0,0,0,0,6351,212165
80,44,0,0,5655,0,0,0,0,0,5655,0,0,0,0,0,0,6351,212165
80,45,0,0,5655,0,0,0,0,0,5655,0,0,0,0,0,0,6351,212165
80,46,0,0,5655,0,0,0,0,0,0,6351,0,0,0,0,4785,0,187339
80,47,0,0,5655,0,0,0,0,0,0,6351,0,0,0,0,4785,0,187339
80,48,0,0,5655,0,0,0,0,0,0,6351,0,0,0,0,4785,0,187339
80,49,0,0,5655,0,0,0,0,0,0,6351,0,0,0,0,0,5655,213704
80,50,0,0,5655,0,0,0,0,0,0,6351,0,0,0,0,0,5655,213704
80,51,0,0,5655,0,0,0,0,0,0,6351,0,0,0,0,0,5655,213704
80,52,0,0,5655,0,0,0,0,0,0,6351,0,0,0,0,0,0,251127
80,53,0,0,5655,0,0,0,0,0,0,6351,0,0,0,0,0,0,251127
80,54,0,0,5655,0,0,0,0,0,0,6351,0,0,0,0,0,0,251127
80,55,0,0,0,6351,0,0,0,0,4785,0,0,0,0,4785,0,0,171294
80,56,0,0,0,6351,0,0,0,0,4785,0,0,0,0,4785,0,0,171294
80,57,0,0,0,6351,0,0,0,0,4785,0,0,0,0,4785,0,0,171294
80,58,0,0,0,6351,0,0,0,0,4785,0,0,0,0,0,5655,0,185987
80,59,0,0,0,6351,0,0,0,0,4785,0,0,0,0,0,5655,0,185987
80,60,0,0,0,6351,0,0,0,0,4785,0,0,0,0,0,5655,0,185987
80,61,0,0,0,6351,0,0,0,0,4785,0,0,0,0,0,0,6351,208513
80,62,0,0,0,6351,0,0,0,0,4785,0,0,0,0,0,0,6351,208513
80,63,0,0,0,6351,0,0,0,0,4785,0,0,0,0,0,0,6351,208513
80,64,0,0,0,6351,0,0,0,0,0,5655,0,0,0,0,4785,0,189780
80,65,0,0,0,6351,0,0,0,0,0,5655,0,0,0,0,4785,0,189780
80,66,0,0,0,6351,0,0,0,0,0,5655,0,0,0,0,4785,0,189780
80,67,0,0,0,6351,0,0,0,0,0,5655,0,0,0,0,0,5655,216145
80,68,0,0,0,6351,0,0,0,0,0,5655,0,0,0,0,0,5655,216145
80,69,0,0,0,6351,0,0,0,0,0,5655,0,0,0,0,0,5655,216145
80,70,0,0,0,6351,0,0,0,0,0,5655,0,0,0,0,0,0,253568
80,71,0,0,0,6351,0,0,0,0,0,5655,0,0,0,0,0,0,253568
80,72,0,0,0,6351,0,0,0,0,0,5655,0,0,0,0,0,0,253568
80,73,0,0,0,6351,0,0,0,0,0,0,6351,0,0,0,0,4785,214015
80,74,0,0,0,6351,0,0,0,0,0,0,6351,0,0,0,0,4785,214015
80,75,0,0,0,6351,0,0,0,0,0,0,6351,0,0,0,0,4785,214015
80,76,0,0,0,6351,0,0,0,0,0,0,6351,0,0,0,0,0,254993
80,77,0,0,0,6351,0,0,0,0,0,0,6351,0,0,0,0,0,254993
80,78,0,0,0,6351,0,0,0,0,0,0,6351,0,0,0,0,0,254993
80,79,0,0,0,6351,0,0,0,0,0,0,6351,0,0,0,0,0,254993
80,80,0,0,0,6351,0,0,0,0,0,0,6351,0,0,0,0,0,254993
80,81,0,0,0,6351,0,0,0,0,0,0,6351,0,0,0,0,0,254993
81,1,0,5874,0,0,0,0,5874,0,0,0,0,5874,0,0,0,0,277932
81,2,0,5874,0,0,0,0,5874,0,0,0,0,5874,0,0,0,0,277932
81,3,0,5874,0,0,0,0,5874,0,0,0,0,5874,0,0,0,0,277932
81,4,0,5874,0,0,0,0,5874,0,0,0,0,0,6831,0,0,0,221349
81,5,0,5874,0,0,0,0,5874,0,0,0,0,0,6831,0,0,0,221349
81,6,0,5874,0,0,0,0,5874,0,0,0,0,0,6831,0,0,0,221349
81,7,0,5874,0,0,0,0,5874,0,0,0,0,0,0,7623,0,0,217552
81,8,0,5874,0,0,0,0,5874,0,0,0,0,0,0,7623,0,0,217552
81,9,0,5874,0,0,0,0,5874,0,0,0,0,0,0,7623,0,0,217552
81,10,0,5874,0,0,0,0,0,6831,0,0,0,0,5874,0,0,0,225074
81,11,0,5874,0,0,0,0,0,6831,0,0,0,0,5874,0,0,0,225074
81,12,0,5874,0,0,0,0,0,6831,0,0,0,0,5874,0,0,0,225074
81,13,0,5874,0,0,0,0,0,6831,0,0,0,0,0,6831,0,0,225718
81,14,0,5874,0,0,0,0,0,6831,0,0,0,0,0,6831,0,0,225718
81,15,0,5874,0,0,0,0,0,6831,0,0,0,0,0,6831,0,0,225718
81,16,0,5874,0,0,0,0,0,6831,0,0,0,0,0,0,7623,0,236411
81,17,0,5874,0,0,0,0,0,6831,0,0,0,0,0,0,7623,0,236411
81,18,0,5874,0,0,0,0,0,6831,0,0,0,0,0,0,7623,0,236411
81,19,0,5874,0,0,0,0,0,0,7623,0,0,0,0,5874,0,0,222643
81,20,0,5874,0,0,0,0,0,0,7623,0,0,0,0,5874,0,0,222643
81,21,0,5874,0,0,0,0,0,0,7623,0,0,0,0,5874,0,0,222643
81,22,0,5874,0,0,0,0,0,0,7623,0,0,0,0,0,6831,0,237448
81,23,0,5874,0,0,0,0,0,0,7623,0,0,0,0,0,6831,0,237448
81,24,0,5874,0,0,0,0,0,0,7623,0,0,0,0,0,6831,0,237448
81,25,0,5874,0,0,0,0,0,0,7623,0,0,0,0,0,0,7623,263254
81,26,0,5874,0,0,0,0,0,0,7623,0,0,0,0,0,0,7623,263254
81,27,0,5874,0,0,0,0,0,0,7623,0,0,0,0,0,0,7623,263254
81,28,0,0,6831,0,0,0,0,5874,0,0,0,0,5874,0,0,0,230546
81,29,0,0,6831,0,0,0,0,5874,0,0,0,0,5874,0,0,0,230546
81,30,0,0,6831,0,0,0,0,5874,0,0,0,0,5874,0,0,0,230546
81,31,0,0,6831,0,0,0,0,5874,0,0,0,0,0,6831,0,0,231190
81,32,0,0,6831,0,0,0,0,5874,0,0,0,0,0,6831,0,0,231190
81,33,0,0,6831,0,0,0,0,5874,0,0,0,0,0,6831,0,0,231190
81,34,0,0,6831,0,0,0,0,5874,0,0,0,0,0,0,7623,0,241883
81,35,0,0,6831,0,0,0,0,5874,0,0,0,0,0,0,7623,0,241883
81,36,0,0,6831,0,0,0,0,5874,0,0,0,0,0,0,7623,0,241883
81,37,0,0,6831,0,0,0,0,0,6831,0,0,0,0,5874,0,0,234640
81,38,0,0,6831,0,0,0,0,0,6831,0,0,0,0,5874,0,0,234640
81,39,0,0,6831,0,0,0,0,0,6831,0,0,0,0,5874,0,0,234640
81,40,0,0,6831,0,0,0,0,0,6831,0,0,0,0,0,6831,0,249445
81,41,0,0,6831,0,0,0,0,0,6831,0,0,0,0,0,6831,0,249445
81,42,0,0,6831,0,0,0,0,0,6831,0,0,0,0,0,6831,0,249445
81,43,0,0,6831,0,0,0,0,0,6831,0,0,0,0,0,0,7623,275251
81,44,0,0,6831,0,0,0,0,0,6831,0,0,0,0,0,0,7623,275251
81,45,0,0,6831,0,0,0,0,0,6831,0,0,0,0,0,0,7623,275251
81,46,0,0,6831,0,0,0,0,0,0,7623,0,0,0,0,5874,0,246595
81,47,0,0,6831,0,0,0,0,0,0,7623,0,0,0,0,5874,0,246595
81,48,0,0,6831,0,0,0,0,0,0,7623,0,0,0,0,5874,0,246595
81,49,0,0,6831,0,0,0,0,0,0,7623,0,0,0,0,0,6831,276208
81,50,0,0,6831,0,0,0,0,0,0,7623,0,0,0,0,0,6831,276208
81,51,0,0,6831,0,0,0,0,0,0,7623,0,0,0,0,0,6831,276208
81,52,0,0,6831,0,0,0,0,0,0,7623,0,0,0,0,0,0,318426
81,53,0,0,6831,0,0,0,0,0,0,7623,0,0,0,0,0,0,318426
81,54,0,0,6831,0,0,0,0,0,0,7623,0,0,0,0,0,0,318426
81,55,0,0,0,7623,0,0,0,0,5874,0,0,0,0,5874,0,0,230119
81,56,0,0,0,7623,0,0,0,0,5874,0,0,0,0,5874,0,0,230119
81,57,0,0,0,7623,0,0,0,0,5874,0,0,0,0,5874,0,0,230119
81,58,0,0,0,7623,0,0,0,0,5874,0,0,0,0,0,6831,0,244924
81,59,0,0,0,7623,0,0,0,0,5874,0,0,0,0,0,6831,0,244924
81,60,0,0,0,7623,0,0,0,0,5874,0,0,0,0,0,6831,0,244924
81,61,0,0,0,7623,0,0,0,0,5874,0,0,0,0,0,0,7623,270730
81,62,0,0,0,7623,0,0,0,0,5874,0,0,0,0,0,0,7623,270730
81,63,0,0,0,7623,0,0,0,0,5874,0,0,0,0,0,0,7623,270730
81,64,0,0,0,7623,0,0,0,0,0,6831,0,0,0,0,5874,0,248116
81,65,0,0,0,7623,0,0,0,0,0,6831,0,0,0,0,5874,0,248116
81,66,0,0,0,7623,0,0,0,0,0,6831,0,0,0,0,5874,0,248116
81,67,0,0,0,7623,0,0,0,0,0,6831,0,0,0,0,0,6831,277729
81,68,0,0,0,7623,0,0,0,0,0,6831,0,0,0,0,0,6831,277729
81,69,0,0,0,7623,0,0,0,0,0,6831,0,0,0,0,0,6831,277729
81,70,0,0,0,7623,0,0,0,0,0,6831,0,0,0,0,0,0,319947
81,71,0,0,0,7623,0,0,0,0,0,6831,0,0,0,0,0,0,319947
81,72,0,0,0,7623,0,0,0,0,0,6831,0,0,0,0,0,0,319947
81,73,0,0,0,7623,0,0,0,0,0,0,7623,0,0,0,0,5874,275092
81,74,0,0,0,7623,0,0,0,0,0,0,7623,0,0,0,0,5874,275092
81,75,0,0,0,7623,0,0,0,0,0,0,7623,0,0,0,0,5874,275092
81,76,0,0,0,7623,0,0,0,0,0,0,7623,0,0,0,0,0,320836
81,77,0,0,0,7623,0,0,0,0,0,0,7623,0,0,0,0,0,320836
81,78,0,0,0,7623,0,0,0,0,0,0,7623,0,0,0,0,0,320836
81,79,0,0,0,7623,0,0,0,0,0,0,7623,0,0,0,0,0,320836
81,80,0,0,0,7623,0,0,0,0,0,0,7623,0,0,0,0,0,320836
81,81,0,0,0,7623,0,0,0,0,0,0,7623,0,0,0,0,0,320836
82,1,0,4750,0,0,0,0,4750,0,0,0,0,4750,0,0,0,0,244708
82,2,0,4750,0,0,0,0,4750,0,0,0,0,4750,0,0,0,0,244708
82,3,0,4750,0,0,0,0,4750,0,0,0,0,4750,0,0,0,0,244708
82,4,0,4750,0,0,0,0,4750,0,0,0,0,0,5475,0,0,0,197862
82,5,0,4750,0,0,0,0,4750,0,0,0,0,0,5475,0,0,0,197862
82,6,0,4750,0,0,0,0,4750,0,0,0,0,0,5475,0,0,0,197862
82,7,0,4750,0,0,0,0,4750,0,0,0,0,0,0,6050,0,0,193207
82,8,0,4750,0,0,0,0,4750,0,0,0,0,0,0,6050,0,0,193207
82,9,0,4750,0,0,0,0,4750,0,0,0,0,0,0,6050,0,0,193207
82,10,0,4750,0,0,0,0,0,5475,0,0,0,0,4750,0,0,0,199983
82,11,0,4750,0,0,0,0,0,5475,0,0,0,0,4750,0,0,0,199983
82,12,0,4750,0,0,0,0,0,5475,0,0,0,0,4750,0,0,0,199983
82,13,0,4750,0,0,0,0,0,5475,0,0,0,0,0,5475,0,0,199151
82,14,0,4750,0,0,0,0,0,5475,0,0,0,0,0,5475,0,0,199151
82,15,0,4750,0,0,0,0,0,5475,0,0,0,0,0,5475,0,0,199151
82,16,0,4750,0,0,0,0,0,5475,0,0,0,0,0,0,6050,0,205834
82,17,0,4750,0,0,0,0,0,5475,0,0,0,0,0,0,6050,0,205834
82,18,0,4750,0,0,0,0,0,5475,0,0,0,0,0,0,6050,0,205834
82,19,0,4750,0,0,0,0,0,0,6050,0,0,0,0,4750,0,0,195498
82,20,0,4750,0,0,0,0,0,0,6050,0,0,0,0,4750,0,0,195498
82,21,0,4750,0,0,0,0,0,0,6050,0,0,0,0,4750,0,0,195498
82,22,0,4750,0,0,0,0,0,0,6050,0,0,0,0,0,5475,0,205722
82,23,0,4750,0,0,0,0,0,0,6050,0,0,0,0,0,5475,0,205722
82,24,0,4750,0,0,0,0,0,0,6050,0,0,0,0,0,5475,0,205722
82,25,0,4750,0,0,0,0,0,0,6050,0,0,0,0,0,0,6050,224937
82,26,0,4750,0,0,0,0,0,0,6050,0,0,0,0,0,0,6050,224937
82,27,0,4750,0,0,0,0,0,0,6050,0,0,0,0,0,0,6050,224937
82,28,0,0,5475,0,0,0,0,4750,0,0,0,0,4750,0,0,0,203099
82,29,0,0,5475,0,0,0,0,4750,0,0,0,0,4750,0,0,0,203099
82,30,0,0,5475,0,0,0,0,4750,0,0,0,0,4750,0,0,0,203099
82,31,0,0,5475,0,0,0,0,4750,0,0,0,0,0,5475,0,0,202267
82,32,0,0,5475,0,0,0,0,4750,0,0,0,0,0,5475,0,0,202267
82,33,0,0,5475,0,0,0,0,4750,0,0,0,0,0,5475,0,0,202267
82,34,0,0,5475,0,0,0,0,4750,0,0,0,0,0,0,6050,0,208950
82,35,0,0,5475,0,0,0,0,4750,0,0,0,0,0,0,6050,0,208950
82,36,0,0,5475,0,0,0,0,4750,0,0,0,0,0,0,6050,0,208950
82,37,0,0,5475,0,0,0,0,0,5475,0,0,0,0,4750,0,0,204232
82,38,0,0,5475,0,0,0,0,0,5475,0,0,0,0,4750,0,0,204232
82,39,0,0,5475,0,0,0,0,0,5475,0,0,0,0,4750,0,0,204232
82,40,0,0,5475,0,0,0,0,0,5475,0,0,0,0,0,5475,0,214456
82,41,0,0,5475,0,0,0,0,0,5475,0,0,0,0,0,5475,0,214456
82,42,0,0,5475,0,0,0,0,0,5475,0,0,0,0,0,5475,0,214456
82,43,0,0,5475,0,0,0,0,0,5475,0,0,0,0,0,0,6050,233671
82,44,0,0,5475,0,0,0,0,0,5475,0,0,0,0,0,0,6050,233671
82,45,0,0,5475,0,0,0,0,0,5475,0,0,0,0,0,0,6050,233671
82,46,0,0,5475,0,0,0,0,0,0,6050,0,0,0,0,4750,0,211072
82,47,0,0,5475,0,0,0,0,0,0,6050,0,0,0,0,4750,0,211072
82,48,0,0,5475,0,0,0,0,0,0,6050,0,0,0,0,4750,0,211072
82,49,0,0,5475,0,0,0,0,0,0,6050,0,0,0,0,0,5475,233566
82,50,0,0,5475,0,0,0,0,0,0,6050,0,0,0,0,0,5475,233566
82,51,0,0,5475,0,0,0,0,0,0,6050,0,0,0,0,0,5475,233566
82,52,0,0,5475,0,0,0,0,0,0,6050,0,0,0,0,0,0,264981
82,53,0,0,5475,0,0,0,0,0,0,6050,0,0,0,0,0,0,264981
82,54,0,0,5475,0,0,0,0,0,0,6050,0,0,0,0,0,0,264981
82,55,0,0,0,6050,0,0,0,0,4750,0,0,0,0,4750,0,0,198863
82,56,0,0,0,6050,0,0,0,0,4750,0,0,0,0,4750,0,0,198863
82,57,0,0,0,6050,0,0,0,0,4750,0,0,0,0,4750,0,0,198863
82,58,0,0,0,6050,0,0,0,0,4750,0,0,0,0,0,5475,0,209087
82,59,0,0,0,6050,0,0,0,0,4750,0,0,0,0,0,5475,0,209087
82,60,0,0,0,6050,0,0,0,0,4750,0,0,0,0,0,5475,0,209087
82,61,0,0,0,6050,0,0,0,0,4750,0,0,0,0,0,0,6050,228302
82,62,0,0,0,6050,0,0,0,0,4750,0,0,0,0,0,0,6050,228302
82,63,0,0,0,6050,0,0,0,0,4750,0,0,0,0,0,0,6050,228302
82,64,0,0,0,6050,0,0,0,0,0,5475,0,0,0,0,4750,0,210905
82,65,0,0,0,6050,0,0,0,0,0,5475,0,0,0,0,4750,0,210905
82,66,0,0,0,6050,0,0,0,0,0,5475,0,0,0,0,4750,0,210905
82,67,0,0,0,6050,0,0,0,0,0,5475,0,0,0,0,0,5475,233399
82,68,0,0,0,6050,0,0,0,0,0,5475,0,0,0,0,0,5475,233399
82,69,0,0,0,6050,0,0,0,0,0,5475,0,0,0,0,0,5475,233399
82,70,0,0,0,6050,0,0,0,0,0,5475,0,0,0,0,0,0,264814
82,71,0,0,0,6050,0,0,0,0,0,5475,0,0,0,0,0,0,264814
82,72,0,0,0,6050,0,0,0,0,0,5475,0,0,0,0,0,0,264814
82,73,0,0,0,6050,0,0,0,0,0,0,6050,0,0,0,0,4750,230266
82,74,0,0,0,6050,0,0,0,0,0,0,6050,0,0,0,0,4750,230266
82,75,0,0,0,6050,0,0,0,0,0,0,6050,0,0,0,0,4750,230266
82,76,0,0,0,6050,0,0,0,0,0,0,6050,0,0,0,0,0,264717
82,77,0,0,0,6050,0,0,0,0,0,0,6050,0,0,0,0,0,264717
82,78,0,0,0,6050,0,0,0,0,0,0,6050,0,0,0,0,0,264717
82,79,0,0,0,6050,0,0,0,0,0,0,6050,0,0,0,0,0,264717
82,80,0,0,0,6050,0,0,0,0,0,0,6050,0,0,0,0,0,264717
82,81,0,0,0,6050,0,0,0,0,0,0,6050,0,0,0,0,0,264717
83,1,8643,0,0,0,0,8643,0,0,0,0,8643,0,0,0,0,8643,464861
83,2,8643,0,0,0,0,8643,0,0,0,0,8643,0,0,0,0,0,523186
83,3,8643,0,0,0,0,8643,0,0,0,0,8643,0,0,0,0,0,523186
83,4,8643,0,0,0,0,8643,0,0,0,0,0,9847,0,0,0,0,524762
83,5,8643,0,0,0,0,8643,0,0,0,0,0,9847,0,0,0,0,524762
83,6,8643,0,0,0,0,8643,0,0,0,0,0,9847,0,0,0,0,524762
83,7,8643,0,0,0,0,8643,0,0,0,0,0,0,10836,0,0,0,430879
83,8,8643,0,0,0,0,8643,0,0,0,0,0,0,10836,0,0,0,430879
83,9,8643,0,0,0,0,8643,0,0,0,0,0,0,10836,0,0,0,430879
83,10,8643,0,0,0,0,0,9847,0,0,0,0,8643,0,0,0,0,527077
83,11,8643,0,0,0,0,0,9847,0,0,0,0,8643,0,0,0,0,527077
83,12,8643,0,0,0,0,0,9847,0,0,0,0,8643,0,0,0,0,527077
83,13,8643,0,0,0,0,0,9847,0,0,0,0,0,9847,0,0,0,439375
83,14,8643,0,0,0,0,0,9847,0,0,0,0,0,9847,0,0,0,439375
83,15,8643,0,0,0,0,0,9847,0,0,0,0,0,9847,0,0,0,439375
83,16,8643,0,0,0,0,0,9847,0,0,0,0,0,0,10836,0,0,429358
83,17,8643,0,0,0,0,0,9847,0,0,0,0,0,0,10836,0,0,429358
83,18,8643,0,0,0,0,0,9847,0,0,0,0,0,0,10836,0,0,429358
83,19,8643,0,0,0,0,0,0,10836,0,0,0,0,8643,0,0,0,432437
83,20,8643,0,0,0,0,0,0,10836,0,0,0,0,8643,0,0,0,432437
83,21,8643,0,0,0,0,0,0,10836,0,0,0,0,8643,0,0,0,432437
83,22,8643,0,0,0,0,0,0,10836,0,0,0,0,0,9847,0,0,428144
83,23,8643,0,0,0,0,0,0,10836,0,0,0,0,0,9847,0,0,428144
83,24,8643,0,0,0,0,0,0,10836,0,0,0,0,0,9847,0,0,428144
83,25,8643,0,0,0,0,0,0,10836,0,0,0,0,0,0,10836,0,438047
83,26,8643,0,0,0,0,0,0,10836,0,0,0,0,0,0,10836,0,438047
83,27,8643,0,0,0,0,0,0,10836,0,0,0,0,0,0,10836,0,438047
83,28,0,9847,0,0,0,0,8643,0,0,0,0,8643,0,0,0,0,530480
83,29,0,9847,0,0,0,0,8643,0,0,0,0,8643,0,0,0,0,530480
83,30,0,9847,0,0,0,0,8643,0,0,0,0,8643,0,0,0,0,530480
83,31,0,9847,0,0,0,0,8643,0,0,0,0,0,9847,0,0,0,442778
83,32,0,9847,0,0,0,0,8643,0,0,0,0,0,9847,0,0,0,442778
83,33,0,9847,0,0,0,0,8643,0,0,0,0,0,9847,0,0,0,442778
83,34,0,9847,0,0,0,0,8643,0,0,0,0,0,0,10836,0,0,432761
83,35,0,9847,0,0,0,0,8643,0,0,0,0,0,0,10836,0,0,432761
83,36,0,9847,0,0,0,0,8643,0,0,0,0,0,0,10836,0,0,432761
83,37,0,9847,0,0,0,0,0,9847,0,0,0,0,8643,0,0,0,444923
83,38,0,9847,0,0,0,0,0,9847,0,0,0,0,8643,0,0,0,444923
83,39,0,9847,0,0,0,0,0,9847,0,0,0,0,8643,0,0,0,444923
83,40,0,9847,0,0,0,0,0,9847,0,0,0,0,0,9847,0,0,440630
83,41,0,9847,0,0,0,0,0,9847,0,0,0,0,0,9847,0,0,440630
83,42,0,9847,0,0,0,0,0,9847,0,0,0,0,0,9847,0,0,440630
83,43,0,9847,0,0,0,0,0,9847,0,0,0,0,0,0,10836,0,450533
83,44,0,9847,0,0,0,0,0,9847,0,0,0,0,0,0,10836,0,450533
83,45,0,9847,0,0,0,0,0,9847,0,0,0,0,0,0,10836,0,450533
83,46,0,9847,0,0,0,0,0,0,10836,0,0,0,0,8643,0,0,434205
83,47,0,9847,0,0,0,0,0,0,10836,0,0,0,0,8643,0,0,434205
83,48,0,9847,0,0,0,0,0,0,10836,0,0,0,0,8643,0,0,434205
83,49,0,9847,0,0,0,0,0,0,10836,0,0,0,0,0,9847,0,449408
83,50,0,9847,0,0,0,0,0,0,10836,0,0,0,0,0,9847,0,449408
83,51,0,9847,0,0,0,0,0,0,10836,0,0,0,0,0,9847,0,449408
83,52,0,9847,0,0,0,0,0,0,10836,0,0,0,0,0,0,10836,482670
83,53,0,9847,0,0,0,0,0,0,10836,0,0,0,0,0,0,10836,482670
83,54,0,9847,0,0,0,0,0,0,10836,0,0,0,0,0,0,10836,482670
83,55,0,0,10836,0,0,0,0,8643,0,0,0,0,8643,0,0,0,434728
83,56,0,0,10836,0,0,0,0,8643,0,0,0,0,8643,0,0,0,434728
83,57,0,0,10836,0,0,0,0,8643,0,0,0,0,8643,0,0,0,434728
83,58,0,0,10836,0,0,0,0,8643,0,0,0,0,0,9847,0,0,430435
83,59,0,0,10836,0,0,0,0,8643,0,0,0,0,0,9847,0,0,430435
83,60,0,0,10836,0,0,0,0,8643,0,0,0,0,0,9847,0,0,430435
83,61,0,0,10836,0,0,0,0,8643,0,0,0,0,0,0,10836,0,440338
83,62,0,0,10836,0,0,0,0,8643,0,0,0,0,0,0,10836,0,440338
83,63,0,0,10836,0,0,0,0,8643,0,0,0,0,0,0,10836,0,440338
83,64,0,0,10836,0,0,0,0,0,9847,0,0,0,0,8643,0,0,432420
83,65,0,0,10836,0,0,0,0,0,9847,0,0,0,0,8643,0,0,432420
83,66,0,0,10836,0,0,0,0,0,9847,0,0,0,0,8643,0,0,432420
83,67,0,0,10836,0,0,0,0,0,9847,0,0,0,0,0,9847,0,447623
83,68,0,0,10836,0,0,0,0,0,9847,0,0,0,0,0,9847,0,447623
83,69,0,0,10836,0,0,0,0,0,9847,0,0,0,0,0,9847,0,447623
83,70,0,0,10836,0,0,0,0,0,9847,0,0,0,0,0,0,10836,480885
83,71,0,0,10836,0,0,0,0,0,9847,0,0,0,0,0,0,10836,480885
83,72,0,0,10836,0,0,0,0,0,9847,0,0,0,0,0,0,10836,480885
83,73,0,0,10836,0,0,0,0,0,0,10836,0,0,0,0,8643,0,441675
83,74,0,0,10836,0,0,0,0,0,0,10836,0,0,0,0,8643,0,441675
83,75,0,0,10836,0,0,0,0,0,0,10836,0,0,0,0,8643,0,441675
83,76,0,0,10836,0,0,0,0,0,0,10836,0,0,0,0,0,9847,479845
83,77,0,0,10836,0,0,0,0,0,0,10836,0,0,0,0,0,9847,479845
83,78,0,0,10836,0,0,0,0,0,0,10836,0,0,0,0,0,9847,479845
83,79,0,0,10836,0,0,0,0,0,0,10836,0,0,0,0,0,0,533626
83,80,0,0,10836,0,0,0,0,0,0,10836,0,0,0,0,0,0,533626
83,81,0,0,10836,0,0,0,0,0,0,10836,0,0,0,0,0,0,533626
84,1,4228,0,0,0,0,4228,0,0,0,0,4228,0,0,0,0,4228,131059
84,2,4228,0,0,0,0,4228,0,0,0,0,4228,0,0,0,0,0,171000
84,3,4228,0,0,0,0,4228,0,0,0,0,4228,0,0,0,0,0,171000
84,4,4228,0,0,0,0,4228,0,0,0,0,0,5068,0,0,0,0,174813
84,5,4228,0,0,0,0,4228,0,0,0,0,0,5068,0,0,0,0,174813
84,6,4228,0,0,0,0,4228,0,0,0,0,0,5068,0,0,0,0,174813
84,7,4228,0,0,0,0,4228,0,0,0,0,0,0,5740,0,0,0,132798
84,8,4228,0,0,0,0,4228,0,0,0,0,0,0,5740,0,0,0,132798
84,9,4228,0,0,0,0,4228,0,0,0,0,0,0,5740,0,0,0,132798
84,10,4228,0,0,0,0,0,5068,0,0,0,0,4228,0,0,0,0,180415
84,11,4228,0,0,0,0,0,5068,0,0,0,0,4228,0,0,0,0,180415
84,12,4228,0,0,0,0,0,5068,0,0,0,0,4228,0,0,0,0,180415
84,13,4228,0,0,0,0,0,5068,0,0,0,0,0,5068,0,0,0,143070
84,14,4228,0,0,0,0,0,5068,0,0,0,0,0,5068,0,0,0,143070
84,15,4228,0,0,0,0,0,5068,0,0,0,0,0,5068,0,0,0,143070
84,16,4228,0,0,0,0,0,5068,0,0,0,0,0,0,5740,0,0,143044
84,17,4228,0,0,0,0,0,5068,0,0,0,0,0,0,5740,0,0,143044
84,18,4228,0,0,0,0,0,5068,0,0,0,0,0,0,5740,0,0,143044
84,19,4228,0,0,0,0,0,0,5740,0,0,0,0,4228,0,0,0,141393
84,20,4228,0,0,0,0,0,0,5740,0,0,0,0,4228,0,0,0,141393
84,21,4228,0,0,0,0,0,0,5740,0,0,0,0,4228,0,0,0,141393
84,22,4228,0,0,0,0,0,0,5740,0,0,0,0,0,5068,0,0,145691
84,23,4228,0,0,0,0,0,0,5740,0,0,0,0,0,5068,0,0,145691
84,24,4228,0,0,0,0,0,0,5740,0,0,0,0,0,5068,0,0,145691
84,25,4228,0,0,0,0,0,0,5740,0,0,0,0,0,0,5740,0,157061
84,26,4228,0,0,0,0,0,0,5740,0,0,0,0,0,0,5740,0,157061
84,27,4228,0,0,0,0,0,0,5740,0,0,0,0,0,0,5740,0,157061
84,28,0,5068,0,0,0,0,4228,0,0,0,0,4228,0,0,0,0,188644
84,29,0,5068,0,0,0,0,4228,0,0,0,0,4228,0,0,0,0,188644
84,30,0,5068,0,0,0,0,4228,0,0,0,0,4228,0,0,0,0,188644
84,31,0,5068,0,0,0,0,4228,0,0,0,0,0,5068,0,0,0,151299
84,32,0,5068,0,0,0,0,4228,0,0,0,0,0,5068,0,0,0,151299
84,33,0,5068,0,0,0,0,4228,0,0,0,0,0,5068,0,0,0,151299
84,34,0,5068,0,0,0,0,4228,0,0,0,0,0,0,5740,0,0,151273
84,35,0,5068,0,0,0,0,4228,0,0,0,0,0,0,5740,0,0,151273
84,36,0,5068,0,0,0,0,4228,0,0,0,0,0,0,5740,0,0,151273
84,37,0,5068,0,0,0,0,0,5068,0,0,0,0,4228,0,0,0,156484
84,38,0,5068,0,0,0,0,0,5068,0,0,0,0,4228,0,0,0,156484
84,39,0,5068,0,0,0,0,0,5068,0,0,0,0,4228,0,0,0,156484
84,40,0,5068,0,0,0,0,0,5068,0,0,0,0,0,5068,0,0,160782
84,41,0,5068,0,0,0,0,0,5068,0,0,0,0,0,5068,0,0,160782
84,42,0,5068,0,0,0,0,0,5068,0,0,0,0,0,5068,0,0,160782
84,43,0,5068,0,0,0,0,0,5068,0,0,0,0,0,0,5740,0,172152
84,44,0,5068,0,0,0,0,0,5068,0,0,0,0,0,0,5740,0,172152
84,45,0,5068,0,0,0,0,0,5068,0,0,0,0,0,0,5740,0,172152
84,46,0,5068,0,0,0,0,0,0,5740,0,0,0,0,4228,0,0,159230
84,47,0,5068,0,0,0,0,0,0,5740,0,0,0,0,4228,0,0,159230
84,48,0,5068,0,0,0,0,0,0,5740,0,0,0,0,4228,0,0,159230
84,49,0,5068,0,0,0,0,0,0,5740,0,0,0,0,0,5068,0,174604
84,50,0,5068,0,0,0,0,0,0,5740,0,0,0,0,0,5068,0,174604
84,51,0,5068,0,0,0,0,0,0,5740,0,0,0,0,0,5068,0,174604
84,52,0,5068,0,0,0,0,0,0,5740,0,0,0,0,0,0,5740,196274
84,53,0,5068,0,0,0,0,0,0,5740,0,0,0,0,0,0,5740,196274
84,54,0,5068,0,0,0,0,0,0,5740,0,0,0,0,0,0,5740,196274
84,55,0,0,5740,0,0,0,0,4228,0,0,0,0,4228,0,0,0,154022
84,56,0,0,5740,0,0,0,0,4228,0,0,0,0,4228,0,0,0,154022
84,57,0,0,5740,0,0,0,0,4228,0,0,0,0,4228,0,0,0,154022
84,58,0,0,5740,0,0,0,0,4228,0,0,0,0,0,5068,0,0,158320
84,59,0,0,5740,0,0,0,0,4228,0,0,0,0,0,5068,0,0,158320
84,60,0,0,5740,0,0,0,0,4228,0,0,0,0,0,5068,0,0,158320
84,61,0,0,5740,0,0,0,0,4228,0,0,0,0,0,0,5740,0,169690
84,62,0,0,5740,0,0,0,0,4228,0,0,0,0,0,0,5740,0,169690
84,63,0,0,5740,0,0,0,0,4228,0,0,0,0,0,0,5740,0,169690
84,64,0,0,5740,0,0,0,0,0,5068,0,0,0,0,4228,0,0,163122
84,65,0,0,5740,0,0,0,0,0,5068,0,0,0,0,4228,0,0,163122
84,66,0,0,5740,0,0,0,0,0,5068,0,0,0,0,4228,0,0,163122
84,67,0,0,5740,0,0,0,0,0,5068,0,0,0,0,0,5068,0,178496
84,68,0,0,5740,0,0,0,0,0,5068,0,0,0,0,0,5068,0,178496
84,69,0,0,5740,0,0,0,0,0,5068,0,0,0,0,0,5068,0,178496
84,70,0,0,5740,0,0,0,0,0,5068,0,0,0,0,0,0,5740,200166
84,71,0,0,5740,0,0,0,0,0,5068,0,0,0,0,0,0,5740,200166
84,72,0,0,5740,0,0,0,0,0,5068,0,0,0,0,0,0,5740,200166
84,73,0,0,5740,0,0,0,0,0,0,5740,0,0,0,0,4228,0,177059
84,74,0,0,5740,0,0,0,0,0,0,5740,0,0,0,0,4228,0,177059
84,75,0,0,5740,0,0,0,0,0,0,5740,0,0,0,0,4228,0,177059
84,76,0,0,5740,0,0,0,0,0,0,5740,0,0,0,0,0,5068,202435
84,77,0,0,5740,0,0,0,0,0,0,5740,0,0,0,0,0,5068,202435
84,78,0,0,5740,0,0,0,0,0,0,5740,0,0,0,0,0,5068,202435
84,79,0,0,5740,0,0,0,0,0,0,5740,0,0,0,0,0,0,238943
84,80,0,0,5740,0,0,0,0,0,0,5740,0,0,0,0,0,0,238943
84,81,0,0,5740,0,0,0,0,0,0,5740,0,0,0,0,0,0,238943
85,1,7584,0,0,0,0,7584,0,0,0,0,7584,0,0,0,0,7584,265987
85,2,7584,0,0,0,0,7584,0,0,0,0,7584,0,0,0,0,0,334064
85,3,7584,0,0,0,0,7584,0,0,0,0,7584,0,0,0,0,0,334064
85,4,7584,0,0,0,0,7584,0,0,0,0,0,9024,0,0,0,0,340022
85,5,7584,0,0,0,0,7584,0,0,0,0,0,9024,0,0,0,0,340022
85,6,7584,0,0,0,0,7584,0,0,0,0,0,9024,0,0,0,0,340022
85,7,7584,0,0,0,0,7584,0,0,0,0,0,0,10176,0,0,0,263540
85,8,7584,0,0,0,0,7584,0,0,0,0,0,0,10176,0,0,0,263540
85,9,7584,0,0,0,0,7584,0,0,0,0,0,0,10176,0,0,0,263540
85,10,7584,0,0,0,0,0,9024,0,0,0,0,7584,0,0,0,0,348776
85,11,7584,0,0,0,0,0,9024,0,0,0,0,7584,0,0,0,0,348776
85,12,7584,0,0,0,0,0,9024,0,0,0,0,7584,0,0,0,0,348776
85,13,7584,0,0,0,0,0,9024,0,0,0,0,0,9024,0,0,0,280299
85,14,7584,0,0,0,0,0,9024,0,0,0,0,0,9024,0,0,0,280299
85,15,7584,0,0,0,0,0,9024,0,0,0,0,0,9024,0,0,0,280299
85,16,7584,0,0,0,0,0,9024,0,0,0,0,0,0,10176,0,0,278781
85,17,7584,0,0,0,0,0,9024,0,0,0,0,0,0,10176,0,0,278781
85,18,7584,0,0,0,0,0,9024,0,0,0,0,0,0,10176,0,0,278781
85,19,7584,0,0,0,0,0,0,10176,0,0,0,0,7584,0,0,0,276643
85,20,7584,0,0,0,0,0,0,10176,0,0,0,0,7584,0,0,0,276643
85,21,7584,0,0,0,0,0,0,10176,0,0,0,0,7584,0,0,0,276643
85,22,7584,0,0,0,0,0,0,10176,0,0,0,0,0,9024,0,0,282537
85,23,7584,0,0,0,0,0,0,10176,0,0,0,0,0,9024,0,0,282537
85,24,7584,0,0,0,0,0,0,10176,0,0,0,0,0,9024,0,0,282537
85,25,7584,0,0,0,0,0,0,10176,0,0,0,0,0,0,10176,0,301012
85,26,7584,0,0,0,0,0,0,10176,0,0,0,0,0,0,10176,0,301012
85,27,7584,0,0,0,0,0,0,10176,0,0,0,0,0,0,10176,0,301012
85,28,0,9024,0,0,0,0,7584,0,0,0,0,7584,0,0,0,0,361638
85,29,0,9024,0,0,0,0,7584,0,0,0,0,7584,0,0,0,0,361638
85,30,0,9024,0,0,0,0,7584,0,0,0,0,7584,0,0,0,0,361638
85,31,0,9024,0,0,0,0,7584,0,0,0,0,0,9024,0,0,0,293161
85,32,0,9024,0,0,0,0,7584,0,0,0,0,0,9024,0,0,0,293161
85,33,0,9024,0,0,0,0,7584,0,0,0,0,0,9024,0,0,0,293161
85,34,0,9024,0,0,0,0,7584,0,0,0,0,0,0,10176,0,0,291643
85,35,0,9024,0,0,0,0,7584,0,0,0,0,0,0,10176,0,0,291643
85,36,0,9024,0,0,0,0,7584,0,0,0,0,0,0,10176,0,0,291643
85,37,0,9024,0,0,0,0,0,9024,0,0,0,0,7584,0,0,0,301268
85,38,0,9024,0,0,0,0,0,9024,0,0,0,0,7584,0,0,0,301268
85,39,0,9024,0,0,0,0,0,9024,0,0,0,0,7584,0,0,0,301268
85,40,0,9024,0,0,0,0,0,9024,0,0,0,0,0,9024,0,0,307162
85,41,0,9024,0,0,0,0,0,9024,0,0,0,0,0,9024,0,0,307162
85,42,0,9024,0,0,0,0,0,9024,0,0,0,0,0,9024,0,0,307162
85,43,0,9024,0,0,0,0,0,9024,0,0,0,0,0,0,10176,0,325637
85,44,0,9024,0,0,0,0,0,9024,0,0,0,0,0,0,10176,0,325637
85,45,0,9024,0,0,0,0,0,9024,0,0,0,0,0,0,10176,0,325637
85,46,0,9024,0,0,0,0,0,0,10176,0,0,0,0,7584,0,0,303776
85,47,0,9024,0,0,0,0,0,0,10176,0,0,0,0,7584,0,0,303776
85,48,0,9024,0,0,0,0,0,0,10176,0,0,0,0,7584,0,0,303776
85,49,0,9024,0,0,0,0,0,0,10176,0,0,0,0,0,9024,0,329114
85,50,0,9024,0,0,0,0,0,0,10176,0,0,0,0,0,9024,0,329114
85,51,0,9024,0,0,0,0,0,0,10176,0,0,0,0,0,9024,0,329114
85,52,0,9024,0,0,0,0,0,0,10176,0,0,0,0,0,0,10176,366400
85,53,0,9024,0,0,0,0,0,0,10176,0,0,0,0,0,0,10176,366400
85,54,0,9024,0,0,0,0,0,0,10176,0,0,0,0,0,0,10176,366400
85,55,0,0,10176,0,0,0,0,7584,0,0,0,0,7584,0,0,0,295894
85,56,0,0,10176,0,0,0,0,7584,0,0,0,0,7584,0,0,0,295894
85,57,0,0,10176,0,0,0,0,7584,0,0,0,0,7584,0,0,0,295894
85,58,0,0,10176,0,0,0,0,7584,0,0,0,0,0,9024,0,0,301788
85,59,0,0,10176,0,0,0,0,7584,0,0,0,0,0,9024,0,0,301788
85,60,0,0,10176,0,0,0,0,7584,0,0,0,0,0,9024,0,0,301788
85,61,0,0,10176,0,0,0,0,7584,0,0,0,0,0,0,10176,0,320263
85,62,0,0,10176,0,0,0,0,7584,0,0,0,0,0,0,10176,0,320263
85,63,0,0,10176,0,0,0,0,7584,0,0,0,0,0,0,10176,0,320263
85,64,0,0,10176,0,0,0,0,0,9024,0,0,0,0,7584,0,0,309293
85,65,0,0,10176,0,0,0,0,0,9024,0,0,0,0,7584,0,0,309293
85,66,0,0,10176,0,0,0,0,0,9024,0,0,0,0,7584,0,0,309293
85,67,0,0,10176,0,0,0,0,0,9024,0,0,0,0,0,9024,0,334631
85,68,0,0,10176,0,0,0,0,0,9024,0,0,0,0,0,9024,0,334631
85,69,0,0,10176,0,0,0,0,0,9024,0,0,0,0,0,9024,0,334631
85,70,0,0,10176,0,0,0,0,0,9024,0,0,0,0,0,0,10176,371917
85,71,0,0,10176,0,0,0,0,0,9024,0,0,0,0,0,0,10176,371917
85,72,0,0,10176,0,0,0,0,0,9024,0,0,0,0,0,0,10176,371917
85,73,0,0,10176,0,0,0,0,0,0,10176,0,0,0,0,7584,0,331495
85,74,0,0,10176,0,0,0,0,0,0,10176,0,0,0,0,7584,0,331495
85,75,0,0,10176,0,0,0,0,0,0,10176,0,0,0,0,7584,0,331495
85,76,0,0,10176,0,0,0,0,0,0,10176,0,0,0,0,0,9024,375136
85,77,0,0,10176,0,0,0,0,0,0,10176,0,0,0,0,0,9024,375136
85,78,0,0,10176,0,0,0,0,0,0,10176,0,0,0,0,0,9024,375136
85,79,0,0,10176,0,0,0,0,0,0,10176,0,0,0,0,0,0,437328
85,80,0,0,10176,0,0,0,0,0,0,10176,0,0,0,0,0,0,437328
85,81,0,0,10176,0,0,0,0,0,0,10176,0,0,0,0,0,0,437328
86,1,6364,0,0,0,0,6364,0,0,0,0,6364,0,0,0,0,6364,268506
86,2,6364,0,0,0,0,6364,0,0,0,0,6364,0,0,0,0,0,320053
86,3,6364,0,0,0,0,6364,0,0,0,0,6364,0,0,0,0,0,320053
86,4,6364,0,0,0,0,6364,0,0,0,0,0,7437,0,0,0,0,323503
86,5,6364,0,0,0,0,6364,0,0,0,0,0,7437,0,0,0,0,323503
86,6,6364,0,0,0,0,6364,0,0,0,0,0,7437,0,0,0,0,323503
86,7,6364,0,0,0,0,6364,0,0,0,0,0,0,8325,0,0,0,257629
86,8,6364,0,0,0,0,6364,0,0,0,0,0,0,8325,0,0,0,257629
86,9,6364,0,0,0,0,6364,0,0,0,0,0,0,8325,0,0,0,257629
86,10,6364,0,0,0,0,0,7437,0,0,0,0,6364,0,0,0,0,328571
86,11,6364,0,0,0,0,0,7437,0,0,0,0,6364,0,0,0,0,328571
86,12,6364,0,0,0,0,0,7437,0,0,0,0,6364,0,0,0,0,328571
86,13,6364,0,0,0,0,0,7437,0,0,0,0,0,7437,0,0,0,268075
86,14,6364,0,0,0,0,0,7437,0,0,0,0,0,7437,0,0,0,268075
86,15,6364,0,0,0,0,0,7437,0,0,0,0,0,7437,0,0,0,268075
86,16,6364,0,0,0,0,0,7437,0,0,0,0,0,0,8325,0,0,264791
86,17,6364,0,0,0,0,0,7437,0,0,0,0,0,0,8325,0,0,264791
86,18,6364,0,0,0,0,0,7437,0,0,0,0,0,0,8325,0,0,264791
86,19,6364,0,0,0,0,0,0,8325,0,0,0,0,6364,0,0,0,264868
86,20,6364,0,0,0,0,0,0,8325,0,0,0,0,6364,0,0,0,264868
86,21,6364,0,0,0,0,0,0,8325,0,0,0,0,6364,0,0,0,264868
86,22,6364,0,0,0,0,0,0,8325,0,0,0,0,0,7437,0,0,266564
86,23,6364,0,0,0,0,0,0,8325,0,0,0,0,0,7437,0,0,266564
86,24,6364,0,0,0,0,0,0,8325,0,0,0,0,0,7437,0,0,266564
86,25,6364,0,0,0,0,0,0,8325,0,0,0,0,0,0,8325,0,279286
86,26,6364,0,0,0,0,0,0,8325,0,0,0,0,0,0,8325,0,279286
86,27,6364,0,0,0,0,0,0,8325,0,0,0,0,0,0,8325,0,279286
86,28,0,7437,0,0,0,0,6364,0,0,0,0,6364,0,0,0,0,336020
86,29,0,7437,0,0,0,0,6364,0,0,0,0,6364,0,0,0,0,336020
86,30,0,7437,0,0,0,0,6364,0,0,0,0,6364,0,0,0,0,336020
86,31,0,7437,0,0,0,0,6364,0,0,0,0,0,7437,0,0,0,275524
86,32,0,7437,0,0,0,0,6364,0,0,0,0,0,7437,0,0,0,275524
86,33,0,7437,0,0,0,0,6364,0,0,0,0,0,7437,0,0,0,275524
86,34,0,7437,0,0,0,0,6364,0,0,0,0,0,0,8325,0,0,272240
86,35,0,7437,0,0,0,0,6364,0,0,0,0,0,0,8325,0,0,272240
86,36,0,7437,0,0,0,0,6364,0,0,0,0,0,0,8325,0,0,272240
86,37,0,7437,0,0,0,0,0,7437,0,0,0,0,6364,0,0,0,280218
86,38,0,7437,0,0,0,0,0,7437,0,0,0,0,6364,0,0,0,280218
86,39,0,7437,0,0,0,0,0,7437,0,0,0,0,6364,0,0,0,280218
86,40,0,7437,0,0,0,0,0,7437,0,0,0,0,0,7437,0,0,281914
86,41,0,7437,0,0,0,0,0,7437,0,0,0,0,0,7437,0,0,281914
86,42,0,7437,0,0,0,0,0,7437,0,0,0,0,0,7437,0,0,281914
86,43,0,7437,0,0,0,0,0,7437,0,0,0,0,0,0,8325,0,294636
86,44,0,7437,0,0,0,0,0,7437,0,0,0,0,0,0,8325,0,294636
86,45,0,7437,0,0,0,0,0,7437,0,0,0,0,0,0,8325,0,294636
86,46,0,7437,0,0,0,0,0,0,8325,0,0,0,0,6364,0,0,278945
86,47,0,7437,0,0,0,0,0,0,8325,0,0,0,0,6364,0,0,278945
86,48,0,7437,0,0,0,0,0,0,8325,0,0,0,0,6364,0,0,278945
86,49,0,7437,0,0,0,0,0,0,8325,0,0,0,0,0,7437,0,296277
86,50,0,7437,0,0,0,0,0,0,8325,0,0,0,0,0,7437,0,296277
86,51,0,7437,0,0,0,0,0,0,8325,0,0,0,0,0,7437,0,296277
86,52,0,7437,0,0,0,0,0,0,8325,0,0,0,0,0,0,8325,325060
86,53,0,7437,0,0,0,0,0,0,8325,0,0,0,0,0,0,8325,325060
86,54,0,7437,0,0,0,0,0,0,8325,0,0,0,0,0,0,8325,325060
86,55,0,0,8325,0,0,0,0,6364,0,0,0,0,6364,0,0,0,275505
86,56,0,0,8325,0,0,0,0,6364,0,0,0,0,6364,0,0,0,275505
86,57,0,0,8325,0,0,0,0,6364,0,0,0,0,6364,0,0,0,275505
86,58,0,0,8325,0,0,0,0,6364,0,0,0,0,0,7437,0,0,277201
86,59,0,0,8325,0,0,0,0,6364,0,0,0,0,0,7437,0,0,277201
86,60,0,0,8325,0,0,0,0,6364,0,0,0,0,0,7437,0,0,277201
86,61,0,0,8325,0,0,0,0,6364,0,0,0,0,0,0,8325,0,289923
86,62,0,0,8325,0,0,0,0,6364,0,0,0,0,0,0,8325,0,289923
86,63,0,0,8325,0,0,0,0,6364,0,0,0,0,0,0,8325,0,289923
86,64,0,0,8325,0,0,0,0,0,7437,0,0,0,0,6364,0,0,281549
86,65,0,0,8325,0,0,0,0,0,7437,0,0,0,0,6364,0,0,281549
86,66,0,0,8325,0,0,0,0,0,7437,0,0,0,0,6364,0,0,281549
86,67,0,0,8325,0,0,0,0,0,7437,0,0,0,0,0,7437,0,298881
86,68,0,0,8325,0,0,0,0,0,7437,0,0,0,0,0,7437,0,298881
86,69,0,0,8325,0,0,0,0,0,7437,0,0,0,0,0,7437,0,298881
86,70,0,0,8325,0,0,0,0,0,7437,0,0,0,0,0,0,8325,327664
86,71,0,0,8325,0,0,0,0,0,7437,0,0,0,0,0,0,8325,327664
86,72,0,0,8325,0,0,0,0,0,7437,0,0,0,0,0,0,8325,327664
86,73,0,0,8325,0,0,0,0,0,0,8325,0,0,0,0,6364,0,296132
86,74,0,0,8325,0,0,0,0,0,0,8325,0,0,0,0,6364,0,296132
86,75,0,0,8325,0,0,0,0,0,0,8325,0,0,0,0,6364,0,296132
86,76,0,0,8325,0,0,0,0,0,0,8325,0,0,0,0,0,7437,329183
86,77,0,0,8325,0,0,0,0,0,0,8325,0,0,0,0,0,7437,329183
86,78,0,0,8325,0,0,0,0,0,0,8325,0,0,0,0,0,7437,329183
86,79,0,0,8325,0,0,0,0,0,0,8325,0,0,0,0,0,0,376777
86,80,0,0,8325,0,0,0,0,0,0,8325,0,0,0,0,0,0,376777
86,81,0,0,8325,0,0,0,0,0,0,8325,0,0,0,0,0,0,376777
87,1,4750,0,0,0,0,4750,0,0,0,0,4750,0,0,0,0,4750,236602
87,2,4750,0,0,0,0,4750,0,0,0,0,4750,0,0,0,0,0,271053
87,3,4750,0,0,0,0,4750,0,0,0,0,4750,0,0,0,0,0,271053
87,4,4750,0,0,0,0,4750,0,0,0,0,0,5475,0,0,0,0,272614
87,5,4750,0,0,0,0,4750,0,0,0,0,0,5475,0,0,0,0,272614
87,6,4750,0,0,0,0,4750,0,0,0,0,0,5475,0,0,0,0,272614
87,7,4750,0,0,0,0,4750,0,0,0,0,0,0,6050,0,0,0,221638
87,8,4750,0,0,0,0,4750,0,0,0,0,0,0,6050,0,0,0,221638
87,9,4750,0,0,0,0,4750,0,0,0,0,0,0,6050,0,0,0,221638
87,10,4750,0,0,0,0,0,5475,0,0,0,0,4750,0,0,0,0,274906
87,11,4750,0,0,0,0,0,5475,0,0,0,0,4750,0,0,0,0,274906
87,12,4750,0,0,0,0,0,5475,0,0,0,0,4750,0,0,0,0,274906
87,13,4750,0,0,0,0,0,5475,0,0,0,0,0,5475,0,0,0,228060
87,14,4750,0,0,0,0,0,5475,0,0,0,0,0,5475,0,0,0,228060
87,15,4750,0,0,0,0,0,5475,0,0,0,0,0,5475,0,0,0,228060
87,16,4750,0,0,0,0,0,5475,0,0,0,0,0,0,6050,0,0,223405
87,17,4750,0,0,0,0,0,5475,0,0,0,0,0,0,6050,0,0,223405
87,18,4750,0,0,0,0,0,5475,0,0,0,0,0,0,6050,0,0,223405
87,19,4750,0,0,0,0,0,0,6050,0,0,0,0,4750,0,0,0,224112
87,20,4750,0,0,0,0,0,0,6050,0,0,0,0,4750,0,0,0,224112
87,21,4750,0,0,0,0,0,0,6050,0,0,0,0,4750,0,0,0,224112
87,22,4750,0,0,0,0,0,0,6050,0,0,0,0,0,5475,0,0,223280
87,23,4750,0,0,0,0,0,0,6050,0,0,0,0,0,5475,0,0,223280
87,24,4750,0,0,0,0,0,0,6050,0,0,0,0,0,5475,0,0,223280
87,25,4750,0,0,0,0,0,0,6050,0,0,0,0,0,0,6050,0,229963
87,26,4750,0,0,0,0,0,0,6050,0,0,0,0,0,0,6050,0,229963
87,27,4750,0,0,0,0,0,0,6050,0,0,0,0,0,0,6050,0,229963
87,28,0,5475,0,0,0,0,4750,0,0,0,0,4750,0,0,0,0,278272
87,29,0,5475,0,0,0,0,4750,0,0,0,0,4750,0,0,0,0,278272
87,30,0,5475,0,0,0,0,4750,0,0,0,0,4750,0,0,0,0,278272
87,31,0,5475,0,0,0,0,4750,0,0,0,0,0,5475,0,0,0,231426
87,32,0,5475,0,0,0,0,4750,0,0,0,0,0,5475,0,0,0,231426
87,33,0,5475,0,0,0,0,4750,0,0,0,0,0,5475,0,0,0,231426
87,34,0,5475,0,0,0,0,4750,0,0,0,0,0,0,6050,0,0,226771
87,35,0,5475,0,0,0,0,4750,0,0,0,0,0,0,6050,0,0,226771
87,36,0,5475,0,0,0,0,4750,0,0,0,0,0,0,6050,0,0,226771
87,37,0,5475,0,0,0,0,0,5475,0,0,0,0,4750,0,0,0,233547
87,38,0,5475,0,0,0,0,0,5475,0,0,0,0,4750,0,0,0,233547
87,39,0,5475,0,0,0,0,0,5475,0,0,0,0,4750,0,0,0,233547
87,40,0,5475,0,0,0,0,0,5475,0,0,0,0,0,5475,0,0,232715
87,41,0,5475,0,0,0,0,0,5475,0,0,0,0,0,5475,0,0,232715
87,42,0,5475,0,0,0,0,0,5475,0,0,0,0,0,5475,0,0,232715
87,43,0,5475,0,0,0,0,0,5475,0,0,0,0,0,0,6050,0,239398
87,44,0,5475,0,0,0,0,0,5475,0,0,0,0,0,0,6050,0,239398
87,45,0,5475,0,0,0,0,0,5475,0,0,0,0,0,0,6050,0,239398
87,46,0,5475,0,0,0,0,0,0,6050,0,0,0,0,4750,0,0,229062
87,47,0,5475,0,0,0,0,0,0,6050,0,0,0,0,4750,0,0,229062
87,48,0,5475,0,0,0,0,0,0,6050,0,0,0,0,4750,0,0,229062
87,49,0,5475,0,0,0,0,0,0,6050,0,0,0,0,0,5475,0,239286
87,50,0,5475,0,0,0,0,0,0,6050,0,0,0,0,0,5475,0,239286
87,51,0,5475,0,0,0,0,0,0,6050,0,0,0,0,0,5475,0,239286
87,52,0,5475,0,0,0,0,0,0,6050,0,0,0,0,0,0,6050,258501
87,53,0,5475,0,0,0,0,0,0,6050,0,0,0,0,0,0,6050,258501
87,54,0,5475,0,0,0,0,0,0,6050,0,0,0,0,0,0,6050,258501
87,55,0,0,6050,0,0,0,0,4750,0,0,0,0,4750,0,0,0,227747
87,56,0,0,6050,0,0,0,0,4750,0,0,0,0,4750,0,0,0,227747
87,57,0,0,6050,0,0,0,0,4750,0,0,0,0,4750,0,0,0,227747
87,58,0,0,6050,0,0,0,0,4750,0,0,0,0,0,5475,0,0,226915
87,59,0,0,6050,0,0,0,0,4750,0,0,0,0,0,5475,0,0,226915
87,60,0,0,6050,0,0,0,0,4750,0,0,0,0,0,5475,0,0,226915
87,61,0,0,6050,0,0,0,0,4750,0,0,0,0,0,0,6050,0,233598
87,62,0,0,6050,0,0,0,0,4750,0,0,0,0,0,0,6050,0,233598
87,63,0,0,6050,0,0,0,0,4750,0,0,0,0,0,0,6050,0,233598
87,64,0,0,6050,0,0,0,0,0,5475,0,0,0,0,4750,0,0,228880
87,65,0,0,6050,0,0,0,0,0,5475,0,0,0,0,4750,0,0,228880
87,66,0,0,6050,0,0,0,0,0,5475,0,0,0,0,4750,0,0,228880
87,67,0,0,6050,0,0,0,0,0,5475,0,0,0,0,0,5475,0,239104
87,68,0,0,6050,0,0,0,0,0,5475,0,0,0,0,0,5475,0,239104
87,69,0,0,6050,0,0,0,0,0,5475,0,0,0,0,0,5475,0,239104
87,70,0,0,6050,0,0,0,0,0,5475,0,0,0,0,0,0,6050,258319
87,71,0,0,6050,0,0,0,0,0,5475,0,0,0,0,0,0,6050,258319
87,72,0,0,6050,0,0,0,0,0,5475,0,0,0,0,0,0,6050,258319
87,73,0,0,6050,0,0,0,0,0,0,6050,0,0,0,0,4750,0,235720
87,74,0,0,6050,0,0,0,0,0,0,6050,0,0,0,0,4750,0,235720
87,75,0,0,6050,0,0,0,0,0,0,6050,0,0,0,0,4750,0,235720
87,76,0,0,6050,0,0,0,0,0,0,6050,0,0,0,0,0,5475,258214
87,77,0,0,6050,0,0,0,0,0,0,6050,0,0,0,0,0,5475,258214
87,78,0,0,6050,0,0,0,0,0,0,6050,0,0,0,0,0,5475,258214
87,79,0,0,6050,0,0,0,0,0,0,6050,0,0,0,0,0,0,289629
87,80,0,0,6050,0,0,0,0,0,0,6050,0,0,0,0,0,0,289629
87,81,0,0,6050,0,0,0,0,0,0,6050,0,0,0,0,0,0,289629
88,1,7701,0,0,0,0,7701,0,0,0,0,7701,0,0,0,0,7701,238713
88,2,7701,0,0,0,0,7701,0,0,0,0,7701,0,0,0,0,0,311461
88,3,7701,0,0,0,0,7701,0,0,0,0,7701,0,0,0,0,0,311461
88,4,7701,0,0,0,0,7701,0,0,0,0,0,9231,0,0,0,0,318402
88,5,7701,0,0,0,0,7701,0,0,0,0,0,9231,0,0,0,0,318402
88,6,7701,0,0,0,0,7701,0,0,0,0,0,9231,0,0,0,0,318402
88,7,7701,0,0,0,0,7701,0,0,0,0,0,0,10455,0,0,0,241877
88,8,7701,0,0,0,0,7701,0,0,0,0,0,0,10455,0,0,0,241877
88,9,7701,0,0,0,0,7701,0,0,0,0,0,0,10455,0,0,0,241877
88,10,7701,0,0,0,0,0,9231,0,0,0,0,7701,0,0,0,0,328603
88,11,7701,0,0,0,0,0,9231,0,0,0,0,7701,0,0,0,0,328603
88,12,7701,0,0,0,0,0,9231,0,0,0,0,7701,0,0,0,0,328603
88,13,7701,0,0,0,0,0,9231,0,0,0,0,0,9231,0,0,0,260584
88,14,7701,0,0,0,0,0,9231,0,0,0,0,0,9231,0,0,0,260584
88,15,7701,0,0,0,0,0,9231,0,0,0,0,0,9231,0,0,0,260584
88,16,7701,0,0,0,0,0,9231,0,0,0,0,0,0,10455,0,0,260536
88,17,7701,0,0,0,0,0,9231,0,0,0,0,0,0,10455,0,0,260536
88,18,7701,0,0,0,0,0,9231,0,0,0,0,0,0,10455,0,0,260536
88,19,7701,0,0,0,0,0,0,10455,0,0,0,0,7701,0,0,0,257530
88,20,7701,0,0,0,0,0,0,10455,0,0,0,0,7701,0,0,0,257530
88,21,7701,0,0,0,0,0,0,10455,0,0,0,0,7701,0,0,0,257530
88,22,7701,0,0,0,0,0,0,10455,0,0,0,0,0,9231,0,0,265357
88,23,7701,0,0,0,0,0,0,10455,0,0,0,0,0,9231,0,0,265357
88,24,7701,0,0,0,0,0,0,10455,0,0,0,0,0,9231,0,0,265357
88,25,7701,0,0,0,0,0,0,10455,0,0,0,0,0,0,10455,0,286070
88,26,7701,0,0,0,0,0,0,10455,0,0,0,0,0,0,10455,0,286070
88,27,7701,0,0,0,0,0,0,10455,0,0,0,0,0,0,10455,0,286070
88,28,0,9231,0,0,0,0,7701,0,0,0,0,7701,0,0,0,0,343592
88,29,0,9231,0,0,0,0,7701,0,0,0,0,7701,0,0,0,0,343592
88,30,0,9231,0,0,0,0,7701,0,0,0,0,7701,0,0,0,0,343592
88,31,0,9231,0,0,0,0,7701,0,0,0,0,0,9231,0,0,0,275573
88,32,0,9231,0,0,0,0,7701,0,0,0,0,0,9231,0,0,0,275573
88,33,0,9231,0,0,0,0,7701,0,0,0,0,0,9231,0,0,0,275573
88,34,0,9231,0,0,0,0,7701,0,0,0,0,0,0,10455,0,0,275525
88,35,0,9231,0,0,0,0,7701,0,0,0,0,0,0,10455,0,0,275525
88,36,0,9231,0,0,0,0,7701,0,0,0,0,0,0,10455,0,0,275525
88,37,0,9231,0,0,0,0,0,9231,0,0,0,0,7701,0,0,0,285018
88,38,0,9231,0,0,0,0,0,9231,0,0,0,0,7701,0,0,0,285018
88,39,0,9231,0,0,0,0,0,9231,0,0,0,0,7701,0,0,0,285018
88,40,0,9231,0,0,0,0,0,9231,0,0,0,0,0,9231,0,0,292845
88,41,0,9231,0,0,0,0,0,9231,0,0,0,0,0,9231,0,0,292845
88,42,0,9231,0,0,0,0,0,9231,0,0,0,0,0,9231,0,0,292845
88,43,0,9231,0,0,0,0,0,9231,0,0,0,0,0,0,10455,0,313558
88,44,0,9231,0,0,0,0,0,9231,0,0,0,0,0,0,10455,0,313558
88,45,0,9231,0,0,0,0,0,9231,0,0,0,0,0,0,10455,0,313558
88,46,0,9231,0,0,0,0,0,0,10455,0,0,0,0,7701,0,0,290021
88,47,0,9231,0,0,0,0,0,0,10455,0,0,0,0,7701,0,0,290021
88,48,0,9231,0,0,0,0,0,0,10455,0,0,0,0,7701,0,0,290021
88,49,0,9231,0,0,0,0,0,0,10455,0,0,0,0,0,9231,0,318026
88,50,0,9231,0,0,0,0,0,0,10455,0,0,0,0,0,9231,0,318026
88,51,0,9231,0,0,0,0,0,0,10455,0,0,0,0,0,9231,0,318026
88,52,0,9231,0,0,0,0,0,0,10455,0,0,0,0,0,0,10455,357496
88,53,0,9231,0,0,0,0,0,0,10455,0,0,0,0,0,0,10455,357496
88,54,0,9231,0,0,0,0,0,0,10455,0,0,0,0,0,0,10455,357496
88,55,0,0,10455,0,0,0,0,7701,0,0,0,0,7701,0,0,0,280533
88,56,0,0,10455,0,0,0,0,7701,0,0,0,0,7701,0,0,0,280533
88,57,0,0,10455,0,0,0,0,7701,0,0,0,0,7701,0,0,0,280533
88,58,0,0,10455,0,0,0,0,7701,0,0,0,0,0,9231,0,0,288360
88,59,0,0,10455,0,0,0,0,7701,0,0,0,0,0,9231,0,0,288360
88,60,0,0,10455,0,0,0,0,7701,0,0,0,0,0,9231,0,0,288360
88,61,0,0,10455,0,0,0,0,7701,0,0,0,0,0,0,10455,0,309073
88,62,0,0,10455,0,0,0,0,7701,0,0,0,0,0,0,10455,0,309073
88,63,0,0,10455,0,0,0,0,7701,0,0,0,0,0,0,10455,0,309073
88,64,0,0,10455,0,0,0,0,0,9231,0,0,0,0,7701,0,0,297108
88,65,0,0,10455,0,0,0,0,0,9231,0,0,0,0,7701,0,0,297108
88,66,0,0,10455,0,0,0,0,0,9231,0,0,0,0,7701,0,0,297108
88,67,0,0,10455,0,0,0,0,0,9231,0,0,0,0,0,9231,0,325113
88,68,0,0,10455,0,0,0,0,0,9231,0,0,0,0,0,9231,0,325113
88,69,0,0,10455,0,0,0,0,0,9231,0,0,0,0,0,9231,0,325113
88,70,0,0,10455,0,0,0,0,0,9231,0,0,0,0,0,0,10455,364583
88,71,0,0,10455,0,0,0,0,0,9231,0,0,0,0,0,0,10455,364583
88,72,0,0,10455,0,0,0,0,0,9231,0,0,0,0,0,0,10455,364583
88,73,0,0,10455,0,0,0,0,0,0,10455,0,0,0,0,7701,0,322495
88,74,0,0,10455,0,0,0,0,0,0,10455,0,0,0,0,7701,0,322495
88,75,0,0,10455,0,0,0,0,0,0,10455,0,0,0,0,7701,0,322495
88,76,0,0,10455,0,0,0,0,0,0,10455,0,0,0,0,0,9231,368718
88,77,0,0,10455,0,0,0,0,0,0,10455,0,0,0,0,0,9231,368718
88,78,0,0,10455,0,0,0,0,0,0,10455,0,0,0,0,0,9231,368718
88,79,0,0,10455,0,0,0,0,0,0,10455,0,0,0,0,0,0,435214
88,80,0,0,10455,0,0,0,0,0,0,10455,0,0,0,0,0,0,435214
88,81,0,0,10455,0,0,0,0,0,0,10455,0,0,0,0,0,0,435214
89,1,8600,0,0,0,0,8600,0,0,0,0,8600,0,0,0,0,8600,362837
89,2,8600,0,0,0,0,8600,0,0,0,0,8600,0,0,0,0,0,432495
89,3,8600,0,0,0,0,8600,0,0,0,0,8600,0,0,0,0,0,432495
89,4,8600,0,0,0,0,8600,0,0,0,0,0,10050,0,0,0,0,437159
89,5,8600,0,0,0,0,8600,0,0,0,0,0,10050,0,0,0,0,437159
89,6,8600,0,0,0,0,8600,0,0,0,0,0,10050,0,0,0,0,437159
89,7,8600,0,0,0,0,8600,0,0,0,0,0,0,11250,0,0,0,348138
89,8,8600,0,0,0,0,8600,0,0,0,0,0,0,11250,0,0,0,348138
89,9,8600,0,0,0,0,8600,0,0,0,0,0,0,11250,0,0,0,348138
89,10,8600,0,0,0,0,0,10050,0,0,0,0,8600,0,0,0,0,444010
89,11,8600,0,0,0,0,0,10050,0,0,0,0,8600,0,0,0,0,444010
89,12,8600,0,0,0,0,0,10050,0,0,0,0,8600,0,0,0,0,444010
89,13,8600,0,0,0,0,0,10050,0,0,0,0,0,10050,0,0,0,362256
89,14,8600,0,0,0,0,0,10050,0,0,0,0,0,10050,0,0,0,362256
89,15,8600,0,0,0,0,0,10050,0,0,0,0,0,10050,0,0,0,362256
89,16,8600,0,0,0,0,0,10050,0,0,0,0,0,0,11250,0,0,357819
89,17,8600,0,0,0,0,0,10050,0,0,0,0,0,0,11250,0,0,357819
89,18,8600,0,0,0,0,0,10050,0,0,0,0,0,0,11250,0,0,357819
89,19,8600,0,0,0,0,0,0,11250,0,0,0,0,8600,0,0,0,357920
89,20,8600,0,0,0,0,0,0,11250,0,0,0,0,8600,0,0,0,357920
89,21,8600,0,0,0,0,0,0,11250,0,0,0,0,8600,0,0,0,357920
89,22,8600,0,0,0,0,0,0,11250,0,0,0,0,0,10050,0,0,360212
89,23,8600,0,0,0,0,0,0,11250,0,0,0,0,0,10050,0,0,360212
89,24,8600,0,0,0,0,0,0,11250,0,0,0,0,0,10050,0,0,360212
89,25,8600,0,0,0,0,0,0,11250,0,0,0,0,0,0,11250,0,377404
89,26,8600,0,0,0,0,0,0,11250,0,0,0,0,0,0,11250,0,377404
89,27,8600,0,0,0,0,0,0,11250,0,0,0,0,0,0,11250,0,377404
89,28,0,10050,0,0,0,0,8600,0,0,0,0,8600,0,0,0,0,454077
89,29,0,10050,0,0,0,0,8600,0,0,0,0,8600,0,0,0,0,454077
89,30,0,10050,0,0,0,0,8600,0,0,0,0,8600,0,0,0,0,454077
89,31,0,10050,0,0,0,0,8600,0,0,0,0,0,10050,0,0,0,372323
89,32,0,10050,0,0,0,0,8600,0,0,0,0,0,10050,0,0,0,372323
89,33,0,10050,0,0,0,0,8600,0,0,0,0,0,10050,0,0,0,372323
89,34,0,10050,0,0,0,0,8600,0,0,0,0,0,0,11250,0,0,367886
89,35,0,10050,0,0,0,0,8600,0,0,0,0,0,0,11250,0,0,367886
89,36,0,10050,0,0,0,0,8600,0,0,0,0,0,0,11250,0,0,367886
89,37,0,10050,0,0,0,0,0,10050,0,0,0,0,8600,0,0,0,378666
89,38,0,10050,0,0,0,0,0,10050,0,0,0,0,8600,0,0,0,378666
89,39,0,10050,0,0,0,0,0,10050,0,0,0,0,8600,0,0,0,378666
89,40,0,10050,0,0,0,0,0,10050,0,0,0,0,0,10050,0,0,380958
89,41,0,10050,0,0,0,0,0,10050,0,0,0,0,0,10050,0,0,380958
89,42,0,10050,0,0,0,0,0,10050,0,0,0,0,0,10050,0,0,380958
89,43,0,10050,0,0,0,0,0,10050,0,0,0,0,0,0,11250,0,398150
89,44,0,10050,0,0,0,0,0,10050,0,0,0,0,0,0,11250,0,398150
89,45,0,10050,0,0,0,0,0,10050,0,0,0,0,0,0,11250,0,398150
89,46,0,10050,0,0,0,0,0,0,11250,0,0,0,0,8600,0,0,376947
89,47,0,10050,0,0,0,0,0,0,11250,0,0,0,0,8600,0,0,376947
89,48,0,10050,0,0,0,0,0,0,11250,0,0,0,0,8600,0,0,376947
89,49,0,10050,0,0,0,0,0,0,11250,0,0,0,0,0,10050,0,400370
89,50,0,10050,0,0,0,0,0,0,11250,0,0,0,0,0,10050,0,400370
89,51,0,10050,0,0,0,0,0,0,11250,0,0,0,0,0,10050,0,400370
89,52,0,10050,0,0,0,0,0,0,11250,0,0,0,0,0,0,11250,439265
89,53,0,10050,0,0,0,0,0,0,11250,0,0,0,0,0,0,11250,439265
89,54,0,10050,0,0,0,0,0,0,11250,0,0,0,0,0,0,11250,439265
89,55,0,0,11250,0,0,0,0,8600,0,0,0,0,8600,0,0,0,372298
89,56,0,0,11250,0,0,0,0,8600,0,0,0,0,8600,0,0,0,372298
89,57,0,0,11250,0,0,0,0,8600,0,0,0,0,8600,0,0,0,372298
89,58,0,0,11250,0,0,0,0,8600,0,0,0,0,0,10050,0,0,374590
89,59,0,0,11250,0,0,0,0,8600,0,0,0,0,0,10050,0,0,374590
89,60,0,0,11250,0,0,0,0,8600,0,0,0,0,0,10050,0,0,374590
89,61,0,0,11250,0,0,0,0,8600,0,0,0,0,0,0,11250,0,391782
89,62,0,0,11250,0,0,0,0,8600,0,0,0,0,0,0,11250,0,391782
89,63,0,0,11250,0,0,0,0,8600,0,0,0,0,0,0,11250,0,391782
89,64,0,0,11250,0,0,0,0,0,10050,0,0,0,0,8600,0,0,380466
89,65,0,0,11250,0,0,0,0,0,10050,0,0,0,0,8600,0,0,380466
89,66,0,0,11250,0,0,0,0,0,10050,0,0,0,0,8600,0,0,380466
89,67,0,0,11250,0,0,0,0,0,10050,0,0,0,0,0,10050,0,403889
89,68,0,0,11250,0,0,0,0,0,10050,0,0,0,0,0,10050,0,403889
89,69,0,0,11250,0,0,0,0,0,10050,0,0,0,0,0,10050,0,403889
89,70,0,0,11250,0,0,0,0,0,10050,0,0,0,0,0,0,11250,442784
89,71,0,0,11250,0,0,0,0,0,10050,0,0,0,0,0,0,11250,442784
89,72,0,0,11250,0,0,0,0,0,10050,0,0,0,0,0,0,11250,442784
89,73,0,0,11250,0,0,0,0,0,0,11250,0,0,0,0,8600,0,400172
89,74,0,0,11250,0,0,0,0,0,0,11250,0,0,0,0,8600,0,400172
89,75,0,0,11250,0,0,0,0,0,0,11250,0,0,0,0,8600,0,400172
89,76,0,0,11250,0,0,0,0,0,0,11250,0,0,0,0,0,10050,444837
89,77,0,0,11250,0,0,0,0,0,0,11250,0,0,0,0,0,10050,444837
89,78,0,0,11250,0,0,0,0,0,0,11250,0,0,0,0,0,10050,444837
89,79,0,0,11250,0,0,0,0,0,0,11250,0,0,0,0,0,0,509153
89,80,0,0,11250,0,0,0,0,0,0,11250,0,0,0,0,0,0,509153
89,81,0,0,11250,0,0,0,0,0,0,11250,0,0,0,0,0,0,509153
90,1,10050,0,0,0,0,10050,0,0,0,0,10050,0,0,0,0,10050,540532
90,2,10050,0,0,0,0,10050,0,0,0,0,10050,0,0,0,0,0,608351
90,3,10050,0,0,0,0,10050,0,0,0,0,10050,0,0,0,0,0,608351
90,4,10050,0,0,0,0,10050,0,0,0,0,0,11450,0,0,0,0,610185
90,5,10050,0,0,0,0,10050,0,0,0,0,0,11450,0,0,0,0,610185
90,6,10050,0,0,0,0,10050,0,0,0,0,0,11450,0,0,0,0,610185
90,7,10050,0,0,0,0,10050,0,0,0,0,0,0,12600,0,0,0,501018
90,8,10050,0,0,0,0,10050,0,0,0,0,0,0,12600,0,0,0,501018
90,9,10050,0,0,0,0,10050,0,0,0,0,0,0,12600,0,0,0,501018
90,10,10050,0,0,0,0,0,11450,0,0,0,0,10050,0,0,0,0,612877
90,11,10050,0,0,0,0,0,11450,0,0,0,0,10050,0,0,0,0,612877
90,12,10050,0,0,0,0,0,11450,0,0,0,0,10050,0,0,0,0,612877
90,13,10050,0,0,0,0,0,11450,0,0,0,0,0,11450,0,0,0,510898
90,14,10050,0,0,0,0,0,11450,0,0,0,0,0,11450,0,0,0,510898
90,15,10050,0,0,0,0,0,11450,0,0,0,0,0,11450,0,0,0,510898
90,16,10050,0,0,0,0,0,11450,0,0,0,0,0,0,12600,0,0,499249
90,17,10050,0,0,0,0,0,11450,0,0,0,0,0,0,12600,0,0,499249
90,18,10050,0,0,0,0,0,11450,0,0,0,0,0,0,12600,0,0,499249
90,19,10050,0,0,0,0,0,0,12600,0,0,0,0,10050,0,0,0,502830
90,20,10050,0,0,0,0,0,0,12600,0,0,0,0,10050,0,0,0,502830
90,21,10050,0,0,0,0,0,0,12600,0,0,0,0,10050,0,0,0,502830
90,22,10050,0,0,0,0,0,0,12600,0,0,0,0,0,11450,0,0,497837
90,23,10050,0,0,0,0,0,0,12600,0,0,0,0,0,11450,0,0,497837
90,24,10050,0,0,0,0,0,0,12600,0,0,0,0,0,11450,0,0,497837
90,25,10050,0,0,0,0,0,0,12600,0,0,0,0,0,0,12600,0,509352
90,26,10050,0,0,0,0,0,0,12600,0,0,0,0,0,0,12600,0,509352
90,27,10050,0,0,0,0,0,0,12600,0,0,0,0,0,0,12600,0,509352
90,28,0,11450,0,0,0,0,10050,0,0,0,0,10050,0,0,0,0,616836
90,29,0,11450,0,0,0,0,10050,0,0,0,0,10050,0,0,0,0,616836
90,30,0,11450,0,0,0,0,10050,0,0,0,0,10050,0,0,0,0,616836
90,31,0,11450,0,0,0,0,10050,0,0,0,0,0,11450,0,0,0,514857
90,32,0,11450,0,0,0,0,10050,0,0,0,0,0,11450,0,0,0,514857
90,33,0,11450,0,0,0,0,10050,0,0,0,0,0,11450,0,0,0,514857
90,34,0,11450,0,0,0,0,10050,0,0,0,0,0,0,12600,0,0,503208
90,35,0,11450,0,0,0,0,10050,0,0,0,0,0,0,12600,0,0,503208
90,36,0,11450,0,0,0,0,10050,0,0,0,0,0,0,12600,0,0,503208
90,37,0,11450,0,0,0,0,0,11450,0,0,0,0,10050,0,0,0,517349
90,38,0,11450,0,0,0,0,0,11450,0,0,0,0,10050,0,0,0,517349
90,39,0,11450,0,0,0,0,0,11450,0,0,0,0,10050,0,0,0,517349
90,40,0,11450,0,0,0,0,0,11450,0,0,0,0,0,11450,0,0,512356
90,41,0,11450,0,0,0,0,0,11450,0,0,0,0,0,11450,0,0,512356
90,42,0,11450,0,0,0,0,0,11450,0,0,0,0,0,11450,0,0,512356
90,43,0,11450,0,0,0,0,0,11450,0,0,0,0,0,0,12600,0,523871
90,44,0,11450,0,0,0,0,0,11450,0,0,0,0,0,0,12600,0,523871
90,45,0,11450,0,0,0,0,0,11450,0,0,0,0,0,0,12600,0,523871
90,46,0,11450,0,0,0,0,0,0,12600,0,0,0,0,10050,0,0,504888
90,47,0,11450,0,0,0,0,0,0,12600,0,0,0,0,10050,0,0,504888
90,48,0,11450,0,0,0,0,0,0,12600,0,0,0,0,10050,0,0,504888
90,49,0,11450,0,0,0,0,0,0,12600,0,0,0,0,0,11450,0,522566
90,50,0,11450,0,0,0,0,0,0,12600,0,0,0,0,0,11450,0,522566
90,51,0,11450,0,0,0,0,0,0,12600,0,0,0,0,0,11450,0,522566
90,52,0,11450,0,0,0,0,0,0,12600,0,0,0,0,0,0,12600,561243
90,53,0,11450,0,0,0,0,0,0,12600,0,0,0,0,0,0,12600,561243
90,54,0,11450,0,0,0,0,0,0,12600,0,0,0,0,0,0,12600,561243
90,55,0,0,12600,0,0,0,0,10050,0,0,0,0,10050,0,0,0,505495
90,56,0,0,12600,0,0,0,0,10050,0,0,0,0,10050,0,0,0,505495
90,57,0,0,12600,0,0,0,0,10050,0,0,0,0,10050,0,0,0,505495
90,58,0,0,12600,0,0,0,0,10050,0,0,0,0,0,11450,0,0,500502
90,59,0,0,12600,0,0,0,0,10050,0,0,0,0,0,11450,0,0,500502
90,60,0,0,12600,0,0,0,0,10050,0,0,0,0,0,11450,0,0,500502
90,61,0,0,12600,0,0,0,0,10050,0,0,0,0,0,0,12600,0,512017
90,62,0,0,12600,0,0,0,0,10050,0,0,0,0,0,0,12600,0,512017
90,63,0,0,12600,0,0,0,0,10050,0,0,0,0,0,0,12600,0,512017
90,64,0,0,12600,0,0,0,0,0,11450,0,0,0,0,10050,0,0,502812
90,65,0,0,12600,0,0,0,0,0,11450,0,0,0,0,10050,0,0,502812
90,66,0,0,12600,0,0,0,0,0,11450,0,0,0,0,10050,0,0,502812
90,67,0,0,12600,0,0,0,0,0,11450,0,0,0,0,0,11450,0,520490
90,68,0,0,12600,0,0,0,0,0,11450,0,0,0,0,0,11450,0,520490
90,69,0,0,12600,0,0,0,0,0,11450,0,0,0,0,0,11450,0,520490
90,70,0,0,12600,0,0,0,0,0,11450,0,0,0,0,0,0,12600,559167
90,71,0,0,12600,0,0,0,0,0,11450,0,0,0,0,0,0,12600,559167
90,72,0,0,12600,0,0,0,0,0,11450,0,0,0,0,0,0,12600,559167
90,73,0,0,12600,0,0,0,0,0,0,12600,0,0,0,0,10050,0,513574
90,74,0,0,12600,0,0,0,0,0,0,12600,0,0,0,0,10050,0,513574
90,75,0,0,12600,0,0,0,0,0,0,12600,0,0,0,0,10050,0,513574
90,76,0,0,12600,0,0,0,0,0,0,12600,0,0,0,0,0,11450,557957
90,77,0,0,12600,0,0,0,0,0,0,12600,0,0,0,0,0,11450,557957
90,78,0,0,12600,0,0,0,0,0,0,12600,0,0,0,0,0,11450,557957
90,79,0,0,12600,0,0,0,0,0,0,12600,0,0,0,0,0,0,620493
90,80,0,0,12600,0,0,0,0,0,0,12600,0,0,0,0,0,0,620493
90,81,0,0,12600,0,0,0,0,0,0,12600,0,0,0,0,0,0,620493
91,1,8250,0,0,0,0,8250,0,0,0,0,8250,0,0,0,0,8250,319949
91,2,8250,0,0,0,0,8250,0,0,0,0,8250,0,0,0,0,0,390600
91,3,8250,0,0,0,0,8250,0,0,0,0,8250,0,0,0,0,0,390600
91,4,8250,0,0,0,0,8250,0,0,0,0,0,9750,0,0,0,0,396208
91,5,8250,0,0,0,0,8250,0,0,0,0,0,9750,0,0,0,0,396208
91,6,8250,0,0,0,0,8250,0,0,0,0,0,9750,0,0,0,0,396208
91,7,8250,0,0,0,0,8250,0,0,0,0,0,0,10950,0,0,0,311750
91,8,8250,0,0,0,0,8250,0,0,0,0,0,0,10950,0,0,0,311750
91,9,8250,0,0,0,0,8250,0,0,0,0,0,0,10950,0,0,0,311750
91,10,8250,0,0,0,0,0,9750,0,0,0,0,8250,0,0,0,0,404443
91,11,8250,0,0,0,0,0,9750,0,0,0,0,8250,0,0,0,0,404443
91,12,8250,0,0,0,0,0,9750,0,0,0,0,8250,0,0,0,0,404443
91,13,8250,0,0,0,0,0,9750,0,0,0,0,0,9750,0,0,0,328325
91,14,8250,0,0,0,0,0,9750,0,0,0,0,0,9750,0,0,0,328325
91,15,8250,0,0,0,0,0,9750,0,0,0,0,0,9750,0,0,0,328325
91,16,8250,0,0,0,0,0,9750,0,0,0,0,0,0,10950,0,0,325350
91,17,8250,0,0,0,0,0,9750,0,0,0,0,0,0,10950,0,0,325350
91,18,8250,0,0,0,0,0,9750,0,0,0,0,0,0,10950,0,0,325350
91,19,8250,0,0,0,0,0,0,10950,0,0,0,0,8250,0,0,0,323698
91,20,8250,0,0,0,0,0,0,10950,0,0,0,0,8250,0,0,0,323698
91,21,8250,0,0,0,0,0,0,10950,0,0,0,0,8250,0,0,0,323698
91,22,8250,0,0,0,0,0,0,10950,0,0,0,0,0,9750,0,0,328445
91,23,8250,0,0,0,0,0,0,10950,0,0,0,0,0,9750,0,0,328445
91,24,8250,0,0,0,0,0,0,10950,0,0,0,0,0,9750,0,0,328445
91,25,8250,0,0,0,0,0,0,10950,0,0,0,0,0,0,10950,0,346629
91,26,8250,0,0,0,0,0,0,10950,0,0,0,0,0,0,10950,0,346629
91,27,8250,0,0,0,0,0,0,10950,0,0,0,0,0,0,10950,0,346629
91,28,0,9750,0,0,0,0,8250,0,0,0,0,8250,0,0,0,0,416546
91,29,0,9750,0,0,0,0,8250,0,0,0,0,8250,0,0,0,0,416546
91,30,0,9750,0,0,0,0,8250,0,0,0,0,8250,0,0,0,0,416546
91,31,0,9750,0,0,0,0,8250,0,0,0,0,0,9750,0,0,0,340428
91,32,0,9750,0,0,0,0,8250,0,0,0,0,0,9750,0,0,0,340428
91,33,0,9750,0,0,0,0,8250,0,0,0,0,0,9750,0,0,0,340428
91,34,0,9750,0,0,0,0,8250,0,0,0,0,0,0,10950,0,0,337453
91,35,0,9750,0,0,0,0,8250,0,0,0,0,0,0,10950,0,0,337453
91,36,0,9750,0,0,0,0,8250,0,0,0,0,0,0,10950,0,0,337453
91,37,0,9750,0,0,0,0,0,9750,0,0,0,0,8250,0,0,0,348055
91,38,0,9750,0,0,0,0,0,9750,0,0,0,0,8250,0,0,0,348055
91,39,0,9750,0,0,0,0,0,9750,0,0,0,0,8250,0,0,0,348055
91,40,0,9750,0,0,0,0,0,9750,0,0,0,0,0,9750,0,0,352802
91,41,0,9750,0,0,0,0,0,9750,0,0,0,0,0,9750,0,0,352802
91,42,0,9750,0,0,0,0,0,9750,0,0,0,0,0,9750,0,0,352802
91,43,0,9750,0,0,0,0,0,9750,0,0,0,0,0,0,10950,0,370986
91,44,0,9750,0,0,0,0,0,9750,0,0,0,0,0,0,10950,0,370986
91,45,0,9750,0,0,0,0,0,9750,0,0,0,0,0,0,10950,0,370986
91,46,0,9750,0,0,0,0,0,0,10950,0,0,0,0,8250,0,0,348519
91,47,0,9750,0,0,0,0,0,0,10950,0,0,0,0,8250,0,0,348519
91,48,0,9750,0,0,0,0,0,0,10950,0,0,0,0,8250,0,0,348519
91,49,0,9750,0,0,0,0,0,0,10950,0,0,0,0,0,9750,0,373854
91,50,0,9750,0,0,0,0,0,0,10950,0,0,0,0,0,9750,0,373854
91,51,0,9750,0,0,0,0,0,0,10950,0,0,0,0,0,9750,0,373854
91,52,0,9750,0,0,0,0,0,0,10950,0,0,0,0,0,0,10950,412689
91,53,0,9750,0,0,0,0,0,0,10950,0,0,0,0,0,0,10950,412689
91,54,0,9750,0,0,0,0,0,0,10950,0,0,0,0,0,0,10950,412689
91,55,0,0,10950,0,0,0,0,8250,0,0,0,0,8250,0,0,0,341257
91,56,0,0,10950,0,0,0,0,8250,0,0,0,0,8250,0,0,0,341257
91,57,0,0,10950,0,0,0,0,8250,0,0,0,0,8250,0,0,0,341257
91,58,0,0,10950,0,0,0,0,8250,0,0,0,0,0,9750,0,0,346004
91,59,0,0,10950,0,0,0,0,8250,0,0,0,0,0,9750,0,0,346004
91,60,0,0,10950,0,0,0,0,8250,0,0,0,0,0,9750,0,0,346004
91,61,0,0,10950,0,0,0,0,8250,0,0,0,0,0,0,10950,0,364188
91,62,0,0,10950,0,0,0,0,8250,0,0,0,0,0,0,10950,0,364188
91,63,0,0,10950,0,0,0,0,8250,0,0,0,0,0,0,10950,0,364188
91,64,0,0,10950,0,0,0,0,0,9750,0,0,0,0,8250,0,0,353067
91,65,0,0,10950,0,0,0,0,0,9750,0,0,0,0,8250,0,0,353067
91,66,0,0,10950,0,0,0,0,0,9750,0,0,0,0,8250,0,0,353067
91,67,0,0,10950,0,0,0,0,0,9750,0,0,0,0,0,9750,0,378402
91,68,0,0,10950,0,0,0,0,0,9750,0,0,0,0,0,9750,0,378402
91,69,0,0,10950,0,0,0,0,0,9750,0,0,0,0,0,9750,0,378402
91,70,0,0,10950,0,0,0,0,0,9750,0,0,0,0,0,0,10950,417237
91,71,0,0,10950,0,0,0,0,0,9750,0,0,0,0,0,0,10950,417237
91,72,0,0,10950,0,0,0,0,0,9750,0,0,0,0,0,0,10950,417237
91,73,0,0,10950,0,0,0,0,0,0,10950,0,0,0,0,8250,0,374434
91,74,0,0,10950,0,0,0,0,0,0,10950,0,0,0,0,8250,0,374434
91,75,0,0,10950,0,0,0,0,0,0,10950,0,0,0,0,8250,0,374434
91,76,0,0,10950,0,0,0,0,0,0,10950,0,0,0,0,0,9750,419889
91,77,0,0,10950,0,0,0,0,0,0,10950,0,0,0,0,0,9750,419889
91,78,0,0,10950,0,0,0,0,0,0,10950,0,0,0,0,0,9750,419889
91,79,0,0,10950,0,0,0,0,0,0,10950,0,0,0,0,0,0,484411
91,80,0,0,10950,0,0,0,0,0,0,10950,0,0,0,0,0,0,484411
91,81,0,0,10950,0,0,0,0,0,0,10950,0,0,0,0,0,0,484411
92,1,10506,0,0,0,0,10506,0,0,0,0,10506,0,0,0,0,10506,582549
92,2,10506,0,0,0,0,10506,0,0,0,0,10506,0,0,0,0,0,651575
92,3,10506,0,0,0,0,10506,0,0,0,0,10506,0,0,0,0,0,651575
92,4,10506,0,0,0,0,10506,0,0,0,0,0,11934,0,0,0,0,653005
92,5,10506,0,0,0,0,10506,0,0,0,0,0,11934,0,0,0,0,653005
92,6,10506,0,0,0,0,10506,0,0,0,0,0,11934,0,0,0,0,653005
92,7,10506,0,0,0,0,10506,0,0,0,0,0,0,13056,0,0,0,537412
92,8,10506,0,0,0,0,10506,0,0,0,0,0,0,13056,0,0,0,537412
92,9,10506,0,0,0,0,10506,0,0,0,0,0,0,13056,0,0,0,537412
92,10,10506,0,0,0,0,0,11934,0,0,0,0,10506,0,0,0,0,655108
92,11,10506,0,0,0,0,0,11934,0,0,0,0,10506,0,0,0,0,655108
92,12,10506,0,0,0,0,0,11934,0,0,0,0,10506,0,0,0,0,655108
92,13,10506,0,0,0,0,0,11934,0,0,0,0,0,11934,0,0,0,547859
92,14,10506,0,0,0,0,0,11934,0,0,0,0,0,11934,0,0,0,547859
92,15,10506,0,0,0,0,0,11934,0,0,0,0,0,11934,0,0,0,547859
92,16,10506,0,0,0,0,0,11934,0,0,0,0,0,0,13056,0,0,533772
92,17,10506,0,0,0,0,0,11934,0,0,0,0,0,0,13056,0,0,533772
92,18,10506,0,0,0,0,0,11934,0,0,0,0,0,0,13056,0,0,533772
92,19,10506,0,0,0,0,0,0,13056,0,0,0,0,10506,0,0,0,537546
92,20,10506,0,0,0,0,0,0,13056,0,0,0,0,10506,0,0,0,537546
92,21,10506,0,0,0,0,0,0,13056,0,0,0,0,10506,0,0,0,537546
92,22,10506,0,0,0,0,0,0,13056,0,0,0,0,0,11934,0,0,531185
92,23,10506,0,0,0,0,0,0,13056,0,0,0,0,0,11934,0,0,531185
92,24,10506,0,0,0,0,0,0,13056,0,0,0,0,0,11934,0,0,531185
92,25,10506,0,0,0,0,0,0,13056,0,0,0,0,0,0,13056,0,541121
92,26,10506,0,0,0,0,0,0,13056,0,0,0,0,0,0,13056,0,541121
92,27,10506,0,0,0,0,0,0,13056,0,0,0,0,0,0,13056,0,541121
92,28,0,11934,0,0,0,0,10506,0,0,0,0,10506,0,0,0,0,658200
92,29,0,11934,0,0,0,0,10506,0,0,0,0,10506,0,0,0,0,658200
92,30,0,11934,0,0,0,0,10506,0,0,0,0,10506,0,0,0,0,658200
92,31,0,11934,0,0,0,0,10506,0,0,0,0,0,11934,0,0,0,550951
92,32,0,11934,0,0,0,0,10506,0,0,0,0,0,11934,0,0,0,550951
92,33,0,11934,0,0,0,0,10506,0,0,0,0,0,11934,0,0,0,550951
92,34,0,11934,0,0,0,0,10506,0,0,0,0,0,0,13056,0,0,536864
92,35,0,11934,0,0,0,0,10506,0,0,0,0,0,0,13056,0,0,536864
92,36,0,11934,0,0,0,0,10506,0,0,0,0,0,0,13056,0,0,536864
92,37,0,11934,0,0,0,0,0,11934,0,0,0,0,10506,0,0,0,552898
92,38,0,11934,0,0,0,0,0,11934,0,0,0,0,10506,0,0,0,552898
92,39,0,11934,0,0,0,0,0,11934,0,0,0,0,10506,0,0,0,552898
92,40,0,11934,0,0,0,0,0,11934,0,0,0,0,0,11934,0,0,546537
92,41,0,11934,0,0,0,0,0,11934,0,0,0,0,0,11934,0,0,546537
92,42,0,11934,0,0,0,0,0,11934,0,0,0,0,0,11934,0,0,546537
92,43,0,11934,0,0,0,0,0,11934,0,0,0,0,0,0,13056,0,556473
92,44,0,11934,0,0,0,0,0,11934,0,0,0,0,0,0,13056,0,556473
92,45,0,11934,0,0,0,0,0,11934,0,0,0,0,0,0,13056,0,556473
92,46,0,11934,0,0,0,0,0,0,13056,0,0,0,0,10506,0,0,536990
92,47,0,11934,0,0,0,0,0,0,13056,0,0,0,0,10506,0,0,536990
92,48,0,11934,0,0,0,0,0,0,13056,0,0,0,0,10506,0,0,536990
92,49,0,11934,0,0,0,0,0,0,13056,0,0,0,0,0,11934,0,554080
92,50,0,11934,0,0,0,0,0,0,13056,0,0,0,0,0,11934,0,554080
92,51,0,11934,0,0,0,0,0,0,13056,0,0,0,0,0,11934,0,554080
92,52,0,11934,0,0,0,0,0,0,13056,0,0,0,0,0,0,13056,592851
92,53,0,11934,0,0,0,0,0,0,13056,0,0,0,0,0,0,13056,592851
92,54,0,11934,0,0,0,0,0,0,13056,0,0,0,0,0,0,13056,592851
92,55,0,0,13056,0,0,0,0,10506,0,0,0,0,10506,0,0,0,537747
92,56,0,0,13056,0,0,0,0,10506,0,0,0,0,10506,0,0,0,537747
92,57,0,0,13056,0,0,0,0,10506,0,0,0,0,10506,0,0,0,537747
92,58,0,0,13056,0,0,0,0,10506,0,0,0,0,0,11934,0,0,531386
92,59,0,0,13056,0,0,0,0,10506,0,0,0,0,0,11934,0,0,531386
92,60,0,0,13056,0,0,0,0,10506,0,0,0,0,0,11934,0,0,531386
92,61,0,0,13056,0,0,0,0,10506,0,0,0,0,0,0,13056,0,541322
92,62,0,0,13056,0,0,0,0,10506,0,0,0,0,0,0,13056,0,541322
92,63,0,0,13056,0,0,0,0,10506,0,0,0,0,0,0,13056,0,541322
92,64,0,0,13056,0,0,0,0,0,11934,0,0,0,0,10506,0,0,533191
92,65,0,0,13056,0,0,0,0,0,11934,0,0,0,0,10506,0,0,533191
92,66,0,0,13056,0,0,0,0,0,11934,0,0,0,0,10506,0,0,533191
92,67,0,0,13056,0,0,0,0,0,11934,0,0,0,0,0,11934,0,550281
92,68,0,0,13056,0,0,0,0,0,11934,0,0,0,0,0,11934,0,550281
92,69,0,0,13056,0,0,0,0,0,11934,0,0,0,0,0,11934,0,550281
92,70,0,0,13056,0,0,0,0,0,11934,0,0,0,0,0,0,13056,589052
92,71,0,0,13056,0,0,0,0,0,11934,0,0,0,0,0,0,13056,589052
92,72,0,0,13056,0,0,0,0,0,11934,0,0,0,0,0,0,13056,589052
92,73,0,0,13056,0,0,0,0,0,0,13056,0,0,0,0,10506,0,541440
92,74,0,0,13056,0,0,0,0,0,0,13056,0,0,0,0,10506,0,541440
92,75,0,0,13056,0,0,0,0,0,0,13056,0,0,0,0,10506,0,541440
92,76,0,0,13056,0,0,0,0,0,0,13056,0,0,0,0,0,11934,586835
92,77,0,0,13056,0,0,0,0,0,0,13056,0,0,0,0,0,11934,586835
92,78,0,0,13056,0,0,0,0,0,0,13056,0,0,0,0,0,11934,586835
92,79,0,0,13056,0,0,0,0,0,0,13056,0,0,0,0,0,0,649728
92,80,0,0,13056,0,0,0,0,0,0,13056,0,0,0,0,0,0,649728
92,81,0,0,13056,0,0,0,0,0,0,13056,0,0,0,0,0,0,649728
93,1,10251,0,0,0,0,10251,0,0,0,0,10251,0,0,0,0,10251,551344
93,2,10251,0,0,0,0,10251,0,0,0,0,10251,0,0,0,0,0,620520
93,3,10251,0,0,0,0,10251,0,0,0,0,10251,0,0,0,0,0,620520
93,4,10251,0,0,0,0,10251,0,0,0,0,0,11679,0,0,0,0,622388
93,5,10251,0,0,0,0,10251,0,0,0,0,0,11679,0,0,0,0,622388
93,6,10251,0,0,0,0,10251,0,0,0,0,0,11679,0,0,0,0,622388
93,7,10251,0,0,0,0,10251,0,0,0,0,0,0,12852,0,0,0,511041
93,8,10251,0,0,0,0,10251,0,0,0,0,0,0,12852,0,0,0,511041
93,9,10251,0,0,0,0,10251,0,0,0,0,0,0,12852,0,0,0,511041
93,10,10251,0,0,0,0,0,11679,0,0,0,0,10251,0,0,0,0,625133
93,11,10251,0,0,0,0,0,11679,0,0,0,0,10251,0,0,0,0,625133
93,12,10251,0,0,0,0,0,11679,0,0,0,0,10251,0,0,0,0,625133
93,13,10251,0,0,0,0,0,11679,0,0,0,0,0,11679,0,0,0,521118
93,14,10251,0,0,0,0,0,11679,0,0,0,0,0,11679,0,0,0,521118
93,15,10251,0,0,0,0,0,11679,0,0,0,0,0,11679,0,0,0,521118
93,16,10251,0,0,0,0,0,11679,0,0,0,0,0,0,12852,0,0,509236
93,17,10251,0,0,0,0,0,11679,0,0,0,0,0,0,12852,0,0,509236
93,18,10251,0,0,0,0,0,11679,0,0,0,0,0,0,12852,0,0,509236
93,19,10251,0,0,0,0,0,0,12852,0,0,0,0,10251,0,0,0,512889
93,20,10251,0,0,0,0,0,0,12852,0,0,0,0,10251,0,0,0,512889
93,21,10251,0,0,0,0,0,0,12852,0,0,0,0,10251,0,0,0,512889
93,22,10251,0,0,0,0,0,0,12852,0,0,0,0,0,11679,0,0,507796
93,23,10251,0,0,0,0,0,0,12852,0,0,0,0,0,11679,0,0,507796
93,24,10251,0,0,0,0,0,0,12852,0,0,0,0,0,11679,0,0,507796
93,25,10251,0,0,0,0,0,0,12852,0,0,0,0,0,0,12852,0,519542
93,26,10251,0,0,0,0,0,0,12852,0,0,0,0,0,0,12852,0,519542
93,27,10251,0,0,0,0,0,0,12852,0,0,0,0,0,0,12852,0,519542
93,28,0,11679,0,0,0,0,10251,0,0,0,0,10251,0,0,0,0,629169
93,29,0,11679,0,0,0,0,10251,0,0,0,0,10251,0,0,0,0,629169
93,30,0,11679,0,0,0,0,10251,0,0,0,0,10251,0,0,0,0,629169
93,31,0,11679,0,0,0,0,10251,0,0,0,0,0,11679,0,0,0,525154
93,32,0,11679,0,0,0,0,10251,0,0,0,0,0,11679,0,0,0,525154
93,33,0,11679,0,0,0,0,10251,0,0,0,0,0,11679,0,0,0,525154
93,34,0,11679,0,0,0,0,10251,0,0,0,0,0,0,12852,0,0,513272
93,35,0,11679,0,0,0,0,10251,0,0,0,0,0,0,12852,0,0,513272
93,36,0,11679,0,0,0,0,10251,0,0,0,0,0,0,12852,0,0,513272
93,37,0,11679,0,0,0,0,0,11679,0,0,0,0,10251,0,0,0,527697
93,38,0,11679,0,0,0,0,0,11679,0,0,0,0,10251,0,0,0,527697
93,39,0,11679,0,0,0,0,0,11679,0,0,0,0,10251,0,0,0,527697
93,40,0,11679,0,0,0,0,0,11679,0,0,0,0,0,11679,0,0,522604
93,41,0,11679,0,0,0,0,0,11679,0,0,0,0,0,11679,0,0,522604
93,42,0,11679,0,0,0,0,0,11679,0,0,0,0,0,11679,0,0,522604
93,43,0,11679,0,0,0,0,0,11679,0,0,0,0,0,0,12852,0,534350
93,44,0,11679,0,0,0,0,0,11679,0,0,0,0,0,0,12852,0,534350
93,45,0,11679,0,0,0,0,0,11679,0,0,0,0,0,0,12852,0,534350
93,46,0,11679,0,0,0,0,0,0,12852,0,0,0,0,10251,0,0,514986
93,47,0,11679,0,0,0,0,0,0,12852,0,0,0,0,10251,0,0,514986
93,48,0,11679,0,0,0,0,0,0,12852,0,0,0,0,10251,0,0,514986
93,49,0,11679,0,0,0,0,0,0,12852,0,0,0,0,0,11679,0,533018
93,50,0,11679,0,0,0,0,0,0,12852,0,0,0,0,0,11679,0,533018
93,51,0,11679,0,0,0,0,0,0,12852,0,0,0,0,0,11679,0,533018
93,52,0,11679,0,0,0,0,0,0,12852,0,0,0,0,0,0,12852,572469
93,53,0,11679,0,0,0,0,0,0,12852,0,0,0,0,0,0,12852,572469
93,54,0,11679,0,0,0,0,0,0,12852,0,0,0,0,0,0,12852,572469
93,55,0,0,12852,0,0,0,0,10251,0,0,0,0,10251,0,0,0,515607
93,56,0,0,12852,0,0,0,0,10251,0,0,0,0,10251,0,0,0,515607
93,57,0,0,12852,0,0,0,0,10251,0,0,0,0,10251,0,0,0,515607
93,58,0,0,12852,0,0,0,0,10251,0,0,0,0,0,11679,0,0,510514
93,59,0,0,12852,0,0,0,0,10251,0,0,0,0,0,11679,0,0,510514
93,60,0,0,12852,0,0,0,0,10251,0,0,0,0,0,11679,0,0,510514
93,61,0,0,12852,0,0,0,0,10251,0,0,0,0,0,0,12852,0,522260
93,62,0,0,12852,0,0,0,0,10251,0,0,0,0,0,0,12852,0,522260
93,63,0,0,12852,0,0,0,0,10251,0,0,0,0,0,0,12852,0,522260
93,64,0,0,12852,0,0,0,0,0,11679,0,0,0,0,10251,0,0,512870
93,65,0,0,12852,0,0,0,0,0,11679,0,0,0,0,10251,0,0,512870
93,66,0,0,12852,0,0,0,0,0,11679,0,0,0,0,10251,0,0,512870
93,67,0,0,12852,0,0,0,0,0,11679,0,0,0,0,0,11679,0,530902
93,68,0,0,12852,0,0,0,0,0,11679,0,0,0,0,0,11679,0,530902
93,69,0,0,12852,0,0,0,0,0,11679,0,0,0,0,0,11679,0,530902
93,70,0,0,12852,0,0,0,0,0,11679,0,0,0,0,0,0,12852,570353
93,71,0,0,12852,0,0,0,0,0,11679,0,0,0,0,0,0,12852,570353
93,72,0,0,12852,0,0,0,0,0,11679,0,0,0,0,0,0,12852,570353
93,73,0,0,12852,0,0,0,0,0,0,12852,0,0,0,0,10251,0,523847
93,74,0,0,12852,0,0,0,0,0,0,12852,0,0,0,0,10251,0,523847
93,75,0,0,12852,0,0,0,0,0,0,12852,0,0,0,0,10251,0,523847
93,76,0,0,12852,0,0,0,0,0,0,12852,0,0,0,0,0,11679,569118
93,77,0,0,12852,0,0,0,0,0,0,12852,0,0,0,0,0,11679,569118
93,78,0,0,12852,0,0,0,0,0,0,12852,0,0,0,0,0,11679,569118
93,79,0,0,12852,0,0,0,0,0,0,12852,0,0,0,0,0,0,632904
93,80,0,0,12852,0,0,0,0,0,0,12852,0,0,0,0,0,0,632904
93,81,0,0,12852,0,0,0,0,0,0,12852,0,0,0,0,0,0,632904
94,1,6650,0,0,0,0,6650,0,0,0,0,6650,0,0,0,0,6650,331242
94,2,6650,0,0,0,0,6650,0,0,0,0,6650,0,0,0,0,0,379472
94,3,6650,0,0,0,0,6650,0,0,0,0,6650,0,0,0,0,0,379472
94,4,6650,0,0,0,0,6650,0,0,0,0,0,7665,0,0,0,0,381656
94,5,6650,0,0,0,0,6650,0,0,0,0,0,7665,0,0,0,0,381656
94,6,6650,0,0,0,0,6650,0,0,0,0,0,7665,0,0,0,0,381656
94,7,6650,0,0,0,0,6650,0,0,0,0,0,0,8470,0,0,0,310291
94,8,6650,0,0,0,0,6650,0,0,0,0,0,0,8470,0,0,0,310291
94,9,6650,0,0,0,0,6650,0,0,0,0,0,0,8470,0,0,0,310291
94,10,6650,0,0,0,0,0,7665,0,0,0,0,6650,0,0,0,0,384863
94,11,6650,0,0,0,0,0,7665,0,0,0,0,6650,0,0,0,0,384863
94,12,6650,0,0,0,0,0,7665,0,0,0,0,6650,0,0,0,0,384863
94,13,6650,0,0,0,0,0,7665,0,0,0,0,0,7665,0,0,0,319280
94,14,6650,0,0,0,0,0,7665,0,0,0,0,0,7665,0,0,0,319280
94,15,6650,0,0,0,0,0,7665,0,0,0,0,0,7665,0,0,0,319280
94,16,6650,0,0,0,0,0,7665,0,0,0,0,0,0,8470,0,0,312765
94,17,6650,0,0,0,0,0,7665,0,0,0,0,0,0,8470,0,0,312765
94,18,6650,0,0,0,0,0,7665,0,0,0,0,0,0,8470,0,0,312765
94,19,6650,0,0,0,0,0,0,8470,0,0,0,0,6650,0,0,0,313755
94,20,6650,0,0,0,0,0,0,8470,0,0,0,0,6650,0,0,0,313755
94,21,6650,0,0,0,0,0,0,8470,0,0,0,0,6650,0,0,0,313755
94,22,6650,0,0,0,0,0,0,8470,0,0,0,0,0,7665,0,0,312593
94,23,6650,0,0,0,0,0,0,8470,0,0,0,0,0,7665,0,0,312593
94,24,6650,0,0,0,0,0,0,8470,0,0,0,0,0,7665,0,0,312593
94,25,6650,0,0,0,0,0,0,8470,0,0,0,0,0,0,8470,0,321947
94,26,6650,0,0,0,0,0,0,8470,0,0,0,0,0,0,8470,0,321947
94,27,6650,0,0,0,0,0,0,8470,0,0,0,0,0,0,8470,0,321947
94,28,0,7665,0,0,0,0,6650,0,0,0,0,6650,0,0,0,0,389577
94,29,0,7665,0,0,0,0,6650,0,0,0,0,6650,0,0,0,0,389577
94,30,0,7665,0,0,0,0,6650,0,0,0,0,6650,0,0,0,0,389577
94,31,0,7665,0,0,0,0,6650,0,0,0,0,0,7665,0,0,0,323994
94,32,0,7665,0,0,0,0,6650,0,0,0,0,0,7665,0,0,0,323994
94,33,0,7665,0,0,0,0,6650,0,0,0,0,0,7665,0,0,0,323994
94,34,0,7665,0,0,0,0,6650,0,0,0,0,0,0,8470,0,0,317479
94,35,0,7665,0,0,0,0,6650,0,0,0,0,0,0,8470,0,0,317479
94,36,0,7665,0,0,0,0,6650,0,0,0,0,0,0,8470,0,0,317479
94,37,0,7665,0,0,0,0,0,7665,0,0,0,0,6650,0,0,0,326964
94,38,0,7665,0,0,0,0,0,7665,0,0,0,0,6650,0,0,0,326964
94,39,0,7665,0,0,0,0,0,7665,0,0,0,0,6650,0,0,0,326964
94,40,0,7665,0,0,0,0,0,7665,0,0,0,0,0,7665,0,0,325802
94,41,0,7665,0,0,0,0,0,7665,0,0,0,0,0,7665,0,0,325802
94,42,0,7665,0,0,0,0,0,7665,0,0,0,0,0,7665,0,0,325802
94,43,0,7665,0,0,0,0,0,7665,0,0,0,0,0,0,8470,0,335156
94,44,0,7665,0,0,0,0,0,7665,0,0,0,0,0,0,8470,0,335156
94,45,0,7665,0,0,0,0,0,7665,0,0,0,0,0,0,8470,0,335156
94,46,0,7665,0,0,0,0,0,0,8470,0,0,0,0,6650,0,0,320689
94,47,0,7665,0,0,0,0,0,0,8470,0,0,0,0,6650,0,0,320689
94,48,0,7665,0,0,0,0,0,0,8470,0,0,0,0,6650,0,0,320689
94,49,0,7665,0,0,0,0,0,0,8470,0,0,0,0,0,7665,0,335000
94,50,0,7665,0,0,0,0,0,0,8470,0,0,0,0,0,7665,0,335000
94,51,0,7665,0,0,0,0,0,0,8470,0,0,0,0,0,7665,0,335000
94,52,0,7665,0,0,0,0,0,0,8470,0,0,0,0,0,0,8470,361902
94,53,0,7665,0,0,0,0,0,0,8470,0,0,0,0,0,0,8470,361902
94,54,0,7665,0,0,0,0,0,0,8470,0,0,0,0,0,0,8470,361902
94,55,0,0,8470,0,0,0,0,6650,0,0,0,0,6650,0,0,0,318844
94,56,0,0,8470,0,0,0,0,6650,0,0,0,0,6650,0,0,0,318844
94,57,0,0,8470,0,0,0,0,6650,0,0,0,0,6650,0,0,0,318844
94,58,0,0,8470,0,0,0,0,6650,0,0,0,0,0,7665,0,0,317682
94,59,0,0,8470,0,0,0,0,6650,0,0,0,0,0,7665,0,0,317682
94,60,0,0,8470,0,0,0,0,6650,0,0,0,0,0,7665,0,0,317682
94,61,0,0,8470,0,0,0,0,6650,0,0,0,0,0,0,8470,0,327036
94,62,0,0,8470,0,0,0,0,6650,0,0,0,0,0,0,8470,0,327036
94,63,0,0,8470,0,0,0,0,6650,0,0,0,0,0,0,8470,0,327036
94,64,0,0,8470,0,0,0,0,0,7665,0,0,0,0,6650,0,0,320435
94,65,0,0,8470,0,0,0,0,0,7665,0,0,0,0,6650,0,0,320435
94,66,0,0,8470,0,0,0,0,0,7665,0,0,0,0,6650,0,0,320435
94,67,0,0,8470,0,0,0,0,0,7665,0,0,0,0,0,7665,0,334746
94,68,0,0,8470,0,0,0,0,0,7665,0,0,0,0,0,7665,0,334746
94,69,0,0,8470,0,0,0,0,0,7665,0,0,0,0,0,7665,0,334746
94,70,0,0,8470,0,0,0,0,0,7665,0,0,0,0,0,0,8470,361648
94,71,0,0,8470,0,0,0,0,0,7665,0,0,0,0,0,0,8470,361648
94,72,0,0,8470,0,0,0,0,0,7665,0,0,0,0,0,0,8470,361648
94,73,0,0,8470,0,0,0,0,0,0,8470,0,0,0,0,6650,0,330008
94,74,0,0,8470,0,0,0,0,0,0,8470,0,0,0,0,6650,0,330008
94,75,0,0,8470,0,0,0,0,0,0,8470,0,0,0,0,6650,0,330008
94,76,0,0,8470,0,0,0,0,0,0,8470,0,0,0,0,0,7665,361500
94,77,0,0,8470,0,0,0,0,0,0,8470,0,0,0,0,0,7665,361500
94,78,0,0,8470,0,0,0,0,0,0,8470,0,0,0,0,0,7665,361500
94,79,0,0,8470,0,0,0,0,0,0,8470,0,0,0,0,0,0,405480
94,80,0,0,8470,0,0,0,0,0,0,8470,0,0,0,0,0,0,405480
94,81,0,0,8470,0,0,0,0,0,0,8470,0,0,0,0,0,0,405480
95,1,6468,0,0,0,0,6468,0,0,0,0,6468,0,0,0,0,6468,336567
95,2,6468,0,0,0,0,6468,0,0,0,0,6468,0,0,0,0,0,381424
95,3,6468,0,0,0,0,6468,0,0,0,0,6468,0,0,0,0,0,381424
95,4,6468,0,0,0,0,6468,0,0,0,0,0,7392,0,0,0,0,382916
95,5,6468,0,0,0,0,6468,0,0,0,0,0,7392,0,0,0,0,382916
95,6,6468,0,0,0,0,6468,0,0,0,0,0,7392,0,0,0,0,382916
95,7,6468,0,0,0,0,6468,0,0,0,0,0,0,8151,0,0,0,313055
95,8,6468,0,0,0,0,6468,0,0,0,0,0,0,8151,0,0,0,313055
95,9,6468,0,0,0,0,6468,0,0,0,0,0,0,8151,0,0,0,313055
95,10,6468,0,0,0,0,0,7392,0,0,0,0,6468,0,0,0,0,385110
95,11,6468,0,0,0,0,0,7392,0,0,0,0,6468,0,0,0,0,385110
95,12,6468,0,0,0,0,0,7392,0,0,0,0,6468,0,0,0,0,385110
95,13,6468,0,0,0,0,0,7392,0,0,0,0,0,7392,0,0,0,319993
95,14,6468,0,0,0,0,0,7392,0,0,0,0,0,7392,0,0,0,319993
95,15,6468,0,0,0,0,0,7392,0,0,0,0,0,7392,0,0,0,319993
95,16,6468,0,0,0,0,0,7392,0,0,0,0,0,0,8151,0,0,313030
95,17,6468,0,0,0,0,0,7392,0,0,0,0,0,0,8151,0,0,313030
95,18,6468,0,0,0,0,0,7392,0,0,0,0,0,0,8151,0,0,313030
95,19,6468,0,0,0,0,0,0,8151,0,0,0,0,6468,0,0,0,315053
95,20,6468,0,0,0,0,0,0,8151,0,0,0,0,6468,0,0,0,315053
95,21,6468,0,0,0,0,0,0,8151,0,0,0,0,6468,0,0,0,315053
95,22,6468,0,0,0,0,0,0,8151,0,0,0,0,0,7392,0,0,312483
95,23,6468,0,0,0,0,0,0,8151,0,0,0,0,0,7392,0,0,312483
95,24,6468,0,0,0,0,0,0,8151,0,0,0,0,0,7392,0,0,312483
95,25,6468,0,0,0,0,0,0,8151,0,0,0,0,0,0,8151,0,320694
95,26,6468,0,0,0,0,0,0,8151,0,0,0,0,0,0,8151,0,320694
95,27,6468,0,0,0,0,0,0,8151,0,0,0,0,0,0,8151,0,320694
95,28,0,7392,0,0,0,0,6468,0,0,0,0,6468,0,0,0,0,388333
95,29,0,7392,0,0,0,0,6468,0,0,0,0,6468,0,0,0,0,388333
95,30,0,7392,0,0,0,0,6468,0,0,0,0,6468,0,0,0,0,388333
95,31,0,7392,0,0,0,0,6468,0,0,0,0,0,7392,0,0,0,323216
95,32,0,7392,0,0,0,0,6468,0,0,0,0,0,7392,0,0,0,323216
95,33,0,7392,0,0,0,0,6468,0,0,0,0,0,7392,0,0,0,323216
95,34,0,7392,0,0,0,0,6468,0,0,0,0,0,0,8151,0,0,316253
95,35,0,7392,0,0,0,0,6468,0,0,0,0,0,0,8151,0,0,316253
95,36,0,7392,0,0,0,0,6468,0,0,0,0,0,0,8151,0,0,316253
95,37,0,7392,0,0,0,0,0,7392,0,0,0,0,6468,0,0,0,325247
95,38,0,7392,0,0,0,0,0,7392,0,0,0,0,6468,0,0,0,325247
95,39,0,7392,0,0,0,0,0,7392,0,0,0,0,6468,0,0,0,325247
95,40,0,7392,0,0,0,0,0,7392,0,0,0,0,0,7392,0,0,322677
95,41,0,7392,0,0,0,0,0,7392,0,0,0,0,0,7392,0,0,322677
95,42,0,7392,0,0,0,0,0,7392,0,0,0,0,0,7392,0,0,322677
95,43,0,7392,0,0,0,0,0,7392,0,0,0,0,0,0,8151,0,330888
95,44,0,7392,0,0,0,0,0,7392,0,0,0,0,0,0,8151,0,330888
95,45,0,7392,0,0,0,0,0,7392,0,0,0,0,0,0,8151,0,330888
95,46,0,7392,0,0,0,0,0,0,8151,0,0,0,0,6468,0,0,318105
95,47,0,7392,0,0,0,0,0,0,8151,0,0,0,0,6468,0,0,318105
95,48,0,7392,0,0,0,0,0,0,8151,0,0,0,0,6468,0,0,318105
95,49,0,7392,0,0,0,0,0,0,8151,0,0,0,0,0,7392,0,330383
95,50,0,7392,0,0,0,0,0,0,8151,0,0,0,0,0,7392,0,330383
95,51,0,7392,0,0,0,0,0,0,8151,0,0,0,0,0,7392,0,330383
95,52,0,7392,0,0,0,0,0,0,8151,0,0,0,0,0,0,8151,355828
95,53,0,7392,0,0,0,0,0,0,8151,0,0,0,0,0,0,8151,355828
95,54,0,7392,0,0,0,0,0,0,8151,0,0,0,0,0,0,8151,355828
95,55,0,0,8151,0,0,0,0,6468,0,0,0,0,6468,0,0,0,317988
95,56,0,0,8151,0,0,0,0,6468,0,0,0,0,6468,0,0,0,317988
95,57,0,0,8151,0,0,0,0,6468,0,0,0,0,6468,0,0,0,317988
95,58,0,0,8151,0,0,0,0,6468,0,0,0,0,0,7392,0,0,315418
95,59,0,0,8151,0,0,0,0,6468,0,0,0,0,0,7392,0,0,315418
95,60,0,0,8151,0,0,0,0,6468,0,0,0,0,0,7392,0,0,315418
95,61,0,0,8151,0,0,0,0,6468,0,0,0,0,0,0,8151,0,323629
95,62,0,0,8151,0,0,0,0,6468,0,0,0,0,0,0,8151,0,323629
95,63,0,0,8151,0,0,0,0,6468,0,0,0,0,0,0,8151,0,323629
95,64,0,0,8151,0,0,0,0,0,7392,0,0,0,0,6468,0,0,317300
95,65,0,0,8151,0,0,0,0,0,7392,0,0,0,0,6468,0,0,317300
95,66,0,0,8151,0,0,0,0,0,7392,0,0,0,0,6468,0,0,317300
95,67,0,0,8151,0,0,0,0,0,7392,0,0,0,0,0,7392,0,329578
95,68,0,0,8151,0,0,0,0,0,7392,0,0,0,0,0,7392,0,329578
95,69,0,0,8151,0,0,0,0,0,7392,0,0,0,0,0,7392,0,329578
95,70,0,0,8151,0,0,0,0,0,7392,0,0,0,0,0,0,8151,355023
95,71,0,0,8151,0,0,0,0,0,7392,0,0,0,0,0,0,8151,355023
95,72,0,0,8151,0,0,0,0,0,7392,0,0,0,0,0,0,8151,355023
95,73,0,0,8151,0,0,0,0,0,0,8151,0,0,0,0,6468,0,325340
95,74,0,0,8151,0,0,0,0,0,0,8151,0,0,0,0,6468,0,325340
95,75,0,0,8151,0,0,0,0,0,0,8151,0,0,0,0,6468,0,325340
95,76,0,0,8151,0,0,0,0,0,0,8151,0,0,0,0,0,7392,354552
95,77,0,0,8151,0,0,0,0,0,0,8151,0,0,0,0,0,7392,354552
95,78,0,0,8151,0,0,0,0,0,0,8151,0,0,0,0,0,7392,354552
95,79,0,0,8151,0,0,0,0,0,0,8151,0,0,0,0,0,0,395922
95,80,0,0,8151,0,0,0,0,0,0,8151,0,0,0,0,0,0,395922
95,81,0,0,8151,0,0,0,0,0,0,8151,0,0,0,0,0,0,395922
96,1,7839,0,0,0,0,7839,0,0,0,0,7839,0,0,0,0,7839,421620
96,2,7839,0,0,0,0,7839,0,0,0,0,7839,0,0,0,0,0,474520
96,3,7839,0,0,0,0,7839,0,0,0,0,7839,0,0,0,0,0,474520
96,4,7839,0,0,0,0,7839,0,0,0,0,0,8931,0,0,0,0,475948
96,5,7839,0,0,0,0,7839,0,0,0,0,0,8931,0,0,0,0,475948
96,6,7839,0,0,0,0,7839,0,0,0,0,0,8931,0,0,0,0,475948
96,7,7839,0,0,0,0,7839,0,0,0,0,0,0,9828,0,0,0,390798
96,8,7839,0,0,0,0,7839,0,0,0,0,0,0,9828,0,0,0,390798
96,9,7839,0,0,0,0,7839,0,0,0,0,0,0,9828,0,0,0,390798
96,10,7839,0,0,0,0,0,8931,0,0,0,0,7839,0,0,0,0,478049
96,11,7839,0,0,0,0,0,8931,0,0,0,0,7839,0,0,0,0,478049
96,12,7839,0,0,0,0,0,8931,0,0,0,0,7839,0,0,0,0,478049
96,13,7839,0,0,0,0,0,8931,0,0,0,0,0,8931,0,0,0,398506
96,14,7839,0,0,0,0,0,8931,0,0,0,0,0,8931,0,0,0,398506
96,15,7839,0,0,0,0,0,8931,0,0,0,0,0,8931,0,0,0,398506
96,16,7839,0,0,0,0,0,8931,0,0,0,0,0,0,9828,0,0,389421
96,17,7839,0,0,0,0,0,8931,0,0,0,0,0,0,9828,0,0,389421
96,18,7839,0,0,0,0,0,8931,0,0,0,0,0,0,9828,0,0,389421
96,19,7839,0,0,0,0,0,0,9828,0,0,0,0,7839,0,0,0,392212
96,20,7839,0,0,0,0,0,0,9828,0,0,0,0,7839,0,0,0,392212
96,21,7839,0,0,0,0,0,0,9828,0,0,0,0,7839,0,0,0,392212
96,22,7839,0,0,0,0,0,0,9828,0,0,0,0,0,8931,0,0,388319
96,23,7839,0,0,0,0,0,0,9828,0,0,0,0,0,8931,0,0,388319
96,24,7839,0,0,0,0,0,0,9828,0,0,0,0,0,8931,0,0,388319
96,25,7839,0,0,0,0,0,0,9828,0,0,0,0,0,0,9828,0,397303
96,26,7839,0,0,0,0,0,0,9828,0,0,0,0,0,0,9828,0,397303
96,27,7839,0,0,0,0,0,0,9828,0,0,0,0,0,0,9828,0,397303
96,28,0,8931,0,0,0,0,7839,0,0,0,0,7839,0,0,0,0,481137
96,29,0,8931,0,0,0,0,7839,0,0,0,0,7839,0,0,0,0,481137
96,30,0,8931,0,0,0,0,7839,0,0,0,0,7839,0,0,0,0,481137
96,31,0,8931,0,0,0,0,7839,0,0,0,0,0,8931,0,0,0,401594
96,32,0,8931,0,0,0,0,7839,0,0,0,0,0,8931,0,0,0,401594
96,33,0,8931,0,0,0,0,7839,0,0,0,0,0,8931,0,0,0,401594
96,34,0,8931,0,0,0,0,7839,0,0,0,0,0,0,9828,0,0,392509
96,35,0,8931,0,0,0,0,7839,0,0,0,0,0,0,9828,0,0,392509
96,36,0,8931,0,0,0,0,7839,0,0,0,0,0,0,9828,0,0,392509
96,37,0,8931,0,0,0,0,0,8931,0,0,0,0,7839,0,0,0,403538
96,38,0,8931,0,0,0,0,0,8931,0,0,0,0,7839,0,0,0,403538
96,39,0,8931,0,0,0,0,0,8931,0,0,0,0,7839,0,0,0,403538
96,40,0,8931,0,0,0,0,0,8931,0,0,0,0,0,8931,0,0,399645
96,41,0,8931,0,0,0,0,0,8931,0,0,0,0,0,8931,0,0,399645
96,42,0,8931,0,0,0,0,0,8931,0,0,0,0,0,8931,0,0,399645
96,43,0,8931,0,0,0,0,0,8931,0,0,0,0,0,0,9828,0,408629
96,44,0,8931,0,0,0,0,0,8931,0,0,0,0,0,0,9828,0,408629
96,45,0,8931,0,0,0,0,0,8931,0,0,0,0,0,0,9828,0,408629
96,46,0,8931,0,0,0,0,0,0,9828,0,0,0,0,7839,0,0,393820
96,47,0,8931,0,0,0,0,0,0,9828,0,0,0,0,7839,0,0,393820
96,48,0,8931,0,0,0,0,0,0,9828,0,0,0,0,7839,0,0,393820
96,49,0,8931,0,0,0,0,0,0,9828,0,0,0,0,0,8931,0,407610
96,50,0,8931,0,0,0,0,0,0,9828,0,0,0,0,0,8931,0,407610
96,51,0,8931,0,0,0,0,0,0,9828,0,0,0,0,0,8931,0,407610
96,52,0,8931,0,0,0,0,0,0,9828,0,0,0,0,0,0,9828,437777
96,53,0,8931,0,0,0,0,0,0,9828,0,0,0,0,0,0,9828,437777
96,54,0,8931,0,0,0,0,0,0,9828,0,0,0,0,0,0,9828,437777
96,55,0,0,9828,0,0,0,0,7839,0,0,0,0,7839,0,0,0,394290
96,56,0,0,9828,0,0,0,0,7839,0,0,0,0,7839,0,0,0,394290
96,57,0,0,9828,0,0,0,0,7839,0,0,0,0,7839,0,0,0,394290
96,58,0,0,9828,0,0,0,0,7839,0,0,0,0,0,8931,0,0,390397
96,59,0,0,9828,0,0,0,0,7839,0,0,0,0,0,8931,0,0,390397
96,60,0,0,9828,0,0,0,0,7839,0,0,0,0,0,8931,0,0,390397
96,61,0,0,9828,0,0,0,0,7839,0,0,0,0,0,0,9828,0,399381
96,62,0,0,9828,0,0,0,0,7839,0,0,0,0,0,0,9828,0,399381
96,63,0,0,9828,0,0,0,0,7839,0,0,0,0,0,0,9828,0,399381
96,64,0,0,9828,0,0,0,0,0,8931,0,0,0,0,7839,0,0,392200
96,65,0,0,9828,0,0,0,0,0,8931,0,0,0,0,7839,0,0,392200
96,66,0,0,9828,0,0,0,0,0,8931,0,0,0,0,7839,0,0,392200
96,67,0,0,9828,0,0,0,0,0,8931,0,0,0,0,0,8931,0,405990
96,68,0,0,9828,0,0,0,0,0,8931,0,0,0,0,0,8931,0,405990
96,69,0,0,9828,0,0,0,0,0,8931,0,0,0,0,0,8931,0,405990
96,70,0,0,9828,0,0,0,0,0,8931,0,0,0,0,0,0,9828,436157
96,71,0,0,9828,0,0,0,0,0,8931,0,0,0,0,0,0,9828,436157
96,72,0,0,9828,0,0,0,0,0,8931,0,0,0,0,0,0,9828,436157
96,73,0,0,9828,0,0,0,0,0,0,9828,0,0,0,0,7839,0,400594
96,74,0,0,9828,0,0,0,0,0,0,9828,0,0,0,0,7839,0,400594
96,75,0,0,9828,0,0,0,0,0,0,9828,0,0,0,0,7839,0,400594
96,76,0,0,9828,0,0,0,0,0,0,9828,0,0,0,0,0,8931,435211
96,77,0,0,9828,0,0,0,0,0,0,9828,0,0,0,0,0,8931,435211
96,78,0,0,9828,0,0,0,0,0,0,9828,0,0,0,0,0,8931,435211
96,79,0,0,9828,0,0,0,0,0,0,9828,0,0,0,0,0,0,483990
96,80,0,0,9828,0,0,0,0,0,0,9828,0,0,0,0,0,0,483990
96,81,0,0,9828,0,0,0,0,0,0,9828,0,0,0,0,0,0,483990
97,1,5292,0,0,0,0,5292,0,0,0,0,5292,0,0,0,0,5292,275371
97,2,5292,0,0,0,0,5292,0,0,0,0,5292,0,0,0,0,0,312072
97,3,5292,0,0,0,0,5292,0,0,0,0,5292,0,0,0,0,0,312072
97,4,5292,0,0,0,0,5292,0,0,0,0,0,6048,0,0,0,0,313295
97,5,5292,0,0,0,0,5292,0,0,0,0,0,6048,0,0,0,0,313295
97,6,5292,0,0,0,0,5292,0,0,0,0,0,6048,0,0,0,0,313295
97,7,5292,0,0,0,0,5292,0,0,0,0,0,0,6669,0,0,0,256136
97,8,5292,0,0,0,0,5292,0,0,0,0,0,0,6669,0,0,0,256136
97,9,5292,0,0,0,0,5292,0,0,0,0,0,0,6669,0,0,0,256136
97,10,5292,0,0,0,0,0,6048,0,0,0,0,5292,0,0,0,0,315089
97,11,5292,0,0,0,0,0,6048,0,0,0,0,5292,0,0,0,0,315089
97,12,5292,0,0,0,0,0,6048,0,0,0,0,5292,0,0,0,0,315089
97,13,5292,0,0,0,0,0,6048,0,0,0,0,0,6048,0,0,0,261811
97,14,5292,0,0,0,0,0,6048,0,0,0,0,0,6048,0,0,0,261811
97,15,5292,0,0,0,0,0,6048,0,0,0,0,0,6048,0,0,0,261811
97,16,5292,0,0,0,0,0,6048,0,0,0,0,0,0,6669,0,0,256114
97,17,5292,0,0,0,0,0,6048,0,0,0,0,0,0,6669,0,0,256114
97,18,5292,0,0,0,0,0,6048,0,0,0,0,0,0,6669,0,0,256114
97,19,5292,0,0,0,0,0,0,6669,0,0,0,0,5292,0,0,0,257771
97,20,5292,0,0,0,0,0,0,6669,0,0,0,0,5292,0,0,0,257771
97,21,5292,0,0,0,0,0,0,6669,0,0,0,0,5292,0,0,0,257771
97,22,5292,0,0,0,0,0,0,6669,0,0,0,0,0,6048,0,0,255667
97,23,5292,0,0,0,0,0,0,6669,0,0,0,0,0,6048,0,0,255667
97,24,5292,0,0,0,0,0,0,6669,0,0,0,0,0,6048,0,0,255667
97,25,5292,0,0,0,0,0,0,6669,0,0,0,0,0,0,6669,0,262383
97,26,5292,0,0,0,0,0,0,6669,0,0,0,0,0,0,6669,0,262383
97,27,5292,0,0,0,0,0,0,6669,0,0,0,0,0,0,6669,0,262383
97,28,0,6048,0,0,0,0,5292,0,0,0,0,5292,0,0,0,0,317726
97,29,0,6048,0,0,0,0,5292,0,0,0,0,5292,0,0,0,0,317726
97,30,0,6048,0,0,0,0,5292,0,0,0,0,5292,0,0,0,0,317726
97,31,0,6048,0,0,0,0,5292,0,0,0,0,0,6048,0,0,0,264448
97,32,0,6048,0,0,0,0,5292,0,0,0,0,0,6048,0,0,0,264448
97,33,0,6048,0,0,0,0,5292,0,0,0,0,0,6048,0,0,0,264448
97,34,0,6048,0,0,0,0,5292,0,0,0,0,0,0,6669,0,0,258751
97,35,0,6048,0,0,0,0,5292,0,0,0,0,0,0,6669,0,0,258751
97,36,0,6048,0,0,0,0,5292,0,0,0,0,0,0,6669,0,0,258751
97,37,0,6048,0,0,0,0,0,6048,0,0,0,0,5292,0,0,0,266110
97,38,0,6048,0,0,0,0,0,6048,0,0,0,0,5292,0,0,0,266110
97,39,0,6048,0,0,0,0,0,6048,0,0,0,0,5292,0,0,0,266110
97,40,0,6048,0,0,0,0,0,6048,0,0,0,0,0,6048,0,0,264006
97,41,0,6048,0,0,0,0,0,6048,0,0,0,0,0,6048,0,0,264006
97,42,0,6048,0,0,0,0,0,6048,0,0,0,0,0,6048,0,0,264006
97,43,0,6048,0,0,0,0,0,6048,0,0,0,0,0,0,6669,0,270722
97,44,0,6048,0,0,0,0,0,6048,0,0,0,0,0,0,6669,0,270722
97,45,0,6048,0,0,0,0,0,6048,0,0,0,0,0,0,6669,0,270722
97,46,0,6048,0,0,0,0,0,0,6669,0,0,0,0,5292,0,0,260264
97,47,0,6048,0,0,0,0,0,0,6669,0,0,0,0,5292,0,0,260264
97,48,0,6048,0,0,0,0,0,0,6669,0,0,0,0,5292,0,0,260264
97,49,0,6048,0,0,0,0,0,0,6669,0,0,0,0,0,6048,0,270307
97,50,0,6048,0,0,0,0,0,0,6669,0,0,0,0,0,6048,0,270307
97,51,0,6048,0,0,0,0,0,0,6669,0,0,0,0,0,6048,0,270307
97,52,0,6048,0,0,0,0,0,0,6669,0,0,0,0,0,0,6669,291127
97,53,0,6048,0,0,0,0,0,0,6669,0,0,0,0,0,0,6669,291127
97,54,0,6048,0,0,0,0,0,0,6669,0,0,0,0,0,0,6669,291127
97,55,0,0,6669,0,0,0,0,5292,0,0,0,0,5292,0,0,0,260172
97,56,0,0,6669,0,0,0,0,5292,0,0,0,0,5292,0,0,0,260172
97,57,0,0,6669,0,0,0,0,5292,0,0,0,0,5292,0,0,0,260172
97,58,0,0,6669,0,0,0,0,5292,0,0,0,0,0,6048,0,0,258068
97,59,0,0,6669,0,0,0,0,5292,0,0,0,0,0,6048,0,0,258068
97,60,0,0,6669,0,0,0,0,5292,0,0,0,0,0,6048,0,0,258068
97,61,0,0,6669,0,0,0,0,5292,0,0,0,0,0,0,6669,0,264784
97,62,0,0,6669,0,0,0,0,5292,0,0,0,0,0,0,6669,0,264784
97,63,0,0,6669,0,0,0,0,5292,0,0,0,0,0,0,6669,0,264784
97,64,0,0,6669,0,0,0,0,0,6048,0,0,0,0,5292,0,0,259607
97,65,0,0,6669,0,0,0,0,0,6048,0,0,0,0,5292,0,0,259607
97,66,0,0,6669,0,0,0,0,0,6048,0,0,0,0,5292,0,0,259607
97,67,0,0,6669,0,0,0,0,0,6048,0,0,0,0,0,6048,0,269650
97,68,0,0,6669,0,0,0,0,0,6048,0,0,0,0,0,6048,0,269650
97,69,0,0,6669,0,0,0,0,0,6048,0,0,0,0,0,6048,0,269650
97,70,0,0,6669,0,0,0,0,0,6048,0,0,0,0,0,0,6669,290470
97,71,0,0,6669,0,0,0,0,0,6048,0,0,0,0,0,0,6669,290470
97,72,0,0,6669,0,0,0,0,0,6048,0,0,0,0,0,0,6669,290470
97,73,0,0,6669,0,0,0,0,0,0,6669,0,0,0,0,5292,0,266186
97,74,0,0,6669,0,0,0,0,0,0,6669,0,0,0,0,5292,0,266186
97,75,0,0,6669,0,0,0,0,0,0,6669,0,0,0,0,5292,0,266186
97,76,0,0,6669,0,0,0,0,0,0,6669,0,0,0,0,0,6048,290087
97,77,0,0,6669,0,0,0,0,0,0,6669,0,0,0,0,0,6048,290087
97,78,0,0,6669,0,0,0,0,0,0,6669,0,0,0,0,0,6048,290087
97,79,0,0,6669,0,0,0,0,0,0,6669,0,0,0,0,0,0,323935
97,80,0,0,6669,0,0,0,0,0,0,6669,0,0,0,0,0,0,323935
97,81,0,0,6669,0,0,0,0,0,0,6669,0,0,0,0,0,0,323935
98,1,5704,0,0,0,0,5704,0,0,0,0,5704,0,0,0,0,5704,270613
98,2,5704,0,0,0,0,5704,0,0,0,0,5704,0,0,0,0,0,313457
98,3,5704,0,0,0,0,5704,0,0,0,0,5704,0,0,0,0,0,313457
98,4,5704,0,0,0,0,5704,0,0,0,0,0,6603,0,0,0,0,315709
98,5,5704,0,0,0,0,5704,0,0,0,0,0,6603,0,0,0,0,315709
98,6,5704,0,0,0,0,5704,0,0,0,0,0,6603,0,0,0,0,315709
98,7,5704,0,0,0,0,5704,0,0,0,0,0,0,7316,0,0,0,254969
98,8,5704,0,0,0,0,5704,0,0,0,0,0,0,7316,0,0,0,254969
98,9,5704,0,0,0,0,5704,0,0,0,0,0,0,7316,0,0,0,254969
98,10,5704,0,0,0,0,0,6603,0,0,0,0,5704,0,0,0,0,319017
98,11,5704,0,0,0,0,0,6603,0,0,0,0,5704,0,0,0,0,319017
98,12,5704,0,0,0,0,0,6603,0,0,0,0,5704,0,0,0,0,319017
98,13,5704,0,0,0,0,0,6603,0,0,0,0,0,6603,0,0,0,263398
98,14,5704,0,0,0,0,0,6603,0,0,0,0,0,6603,0,0,0,263398
98,15,5704,0,0,0,0,0,6603,0,0,0,0,0,6603,0,0,0,263398
98,16,5704,0,0,0,0,0,6603,0,0,0,0,0,0,7316,0,0,258443
98,17,5704,0,0,0,0,0,6603,0,0,0,0,0,0,7316,0,0,258443
98,18,5704,0,0,0,0,0,6603,0,0,0,0,0,0,7316,0,0,258443
98,19,5704,0,0,0,0,0,0,7316,0,0,0,0,5704,0,0,0,258938
98,20,5704,0,0,0,0,0,0,7316,0,0,0,0,5704,0,0,0,258938
98,21,5704,0,0,0,0,0,0,7316,0,0,0,0,5704,0,0,0,258938
98,22,5704,0,0,0,0,0,0,7316,0,0,0,0,0,6603,0,0,258725
98,23,5704,0,0,0,0,0,0,7316,0,0,0,0,0,6603,0,0,258725
98,24,5704,0,0,0,0,0,0,7316,0,0,0,0,0,6603,0,0,258725
98,25,5704,0,0,0,0,0,0,7316,0,0,0,0,0,0,7316,0,267626
98,26,5704,0,0,0,0,0,0,7316,0,0,0,0,0,0,7316,0,267626
98,27,5704,0,0,0,0,0,0,7316,0,0,0,0,0,0,7316,0,267626
98,28,0,6603,0,0,0,0,5704,0,0,0,0,5704,0,0,0,0,323881
98,29,0,6603,0,0,0,0,5704,0,0,0,0,5704,0,0,0,0,323881
98,30,0,6603,0,0,0,0,5704,0,0,0,0,5704,0,0,0,0,323881
98,31,0,6603,0,0,0,0,5704,0,0,0,0,0,6603,0,0,0,268262
98,32,0,6603,0,0,0,0,5704,0,0,0,0,0,6603,0,0,0,268262
98,33,0,6603,0,0,0,0,5704,0,0,0,0,0,6603,0,0,0,268262
98,34,0,6603,0,0,0,0,5704,0,0,0,0,0,0,7316,0,0,263307
98,35,0,6603,0,0,0,0,5704,0,0,0,0,0,0,7316,0,0,263307
98,36,0,6603,0,0,0,0,5704,0,0,0,0,0,0,7316,0,0,263307
98,37,0,6603,0,0,0,0,0,6603,0,0,0,0,5704,0,0,0,271327
98,38,0,6603,0,0,0,0,0,6603,0,0,0,0,5704,0,0,0,271327
98,39,0,6603,0,0,0,0,0,6603,0,0,0,0,5704,0,0,0,271327
98,40,0,6603,0,0,0,0,0,6603,0,0,0,0,0,6603,0,0,271114
98,41,0,6603,0,0,0,0,0,6603,0,0,0,0,0,6603,0,0,271114
98,42,0,6603,0,0,0,0,0,6603,0,0,0,0,0,6603,0,0,271114
98,43,0,6603,0,0,0,0,0,6603,0,0,0,0,0,0,7316,0,280015
98,44,0,6603,0,0,0,0,0,6603,0,0,0,0,0,0,7316,0,280015
98,45,0,6603,0,0,0,0,0,6603,0,0,0,0,0,0,7316,0,280015
98,46,0,6603,0,0,0,0,0,0,7316,0,0,0,0,5704,0,0,266984
98,47,0,6603,0,0,0,0,0,0,7316,0,0,0,0,5704,0,0,266984
98,48,0,6603,0,0,0,0,0,0,7316,0,0,0,0,5704,0,0,266984
98,49,0,6603,0,0,0,0,0,0,7316,0,0,0,0,0,6603,0,280275
98,50,0,6603,0,0,0,0,0,0,7316,0,0,0,0,0,6603,0,280275
98,51,0,6603,0,0,0,0,0,0,7316,0,0,0,0,0,6603,0,280275
98,52,0,6603,0,0,0,0,0,0,7316,0,0,0,0,0,0,7316,304066
98,53,0,6603,0,0,0,0,0,0,7316,0,0,0,0,0,0,7316,304066
98,54,0,6603,0,0,0,0,0,0,7316,0,0,0,0,0,0,7316,304066
98,55,0,0,7316,0,0,0,0,5704,0,0,0,0,5704,0,0,0,264773
98,56,0,0,7316,0,0,0,0,5704,0,0,0,0,5704,0,0,0,264773
98,57,0,0,7316,0,0,0,0,5704,0,0,0,0,5704,0,0,0,264773
98,58,0,0,7316,0,0,0,0,5704,0,0,0,0,0,6603,0,0,264560
98,59,0,0,7316,0,0,0,0,5704,0,0,0,0,0,6603,0,0,264560
98,60,0,0,7316,0,0,0,0,5704,0,0,0,0,0,6603,0,0,264560
98,61,0,0,7316,0,0,0,0,5704,0,0,0,0,0,0,7316,0,273461
98,62,0,0,7316,0,0,0,0,5704,0,0,0,0,0,0,7316,0,273461
98,63,0,0,7316,0,0,0,0,5704,0,0,0,0,0,0,7316,0,273461
98,64,0,0,7316,0,0,0,0,0,6603,0,0,0,0,5704,0,0,267397
98,65,0,0,7316,0,0,0,0,0,6603,0,0,0,0,5704,0,0,267397
98,66,0,0,7316,0,0,0,0,0,6603,0,0,0,0,5704,0,0,267397
98,67,0,0,7316,0,0,0,0,0,6603,0,0,0,0,0,6603,0,280688
98,68,0,0,7316,0,0,0,0,0,6603,0,0,0,0,0,6603,0,280688
98,69,0,0,7316,0,0,0,0,0,6603,0,0,0,0,0,6603,0,280688
98,70,0,0,7316,0,0,0,0,0,6603,0,0,0,0,0,0,7316,304479
98,71,0,0,7316,0,0,0,0,0,6603,0,0,0,0,0,0,7316,304479
98,72,0,0,7316,0,0,0,0,0,6603,0,0,0,0,0,0,7316,304479
98,73,0,0,7316,0,0,0,0,0,0,7316,0,0,0,0,5704,0,276866
98,74,0,0,7316,0,0,0,0,0,0,7316,0,0,0,0,5704,0,276866
98,75,0,0,7316,0,0,0,0,0,0,7316,0,0,0,0,5704,0,276866
98,76,0,0,7316,0,0,0,0,0,0,7316,0,0,0,0,0,6603,304722
98,77,0,0,7316,0,0,0,0,0,0,7316,0,0,0,0,0,6603,304722
98,78,0,0,7316,0,0,0,0,0,0,7316,0,0,0,0,0,6603,304722
98,79,0,0,7316,0,0,0,0,0,0,7316,0,0,0,0,0,0,343802
98,80,0,0,7316,0,0,0,0,0,0,7316,0,0,0,0,0,0,343802
98,81,0,0,7316,0,0,0,0,0,0,7316,0,0,0,0,0,0,343802
99,1,4077,0,0,0,0,4077,0,0,0,0,4077,0,0,0,0,4077,126380
99,2,4077,0,0,0,0,4077,0,0,0,0,4077,0,0,0,0,0,164894
99,3,4077,0,0,0,0,4077,0,0,0,0,4077,0,0,0,0,0,164894
99,4,4077,0,0,0,0,4077,0,0,0,0,0,4887,0,0,0,0,168570
99,5,4077,0,0,0,0,4077,0,0,0,0,0,4887,0,0,0,0,168570
99,6,4077,0,0,0,0,4077,0,0,0,0,0,4887,0,0,0,0,168570
99,7,4077,0,0,0,0,4077,0,0,0,0,0,0,5535,0,0,0,128057
99,8,4077,0,0,0,0,4077,0,0,0,0,0,0,5535,0,0,0,128057
99,9,4077,0,0,0,0,4077,0,0,0,0,0,0,5535,0,0,0,128057
99,10,4077,0,0,0,0,0,4887,0,0,0,0,4077,0,0,0,0,173970
99,11,4077,0,0,0,0,0,4887,0,0,0,0,4077,0,0,0,0,173970
99,12,4077,0,0,0,0,0,4887,0,0,0,0,4077,0,0,0,0,173970
99,13,4077,0,0,0,0,0,4887,0,0,0,0,0,4887,0,0,0,137961
99,14,4077,0,0,0,0,0,4887,0,0,0,0,0,4887,0,0,0,137961
99,15,4077,0,0,0,0,0,4887,0,0,0,0,0,4887,0,0,0,137961
99,16,4077,0,0,0,0,0,4887,0,0,0,0,0,0,5535,0,0,137935
99,17,4077,0,0,0,0,0,4887,0,0,0,0,0,0,5535,0,0,137935
99,18,4077,0,0,0,0,0,4887,0,0,0,0,0,0,5535,0,0,137935
99,19,4077,0,0,0,0,0,0,5535,0,0,0,0,4077,0,0,0,136345
99,20,4077,0,0,0,0,0,0,5535,0,0,0,0,4077,0,0,0,136345
99,21,4077,0,0,0,0,0,0,5535,0,0,0,0,4077,0,0,0,136345
99,22,4077,0,0,0,0,0,0,5535,0,0,0,0,0,4887,0,0,140488
99,23,4077,0,0,0,0,0,0,5535,0,0,0,0,0,4887,0,0,140488
99,24,4077,0,0,0,0,0,0,5535,0,0,0,0,0,4887,0,0,140488
99,25,4077,0,0,0,0,0,0,5535,0,0,0,0,0,0,5535,0,151452
99,26,4077,0,0,0,0,0,0,5535,0,0,0,0,0,0,5535,0,151452
99,27,4077,0,0,0,0,0,0,5535,0,0,0,0,0,0,5535,0,151452
99,28,0,4887,0,0,0,0,4077,0,0,0,0,4077,0,0,0,0,181905
99,29,0,4887,0,0,0,0,4077,0,0,0,0,4077,0,0,0,0,181905
99,30,0,4887,0,0,0,0,4077,0,0,0,0,4077,0,0,0,0,181905
99,31,0,4887,0,0,0,0,4077,0,0,0,0,0,4887,0,0,0,145896
99,32,0,4887,0,0,0,0,4077,0,0,0,0,0,4887,0,0,0,145896
99,33,0,4887,0,0,0,0,4077,0,0,0,0,0,4887,0,0,0,145896
99,34,0,4887,0,0,0,0,4077,0,0,0,0,0,0,5535,0,0,145870
99,35,0,4887,0,0,0,0,4077,0,0,0,0,0,0,5535,0,0,145870
99,36,0,4887,0,0,0,0,4077,0,0,0,0,0,0,5535,0,0,145870
99,37,0,4887,0,0,0,0,0,4887,0,0,0,0,4077,0,0,0,150897
99,38,0,4887,0,0,0,0,0,4887,0,0,0,0,4077,0,0,0,150897
99,39,0,4887,0,0,0,0,0,4887,0,0,0,0,4077,0,0,0,150897
99,40,0,4887,0,0,0,0,0,4887,0,0,0,0,0,4887,0,0,155040
99,41,0,4887,0,0,0,0,0,4887,0,0,0,0,0,4887,0,0,155040
99,42,0,4887,0,0,0,0,0,4887,0,0,0,0,0,4887,0,0,155040
99,43,0,4887,0,0,0,0,0,4887,0,0,0,0,0,0,5535,0,166004
99,44,0,4887,0,0,0,0,0,4887,0,0,0,0,0,0,5535,0,166004
99,45,0,4887,0,0,0,0,0,4887,0,0,0,0,0,0,5535,0,166004
99,46,0,4887,0,0,0,0,0,0,5535,0,0,0,0,4077,0,0,153543
99,47,0,4887,0,0,0,0,0,0,5535,0,0,0,0,4077,0,0,153543
99,48,0,4887,0,0,0,0,0,0,5535,0,0,0,0,4077,0,0,153543
99,49,0,4887,0,0,0,0,0,0,5535,0,0,0,0,0,4887,0,168368
99,50,0,4887,0,0,0,0,0,0,5535,0,0,0,0,0,4887,0,168368
99,51,0,4887,0,0,0,0,0,0,5535,0,0,0,0,0,4887,0,168368
99,52,0,4887,0,0,0,0,0,0,5535,0,0,0,0,0,0,5535,189264
99,53,0,4887,0,0,0,0,0,0,5535,0,0,0,0,0,0,5535,189264
99,54,0,4887,0,0,0,0,0,0,5535,0,0,0,0,0,0,5535,189264
99,55,0,0,5535,0,0,0,0,4077,0,0,0,0,4077,0,0,0,148522
99,56,0,0,5535,0,0,0,0,4077,0,0,0,0,4077,0,0,0,148522
99,57,0,0,5535,0,0,0,0,4077,0,0,0,0,4077,0,0,0,148522
99,58,0,0,5535,0,0,0,0,4077,0,0,0,0,0,4887,0,0,152665
99,59,0,0,5535,0,0,0,0,4077,0,0,0,0,0,4887,0,0,152665
99,60,0,0,5535,0,0,0,0,4077,0,0,0,0,0,4887,0,0,152665
99,61,0,0,5535,0,0,0,0,4077,0,0,0,0,0,0,5535,0,163629
99,62,0,0,5535,0,0,0,0,4077,0,0,0,0,0,0,5535,0,163629
99,63,0,0,5535,0,0,0,0,4077,0,0,0,0,0,0,5535,0,163629
99,64,0,0,5535,0,0,0,0,0,4887,0,0,0,0,4077,0,0,157295
99,65,0,0,5535,0,0,0,0,0,4887,0,0,0,0,4077,0,0,157295
99,66,0,0,5535,0,0,0,0,0,4887,0,0,0,0,4077,0,0,157295
99,67,0,0,5535,0,0,0,0,0,4887,0,0,0,0,0,4887,0,172120
99,68,0,0,5535,0,0,0,0,0,4887,0,0,0,0,0,4887,0,172120
99,69,0,0,5535,0,0,0,0,0,4887,0,0,0,0,0,4887,0,172120
99,70,0,0,5535,0,0,0,0,0,4887,0,0,0,0,0,0,5535,193016
99,71,0,0,5535,0,0,0,0,0,4887,0,0,0,0,0,0,5535,193016
99,72,0,0,5535,0,0,0,0,0,4887,0,0,0,0,0,0,5535,193016
99,73,0,0,5535,0,0,0,0,0,0,5535,0,0,0,0,4077,0,170735
99,74,0,0,5535,0,0,0,0,0,0,5535,0,0,0,0,4077,0,170735
99,75,0,0,5535,0,0,0,0,0,0,5535,0,0,0,0,4077,0,170735
99,76,0,0,5535,0,0,0,0,0,0,5535,0,0,0,0,0,4887,195206
99,77,0,0,5535,0,0,0,0,0,0,5535,0,0,0,0,0,4887,195206
99,78,0,0,5535,0,0,0,0,0,0,5535,0,0,0,0,0,4887,195206
99,79,0,0,5535,0,0,0,0,0,0,5535,0,0,0,0,0,0,230410
99,80,0,0,5535,0,0,0,0,0,0,5535,0,0,0,0,0,0,230410
99,81,0,0,5535,0,0,0,0,0,0,5535,0,0,0,0,0,0,230410
100,1,4806,0,0,0,0,4806,0,0,0,0,4806,0,0,0,0,4806,215853
100,2,4806,0,0,0,0,4806,0,0,0,0,4806,0,0,0,0,0,253279
100,3,4806,0,0,0,0,4806,0,0,0,0,4806,0,0,0,0,0,253279
100,4,4806,0,0,0,0,4806,0,0,0,0,0,5589,0,0,0,0,255521
100,5,4806,0,0,0,0,4806,0,0,0,0,0,5589,0,0,0,0,255521
100,6,4806,0,0,0,0,4806,0,0,0,0,0,5589,0,0,0,0,255521
100,7,4806,0,0,0,0,4806,0,0,0,0,0,0,6237,0,0,0,205302
100,8,4806,0,0,0,0,4806,0,0,0,0,0,0,6237,0,0,0,205302
100,9,4806,0,0,0,0,4806,0,0,0,0,0,0,6237,0,0,0,205302
100,10,4806,0,0,0,0,0,5589,0,0,0,0,4806,0,0,0,0,258812
100,11,4806,0,0,0,0,0,5589,0,0,0,0,4806,0,0,0,0,258812
100,12,4806,0,0,0,0,0,5589,0,0,0,0,4806,0,0,0,0,258812
100,13,4806,0,0,0,0,0,5589,0,0,0,0,0,5589,0,0,0,212518
100,14,4806,0,0,0,0,0,5589,0,0,0,0,0,5589,0,0,0,212518
100,15,4806,0,0,0,0,0,5589,0,0,0,0,0,5589,0,0,0,212518
100,16,4806,0,0,0,0,0,5589,0,0,0,0,0,0,6237,0,0,209410
100,17,4806,0,0,0,0,0,5589,0,0,0,0,0,0,6237,0,0,209410
100,18,4806,0,0,0,0,0,5589,0,0,0,0,0,0,6237,0,0,209410
100,19,4806,0,0,0,0,0,0,6237,0,0,0,0,4806,0,0,0,209799
100,20,4806,0,0,0,0,0,0,6237,0,0,0,0,4806,0,0,0,209799
100,21,4806,0,0,0,0,0,0,6237,0,0,0,0,4806,0,0,0,209799
100,22,4806,0,0,0,0,0,0,6237,0,0,0,0,0,5589,0,0,210324
100,23,4806,0,0,0,0,0,0,6237,0,0,0,0,0,5589,0,0,210324
100,24,4806,0,0,0,0,0,0,6237,0,0,0,0,0,5589,0,0,210324
100,25,4806,0,0,0,0,0,0,6237,0,0,0,0,0,0,6237,0,219071
100,26,4806,0,0,0,0,0,0,6237,0,0,0,0,0,0,6237,0,219071
100,27,4806,0,0,0,0,0,0,6237,0,0,0,0,0,0,6237,0,219071
100,28,0,5589,0,0,0,0,4806,0,0,0,0,4806,0,0,0,0,263648
100,29,0,5589,0,0,0,0,4806,0,0,0,0,4806,0,0,0,0,263648
100,30,0,5589,0,0,0,0,4806,0,0,0,0,4806,0,0,0,0,263648
100,31,0,5589,0,0,0,0,4806,0,0,0,0,0,5589,0,0,0,217354
100,32,0,5589,0,0,0,0,4806,0,0,0,0,0,5589,0,0,0,217354
100,33,0,5589,0,0,0,0,4806,0,0,0,0,0,5589,0,0,0,217354
100,34,0,5589,0,0,0,0,4806,0,0,0,0,0,0,6237,0,0,214246
100,35,0,5589,0,0,0,0,4806,0,0,0,0,0,0,6237,0,0,214246
100,36,0,5589,0,0,0,0,4806,0,0,0,0,0,0,6237,0,0,214246
100,37,0,5589,0,0,0,0,0,5589,0,0,0,0,4806,0,0,0,220401
100,38,0,5589,0,0,0,0,0,5589,0,0,0,0,4806,0,0,0,220401
100,39,0,5589,0,0,0,0,0,5589,0,0,0,0,4806,0,0,0,220401
100,40,0,5589,0,0,0,0,0,5589,0,0,0,0,0,5589,0,0,220926
100,41,0,5589,0,0,0,0,0,5589,0,0,0,0,0,5589,0,0,220926
100,42,0,5589,0,0,0,0,0,5589,0,0,0,0,0,5589,0,0,220926
100,43,0,5589,0,0,0,0,0,5589,0,0,0,0,0,0,6237,0,229673
100,44,0,5589,0,0,0,0,0,5589,0,0,0,0,0,0,6237,0,229673
100,45,0,5589,0,0,0,0,0,5589,0,0,0,0,0,0,6237,0,229673
100,46,0,5589,0,0,0,0,0,0,6237,0,0,0,0,4806,0,0,218409
100,47,0,5589,0,0,0,0,0,0,6237,0,0,0,0,4806,0,0,218409
100,48,0,5589,0,0,0,0,0,0,6237,0,0,0,0,4806,0,0,218409
100,49,0,5589,0,0,0,0,0,0,6237,0,0,0,0,0,5589,0,230520
100,50,0,5589,0,0,0,0,0,0,6237,0,0,0,0,0,5589,0,230520
100,51,0,5589,0,0,0,0,0,0,6237,0,0,0,0,0,5589,0,230520
100,52,0,5589,0,0,0,0,0,0,6237,0,0,0,0,0,0,6237,251634
100,53,0,5589,0,0,0,0,0,0,6237,0,0,0,0,0,0,6237,251634
100,54,0,5589,0,0,0,0,0,0,6237,0,0,0,0,0,0,6237,251634
100,55,0,0,6237,0,0,0,0,4806,0,0,0,0,4806,0,0,0,216407
100,56,0,0,6237,0,0,0,0,4806,0,0,0,0,4806,0,0,0,216407
100,57,0,0,6237,0,0,0,0,4806,0,0,0,0,4806,0,0,0,216407
100,58,0,0,6237,0,0,0,0,4806,0,0,0,0,0,5589,0,0,216932
100,59,0,0,6237,0,0,0,0,4806,0,0,0,0,0,5589,0,0,216932
100,60,0,0,6237,0,0,0,0,4806,0,0,0,0,0,5589,0,0,216932
100,61,0,0,6237,0,0,0,0,4806,0,0,0,0,0,0,6237,0,225679
100,62,0,0,6237,0,0,0,0,4806,0,0,0,0,0,0,6237,0,225679
100,63,0,0,6237,0,0,0,0,4806,0,0,0,0,0,0,6237,0,225679
100,64,0,0,6237,0,0,0,0,0,5589,0,0,0,0,4806,0,0,219754
100,65,0,0,6237,0,0,0,0,0,5589,0,0,0,0,4806,0,0,219754
100,66,0,0,6237,0,0,0,0,0,5589,0,0,0,0,4806,0,0,219754
100,67,0,0,6237,0,0,0,0,0,5589,0,0,0,0,0,5589,0,231865
100,68,0,0,6237,0,0,0,0,0,5589,0,0,0,0,0,5589,0,231865
100,69,0,0,6237,0,0,0,0,0,5589,0,0,0,0,0,5589,0,231865
100,70,0,0,6237,0,0,0,0,0,5589,0,0,0,0,0,0,6237,252979
100,71,0,0,6237,0,0,0,0,0,5589,0,0,0,0,0,0,6237,252979
100,72,0,0,6237,0,0,0,0,0,5589,0,0,0,0,0,0,6237,252979
100,73,0,0,6237,0,0,0,0,0,0,6237,0,0,0,0,4806,0,229534
100,74,0,0,6237,0,0,0,0,0,0,6237,0,0,0,0,4806,0,229534
100,75,0,0,6237,0,0,0,0,0,0,6237,0,0,0,0,4806,0,229534
100,76,0,0,6237,0,0,0,0,0,0,6237,0,0,0,0,0,5589,253763
100,77,0,0,6237,0,0,0,0,0,0,6237,0,0,0,0,0,5589,253763
100,78,0,0,6237,0,0,0,0,0,0,6237,0,0,0,0,0,5589,253763
100,79,0,0,6237,0,0,0,0,0,0,6237,0,0,0,0,0,0,288306
100,80,0,0,6237,0,0,0,0,0,0,6237,0,0,0,0,0,0,288306
100,81,0,0,6237,0,0,0,0,0,0,6237,0,0,0,0,0,0,288306
101,1,7004,0,0,0,0,7004,0,0,0,0,7004,0,0,0,0,7004,388367
101,2,7004,0,0,0,0,7004,0,0,0,0,7004,0,0,0,0,0,434385
101,3,7004,0,0,0,0,7004,0,0,0,0,7004,0,0,0,0,0,434385
101,4,7004,0,0,0,0,7004,0,0,0,0,0,7956,0,0,0,0,435340
101,5,7004,0,0,0,0,7004,0,0,0,0,0,7956,0,0,0,0,435340
101,6,7004,0,0,0,0,7004,0,0,0,0,0,7956,0,0,0,0,435340
101,7,7004,0,0,0,0,7004,0,0,0,0,0,0,8704,0,0,0,358275
101,8,7004,0,0,0,0,7004,0,0,0,0,0,0,8704,0,0,0,358275
101,9,7004,0,0,0,0,7004,0,0,0,0,0,0,8704,0,0,0,358275
101,10,7004,0,0,0,0,0,7956,0,0,0,0,7004,0,0,0,0,436743
101,11,7004,0,0,0,0,0,7956,0,0,0,0,7004,0,0,0,0,436743
101,12,7004,0,0,0,0,0,7956,0,0,0,0,7004,0,0,0,0,436743
101,13,7004,0,0,0,0,0,7956,0,0,0,0,0,7956,0,0,0,365241
101,14,7004,0,0,0,0,0,7956,0,0,0,0,0,7956,0,0,0,365241
101,15,7004,0,0,0,0,0,7956,0,0,0,0,0,7956,0,0,0,365241
101,16,7004,0,0,0,0,0,7956,0,0,0,0,0,0,8704,0,0,355850
101,17,7004,0,0,0,0,0,7956,0,0,0,0,0,0,8704,0,0,355850
101,18,7004,0,0,0,0,0,7956,0,0,0,0,0,0,8704,0,0,355850
101,19,7004,0,0,0,0,0,0,8704,0,0,0,0,7004,0,0,0,358367
101,20,7004,0,0,0,0,0,0,8704,0,0,0,0,7004,0,0,0,358367
101,21,7004,0,0,0,0,0,0,8704,0,0,0,0,7004,0,0,0,358367
101,22,7004,0,0,0,0,0,0,8704,0,0,0,0,0,7956,0,0,354128
101,23,7004,0,0,0,0,0,0,8704,0,0,0,0,0,7956,0,0,354128
101,24,7004,0,0,0,0,0,0,8704,0,0,0,0,0,7956,0,0,354128
101,25,7004,0,0,0,0,0,0,8704,0,0,0,0,0,0,8704,0,360750
101,26,7004,0,0,0,0,0,0,8704,0,0,0,0,0,0,8704,0,360750
101,27,7004,0,0,0,0,0,0,8704,0,0,0,0,0,0,8704,0,360750
101,28,0,7956,0,0,0,0,7004,0,0,0,0,7004,0,0,0,0,438802
101,29,0,7956,0,0,0,0,7004,0,0,0,0,7004,0,0,0,0,438802
101,30,0,7956,0,0,0,0,7004,0,0,0,0,7004,0,0,0,0,438802
101,31,0,7956,0,0,0,0,7004,0,0,0,0,0,7956,0,0,0,367300
101,32,0,7956,0,0,0,0,7004,0,0,0,0,0,7956,0,0,0,367300
101,33,0,7956,0,0,0,0,7004,0,0,0,0,0,7956,0,0,0,367300
101,34,0,7956,0,0,0,0,7004,0,0,0,0,0,0,8704,0,0,357909
101,35,0,7956,0,0,0,0,7004,0,0,0,0,0,0,8704,0,0,357909
101,36,0,7956,0,0,0,0,7004,0,0,0,0,0,0,8704,0,0,357909
101,37,0,7956,0,0,0,0,0,7956,0,0,0,0,7004,0,0,0,368599
101,38,0,7956,0,0,0,0,0,7956,0,0,0,0,7004,0,0,0,368599
101,39,0,7956,0,0,0,0,0,7956,0,0,0,0,7004,0,0,0,368599
101,40,0,7956,0,0,0,0,0,7956,0,0,0,0,0,7956,0,0,364360
101,41,0,7956,0,0,0,0,0,7956,0,0,0,0,0,7956,0,0,364360
101,42,0,7956,0,0,0,0,0,7956,0,0,0,0,0,7956,0,0,364360
101,43,0,7956,0,0,0,0,0,7956,0,0,0,0,0,0,8704,0,370982
101,44,0,7956,0,0,0,0,0,7956,0,0,0,0,0,0,8704,0,370982
101,45,0,7956,0,0,0,0,0,7956,0,0,0,0,0,0,8704,0,370982
101,46,0,7956,0,0,0,0,0,0,8704,0,0,0,0,7004,0,0,357994
101,47,0,7956,0,0,0,0,0,0,8704,0,0,0,0,7004,0,0,357994
101,48,0,7956,0,0,0,0,0,0,8704,0,0,0,0,7004,0,0,357994
101,49,0,7956,0,0,0,0,0,0,8704,0,0,0,0,0,7956,0,369385
101,50,0,7956,0,0,0,0,0,0,8704,0,0,0,0,0,7956,0,369385
101,51,0,7956,0,0,0,0,0,0,8704,0,0,0,0,0,7956,0,369385
101,52,0,7956,0,0,0,0,0,0,8704,0,0,0,0,0,0,8704,395234
101,53,0,7956,0,0,0,0,0,0,8704,0,0,0,0,0,0,8704,395234
101,54,0,7956,0,0,0,0,0,0,8704,0,0,0,0,0,0,8704,395234
101,55,0,0,8704,0,0,0,0,7004,0,0,0,0,7004,0,0,0,358499
101,56,0,0,8704,0,0,0,0,7004,0,0,0,0,7004,0,0,0,358499
101,57,0,0,8704,0,0,0,0,7004,0,0,0,0,7004,0,0,0,358499
101,58,0,0,8704,0,0,0,0,7004,0,0,0,0,0,7956,0,0,354260
101,59,0,0,8704,0,0,0,0,7004,0,0,0,0,0,7956,0,0,354260
101,60,0,0,8704,0,0,0,0,7004,0,0,0,0,0,7956,0,0,354260
101,61,0,0,8704,0,0,0,0,7004,0,0,0,0,0,0,8704,0,360882
101,62,0,0,8704,0,0,0,0,7004,0,0,0,0,0,0,8704,0,360882
101,63,0,0,8704,0,0,0,0,7004,0,0,0,0,0,0,8704,0,360882
101,64,0,0,8704,0,0,0,0,0,7956,0,0,0,0,7004,0,0,355462
101,65,0,0,8704,0,0,0,0,0,7956,0,0,0,0,7004,0,0,355462
101,66,0,0,8704,0,0,0,0,0,7956,0,0,0,0,7004,0,0,355462
101,67,0,0,8704,0,0,0,0,0,7956,0,0,0,0,0,7956,0,366853
101,68,0,0,8704,0,0,0,0,0,7956,0,0,0,0,0,7956,0,366853
101,69,0,0,8704,0,0,0,0,0,7956,0,0,0,0,0,7956,0,366853
101,70,0,0,8704,0,0,0,0,0,7956,0,0,0,0,0,0,8704,392702
101,71,0,0,8704,0,0,0,0,0,7956,0,0,0,0,0,0,8704,392702
101,72,0,0,8704,0,0,0,0,0,7956,0,0,0,0,0,0,8704,392702
101,73,0,0,8704,0,0,0,0,0,0,8704,0,0,0,0,7004,0,360958
101,74,0,0,8704,0,0,0,0,0,0,8704,0,0,0,0,7004,0,360958
101,75,0,0,8704,0,0,0,0,0,0,8704,0,0,0,0,7004,0,360958
101,76,0,0,8704,0,0,0,0,0,0,8704,0,0,0,0,0,7956,391223
101,77,0,0,8704,0,0,0,0,0,0,8704,0,0,0,0,0,7956,391223
101,78,0,0,8704,0,0,0,0,0,0,8704,0,0,0,0,0,7956,391223
101,79,0,0,8704,0,0,0,0,0,0,8704,0,0,0,0,0,0,433152
101,80,0,0,8704,0,0,0,0,0,0,8704,0,0,0,0,0,0,433152
101,81,0,0,8704,0,0,0,0,0,0,8704,0,0,0,0,0,0,433152
102,1,11210,0,0,0,0,11210,0,0,0,0,11210,0,0,0,0,11210,558380
102,2,11210,0,0,0,0,11210,0,0,0,0,11210,0,0,0,0,0,639681
102,3,11210,0,0,0,0,11210,0,0,0,0,11210,0,0,0,0,0,639681
102,4,11210,0,0,0,0,11210,0,0,0,0,0,12921,0,0,0,0,643361
102,5,11210,0,0,0,0,11210,0,0,0,0,0,12921,0,0,0,0,643361
102,6,11210,0,0,0,0,11210,0,0,0,0,0,12921,0,0,0,0,643361
102,7,11210,0,0,0,0,11210,0,0,0,0,0,0,14278,0,0,0,523061
102,8,11210,0,0,0,0,11210,0,0,0,0,0,0,14278,0,0,0,523061
102,9,11210,0,0,0,0,11210,0,0,0,0,0,0,14278,0,0,0,523061
102,10,11210,0,0,0,0,0,12921,0,0,0,0,11210,0,0,0,0,648769
102,11,11210,0,0,0,0,0,12921,0,0,0,0,11210,0,0,0,0,648769
102,12,11210,0,0,0,0,0,12921,0,0,0,0,11210,0,0,0,0,648769
102,13,11210,0,0,0,0,0,12921,0,0,0,0,0,12921,0,0,0,538216
102,14,11210,0,0,0,0,0,12921,0,0,0,0,0,12921,0,0,0,538216
102,15,11210,0,0,0,0,0,12921,0,0,0,0,0,12921,0,0,0,538216
102,16,11210,0,0,0,0,0,12921,0,0,0,0,0,0,14278,0,0,527232
102,17,11210,0,0,0,0,0,12921,0,0,0,0,0,0,14278,0,0,527232
102,18,11210,0,0,0,0,0,12921,0,0,0,0,0,0,14278,0,0,527232
102,19,11210,0,0,0,0,0,0,14278,0,0,0,0,11210,0,0,0,528901
102,20,11210,0,0,0,0,0,0,14278,0,0,0,0,11210,0,0,0,528901
102,21,11210,0,0,0,0,0,0,14278,0,0,0,0,11210,0,0,0,528901
102,22,11210,0,0,0,0,0,0,14278,0,0,0,0,0,12921,0,0,526941
102,23,11210,0,0,0,0,0,0,14278,0,0,0,0,0,12921,0,0,526941
102,24,11210,0,0,0,0,0,0,14278,0,0,0,0,0,12921,0,0,526941
102,25,11210,0,0,0,0,0,0,14278,0,0,0,0,0,0,14278,0,542711
102,26,11210,0,0,0,0,0,0,14278,0,0,0,0,0,0,14278,0,542711
102,27,11210,0,0,0,0,0,0,14278,0,0,0,0,0,0,14278,0,542711
102,28,0,12921,0,0,0,0,11210,0,0,0,0,11210,0,0,0,0,656714
102,29,0,12921,0,0,0,0,11210,0,0,0,0,11210,0,0,0,0,656714
102,30,0,12921,0,0,0,0,11210,0,0,0,0,11210,0,0,0,0,656714
102,31,0,12921,0,0,0,0,11210,0,0,0,0,0,12921,0,0,0,546161
102,32,0,12921,0,0,0,0,11210,0,0,0,0,0,12921,0,0,0,546161
102,33,0,12921,0,0,0,0,11210,0,0,0,0,0,12921,0,0,0,546161
102,34,0,12921,0,0,0,0,11210,0,0,0,0,0,0,14278,0,0,535177
102,35,0,12921,0,0,0,0,11210,0,0,0,0,0,0,14278,0,0,535177
102,36,0,12921,0,0,0,0,11210,0,0,0,0,0,0,14278,0,0,535177
102,37,0,12921,0,0,0,0,0,12921,0,0,0,0,11210,0,0,0,551167
102,38,0,12921,0,0,0,0,0,12921,0,0,0,0,11210,0,0,0,551167
102,39,0,12921,0,0,0,0,0,12921,0,0,0,0,11210,0,0,0,551167
102,40,0,12921,0,0,0,0,0,12921,0,0,0,0,0,12921,0,0,549207
102,41,0,12921,0,0,0,0,0,12921,0,0,0,0,0,12921,0,0,549207
102,42,0,12921,0,0,0,0,0,12921,0,0,0,0,0,12921,0,0,549207
102,43,0,12921,0,0,0,0,0,12921,0,0,0,0,0,0,14278,0,564977
102,44,0,12921,0,0,0,0,0,12921,0,0,0,0,0,0,14278,0,564977
102,45,0,12921,0,0,0,0,0,12921,0,0,0,0,0,0,14278,0,564977
102,46,0,12921,0,0,0,0,0,0,14278,0,0,0,0,11210,0,0,540584
102,47,0,12921,0,0,0,0,0,0,14278,0,0,0,0,11210,0,0,540584
102,48,0,12921,0,0,0,0,0,0,14278,0,0,0,0,11210,0,0,540584
102,49,0,12921,0,0,0,0,0,0,14278,0,0,0,0,0,12921,0,564710
102,50,0,12921,0,0,0,0,0,0,14278,0,0,0,0,0,12921,0,564710
102,51,0,12921,0,0,0,0,0,0,14278,0,0,0,0,0,12921,0,564710
102,52,0,12921,0,0,0,0,0,0,14278,0,0,0,0,0,0,14278,610059
102,53,0,12921,0,0,0,0,0,0,14278,0,0,0,0,0,0,14278,610059
102,54,0,12921,0,0,0,0,0,0,14278,0,0,0,0,0,0,14278,610059
102,55,0,0,14278,0,0,0,0,11210,0,0,0,0,11210,0,0,0,537482
102,56,0,0,14278,0,0,0,0,11210,0,0,0,0,11210,0,0,0,537482
102,57,0,0,14278,0,0,0,0,11210,0,0,0,0,11210,0,0,0,537482
102,58,0,0,14278,0,0,0,0,11210,0,0,0,0,0,12921,0,0,535522
102,59,0,0,14278,0,0,0,0,11210,0,0,0,0,0,12921,0,0,535522
102,60,0,0,14278,0,0,0,0,11210,0,0,0,0,0,12921,0,0,535522
102,61,0,0,14278,0,0,0,0,11210,0,0,0,0,0,0,14278,0,551292
102,62,0,0,14278,0,0,0,0,11210,0,0,0,0,0,0,14278,0,551292
102,63,0,0,14278,0,0,0,0,11210,0,0,0,0,0,0,14278,0,551292
102,64,0,0,14278,0,0,0,0,0,12921,0,0,0,0,11210,0,0,540159
102,65,0,0,14278,0,0,0,0,0,12921,0,0,0,0,11210,0,0,540159
102,66,0,0,14278,0,0,0,0,0,12921,0,0,0,0,11210,0,0,540159
102,67,0,0,14278,0,0,0,0,0,12921,0,0,0,0,0,12921,0,564285
102,68,0,0,14278,0,0,0,0,0,12921,0,0,0,0,0,12921,0,564285
102,69,0,0,14278,0,0,0,0,0,12921,0,0,0,0,0,12921,0,564285
102,70,0,0,14278,0,0,0,0,0,12921,0,0,0,0,0,0,14278,609634
102,71,0,0,14278,0,0,0,0,0,12921,0,0,0,0,0,0,14278,609634
102,72,0,0,14278,0,0,0,0,0,12921,0,0,0,0,0,0,14278,609634
102,73,0,0,14278,0,0,0,0,0,0,14278,0,0,0,0,11210,0,556298
102,74,0,0,14278,0,0,0,0,0,0,14278,0,0,0,0,11210,0,556298
102,75,0,0,14278,0,0,0,0,0,0,14278,0,0,0,0,11210,0,556298
102,76,0,0,14278,0,0,0,0,0,0,14278,0,0,0,0,0,12921,609385
102,77,0,0,14278,0,0,0,0,0,0,14278,0,0,0,0,0,12921,609385
102,78,0,0,14278,0,0,0,0,0,0,14278,0,0,0,0,0,12921,609385
102,79,0,0,14278,0,0,0,0,0,0,14278,0,0,0,0,0,0,683522
102,80,0,0,14278,0,0,0,0,0,0,14278,0,0,0,0,0,0,683522
102,81,0,0,14278,0,0,0,0,0,0,14278,0,0,0,0,0,0,683522
103,1,5115,0,0,0,0,5115,0,0,0,0,5115,0,0,0,0,5115,198375
103,2,5115,0,0,0,0,5115,0,0,0,0,5115,0,0,0,0,0,242179
103,3,5115,0,0,0,0,5115,0,0,0,0,5115,0,0,0,0,0,242179
103,4,5115,0,0,0,0,5115,0,0,0,0,0,6045,0,0,0,0,245654
103,5,5115,0,0,0,0,5115,0,0,0,0,0,6045,0,0,0,0,245654
103,6,5115,0,0,0,0,5115,0,0,0,0,0,6045,0,0,0,0,245654
103,7,5115,0,0,0,0,5115,0,0,0,0,0,0,6789,0,0,0,193292
103,8,5115,0,0,0,0,5115,0,0,0,0,0,0,6789,0,0,0,193292
103,9,5115,0,0,0,0,5115,0,0,0,0,0,0,6789,0,0,0,193292
103,10,5115,0,0,0,0,0,6045,0,0,0,0,5115,0,0,0,0,250759
103,11,5115,0,0,0,0,0,6045,0,0,0,0,5115,0,0,0,0,250759
103,12,5115,0,0,0,0,0,6045,0,0,0,0,5115,0,0,0,0,250759
103,13,5115,0,0,0,0,0,6045,0,0,0,0,0,6045,0,0,0,203568
103,14,5115,0,0,0,0,0,6045,0,0,0,0,0,6045,0,0,0,203568
103,15,5115,0,0,0,0,0,6045,0,0,0,0,0,6045,0,0,0,203568
103,16,5115,0,0,0,0,0,6045,0,0,0,0,0,0,6789,0,0,201723
103,17,5115,0,0,0,0,0,6045,0,0,0,0,0,0,6789,0,0,201723
103,18,5115,0,0,0,0,0,6045,0,0,0,0,0,0,6789,0,0,201723
103,19,5115,0,0,0,0,0,0,6789,0,0,0,0,5115,0,0,0,200699
103,20,5115,0,0,0,0,0,0,6789,0,0,0,0,5115,0,0,0,200699
103,21,5115,0,0,0,0,0,0,6789,0,0,0,0,5115,0,0,0,200699
103,22,5115,0,0,0,0,0,0,6789,0,0,0,0,0,6045,0,0,203641
103,23,5115,0,0,0,0,0,0,6789,0,0,0,0,0,6045,0,0,203641
103,24,5115,0,0,0,0,0,0,6789,0,0,0,0,0,6045,0,0,203641
103,25,5115,0,0,0,0,0,0,6789,0,0,0,0,0,0,6789,0,214916
103,26,5115,0,0,0,0,0,0,6789,0,0,0,0,0,0,6789,0,214916
103,27,5115,0,0,0,0,0,0,6789,0,0,0,0,0,0,6789,0,214916
103,28,0,6045,0,0,0,0,5115,0,0,0,0,5115,0,0,0,0,258262
103,29,0,6045,0,0,0,0,5115,0,0,0,0,5115,0,0,0,0,258262
103,30,0,6045,0,0,0,0,5115,0,0,0,0,5115,0,0,0,0,258262
103,31,0,6045,0,0,0,0,5115,0,0,0,0,0,6045,0,0,0,211071
103,32,0,6045,0,0,0,0,5115,0,0,0,0,0,6045,0,0,0,211071
103,33,0,6045,0,0,0,0,5115,0,0,0,0,0,6045,0,0,0,211071
103,34,0,6045,0,0,0,0,5115,0,0,0,0,0,0,6789,0,0,209226
103,35,0,6045,0,0,0,0,5115,0,0,0,0,0,0,6789,0,0,209226
103,36,0,6045,0,0,0,0,5115,0,0,0,0,0,0,6789,0,0,209226
103,37,0,6045,0,0,0,0,0,6045,0,0,0,0,5115,0,0,0,215799
103,38,0,6045,0,0,0,0,0,6045,0,0,0,0,5115,0,0,0,215799
103,39,0,6045,0,0,0,0,0,6045,0,0,0,0,5115,0,0,0,215799
103,40,0,6045,0,0,0,0,0,6045,0,0,0,0,0,6045,0,0,218741
103,41,0,6045,0,0,0,0,0,6045,0,0,0,0,0,6045,0,0,218741
103,42,0,6045,0,0,0,0,0,6045,0,0,0,0,0,6045,0,0,218741
103,43,0,6045,0,0,0,0,0,6045,0,0,0,0,0,0,6789,0,230016
103,44,0,6045,0,0,0,0,0,6045,0,0,0,0,0,0,6789,0,230016
103,45,0,6045,0,0,0,0,0,6045,0,0,0,0,0,0,6789,0,230016
103,46,0,6045,0,0,0,0,0,0,6789,0,0,0,0,5115,0,0,216086
103,47,0,6045,0,0,0,0,0,0,6789,0,0,0,0,5115,0,0,216086
103,48,0,6045,0,0,0,0,0,0,6789,0,0,0,0,5115,0,0,216086
103,49,0,6045,0,0,0,0,0,0,6789,0,0,0,0,0,6045,0,231792
103,50,0,6045,0,0,0,0,0,0,6789,0,0,0,0,0,6045,0,231792
103,51,0,6045,0,0,0,0,0,0,6789,0,0,0,0,0,6045,0,231792
103,52,0,6045,0,0,0,0,0,0,6789,0,0,0,0,0,0,6789,255871
103,53,0,6045,0,0,0,0,0,0,6789,0,0,0,0,0,0,6789,255871
103,54,0,6045,0,0,0,0,0,0,6789,0,0,0,0,0,0,6789,255871
103,55,0,0,6789,0,0,0,0,5115,0,0,0,0,5115,0,0,0,211584
103,56,0,0,6789,0,0,0,0,5115,0,0,0,0,5115,0,0,0,211584
103,57,0,0,6789,0,0,0,0,5115,0,0,0,0,5115,0,0,0,211584
103,58,0,0,6789,0,0,0,0,5115,0,0,0,0,0,6045,0,0,214526
103,59,0,0,6789,0,0,0,0,5115,0,0,0,0,0,6045,0,0,214526
103,60,0,0,6789,0,0,0,0,5115,0,0,0,0,0,6045,0,0,214526
103,61,0,0,6789,0,0,0,0,5115,0,0,0,0,0,0,6789,0,225801
103,62,0,0,6789,0,0,0,0,5115,0,0,0,0,0,0,6789,0,225801
103,63,0,0,6789,0,0,0,0,5115,0,0,0,0,0,0,6789,0,225801
103,64,0,0,6789,0,0,0,0,0,6045,0,0,0,0,5115,0,0,218905
103,65,0,0,6789,0,0,0,0,0,6045,0,0,0,0,5115,0,0,218905
103,66,0,0,6789,0,0,0,0,0,6045,0,0,0,0,5115,0,0,218905
103,67,0,0,6789,0,0,0,0,0,6045,0,0,0,0,0,6045,0,234611
103,68,0,0,6789,0,0,0,0,0,6045,0,0,0,0,0,6045,0,234611
103,69,0,0,6789,0,0,0,0,0,6045,0,0,0,0,0,6045,0,234611
103,70,0,0,6789,0,0,0,0,0,6045,0,0,0,0,0,0,6789,258690
103,71,0,0,6789,0,0,0,0,0,6045,0,0,0,0,0,0,6789,258690
103,72,0,0,6789,0,0,0,0,0,6045,0,0,0,0,0,0,6789,258690
103,73,0,0,6789,0,0,0,0,0,0,6789,0,0,0,0,5115,0,232152
103,74,0,0,6789,0,0,0,0,0,0,6789,0,0,0,0,5115,0,232152
103,75,0,0,6789,0,0,0,0,0,0,6789,0,0,0,0,5115,0,232152
103,76,0,0,6789,0,0,0,0,0,0,6789,0,0,0,0,0,6045,260335
103,77,0,0,6789,0,0,0,0,0,0,6789,0,0,0,0,0,6045,260335
103,78,0,0,6789,0,0,0,0,0,0,6789,0,0,0,0,0,6045,260335
103,79,0,0,6789,0,0,0,0,0,0,6789,0,0,0,0,0,0,300338
103,80,0,0,6789,0,0,0,0,0,0,6789,0,0,0,0,0,0,300338
103,81,0,0,6789,0,0,0,0,0,0,6789,0,0,0,0,0,0,300338
104,1,8250,0,0,0,0,8250,0,0,0,0,8250,0,0,0,0,8250,319949
104,2,8250,0,0,0,0,8250,0,0,0,0,8250,0,0,0,0,0,390600
104,3,8250,0,0,0,0,8250,0,0,0,0,8250,0,0,0,0,0,390600
104,4,8250,0,0,0,0,8250,0,0,0,0,0,9750,0,0,0,0,396208
104,5,8250,0,0,0,0,8250,0,0,0,0,0,9750,0,0,0,0,396208
104,6,8250,0,0,0,0,8250,0,0,0,0,0,9750,0,0,0,0,396208
104,7,8250,0,0,0,0,8250,0,0,0,0,0,0,10950,0,0,0,311750
104,8,8250,0,0,0,0,8250,0,0,0,0,0,0,10950,0,0,0,311750
104,9,8250,0,0,0,0,8250,0,0,0,0,0,0,10950,0,0,0,311750
104,10,8250,0,0,0,0,0,9750,0,0,0,0,8250,0,0,0,0,404443
104,11,8250,0,0,0,0,0,9750,0,0,0,0,8250,0,0,0,0,404443
104,12,8250,0,0,0,0,0,9750,0,0,0,0,8250,0,0,0,0,404443
104,13,8250,0,0,0,0,0,9750,0,0,0,0,0,9750,0,0,0,328325
104,14,8250,0,0,0,0,0,9750,0,0,0,0,0,9750,0,0,0,328325
104,15,8250,0,0,0,0,0,9750,0,0,0,0,0,9750,0,0,0,328325
104,16,8250,0,0,0,0,0,9750,0,0,0,0,0,0,10950,0,0,325350
104,17,8250,0,0,0,0,0,9750,0,0,0,0,0,0,10950,0,0,325350
104,18,8250,0,0,0,0,0,9750,0,0,0,0,0,0,10950,0,0,325350
104,19,8250,0,0,0,0,0,0,10950,0,0,0,0,8250,0,0,0,323698
104,20,8250,0,0,0,0,0,0,10950,0,0,0,0,8250,0,0,0,323698
104,21,8250,0,0,0,0,0,0,10950,0,0,0,0,8250,0,0,0,323698
104,22,8250,0,0,0,0,0,0,10950,0,0,0,0,0,9750,0,0,328445
104,23,8250,0,0,0,0,0,0,10950,0,0,0,0,0,9750,0,0,328445
104,24,8250,0,0,0,0,0,0,10950,0,0,0,0,0,9750,0,0,328445
104,25,8250,0,0,0,0,0,0,10950,0,0,0,0,0,0,10950,0,346629
104,26,8250,0,0,0,0,0,0,10950,0,0,0,0,0,0,10950,0,346629
104,27,8250,0,0,0,0,0,0,10950,0,0,0,0,0,0,10950,0,346629
104,28,0,9750,0,0,0,0,8250,0,0,0,0,8250,0,0,0,0,416546
104,29,0,9750,0,0,0,0,8250,0,0,0,0,8250,0,0,0,0,416546
104,30,0,9750,0,0,0,0,8250,0,0,0,0,8250,0,0,0,0,416546
104,31,0,9750,0,0,0,0,8250,0,0,0,0,0,9750,0,0,0,340428
104,32,0,9750,0,0,0,0,8250,0,0,0,0,0,9750,0,0,0,340428
104,33,0,9750,0,0,0,0,8250,0,0,0,0,0,9750,0,0,0,340428
104,34,0,9750,0,0,0,0,8250,0,0,0,0,0,0,10950,0,0,337453
104,35,0,9750,0,0,0,0,8250,0,0,0,0,0,0,10950,0,0,337453
104,36,0,9750,0,0,0,0,8250,0,0,0,0,0,0,10950,0,0,337453
104,37,0,9750,0,0,0,0,0,9750,0,0,0,0,8250,0,0,0,348055
104,38,0,9750,0,0,0,0,0,9750,0,0,0,0,8250,0,0,0,348055
104,39,0,9750,0,0,0,0,0,9750,0,0,0,0,8250,0,0,0,348055
104,40,0,9750,0,0,0,0,0,9750,0,0,0,0,0,9750,0,0,352802
104,41,0,9750,0,0,0,0,0,9750,0,0,0,0,0,9750,0,0,352802
104,42,0,9750,0,0,0,0,0,9750,0,0,0,0,0,9750,0,0,352802
104,43,0,9750,0,0,0,0,0,9750,0,0,0,0,0,0,10950,0,370986
104,44,0,9750,0,0,0,0,0,9750,0,0,0,0,0,0,10950,0,370986
104,45,0,9750,0,0,0,0,0,9750,0,0,0,0,0,0,10950,0,370986
104,46,0,9750,0,0,0,0,0,0,10950,0,0,0,0,8250,0,0,348519
104,47,0,9750,0,0,0,0,0,0,10950,0,0,0,0,8250,0,0,348519
104,48,0,9750,0,0,0,0,0,0,10950,0,0,0,0,8250,0,0,348519
104,49,0,9750,0,0,0,0,0,0,10950,0,0,0,0,0,9750,0,373854
104,50,0,9750,0,0,0,0,0,0,10950,0,0,0,0,0,9750,0,373854
104,51,0,9750,0,0,0,0,0,0,10950,0,0,0,0,0,9750,0,373854
104,52,0,9750,0,0,0,0,0,0,10950,0,0,0,0,0,0,10950,412689
104,53,0,9750,0,0,0,0,0,0,10950,0,0,0,0,0,0,10950,412689
104,54,0,9750,0,0,0,0,0,0,10950,0,0,0,0,0,0,10950,412689
104,55,0,0,10950,0,0,0,0,8250,0,0,0,0,8250,0,0,0,341257
104,56,0,0,10950,0,0,0,0,8250,0,0,0,0,8250,0,0,0,341257
104,57,0,0,10950,0,0,0,0,8250,0,0,0,0,8250,0,0,0,341257
104,58,0,0,10950,0,0,0,0,8250,0,0,0,0,0,9750,0,0,346004
104,59,0,0,10950,0,0,0,0,8250,0,0,0,0,0,9750,0,0,346004
104,60,0,0,10950,0,0,0,0,8250,0,0,0,0,0,9750,0,0,346004
104,61,0,0,10950,0,0,0,0,8250,0,0,0,0,0,0,10950,0,364188
104,62,0,0,10950,0,0,0,0,8250,0,0,0,0,0,0,10950,0,364188
104,63,0,0,10950,0,0,0,0,8250,0,0,0,0,0,0,10950,0,364188
104,64,0,0,10950,0,0,0,0,0,9750,0,0,0,0,8250,0,0,353067
104,65,0,0,10950,0,0,0,0,0,9750,0,0,0,0,8250,0,0,353067
104,66,0,0,10950,0,0,0,0,0,9750,0,0,0,0,8250,0,0,353067
104,67,0,0,10950,0,0,0,0,0,9750,0,0,0,0,0,9750,0,378402
104,68,0,0,10950,0,0,0,0,0,9750,0,0,0,0,0,9750,0,378402
104,69,0,0,10950,0,0,0,0,0,9750,0,0,0,0,0,9750,0,378402
104,70,0,0,10950,0,0,0,0,0,9750,0,0,0,0,0,0,10950,417237
104,71,0,0,10950,0,0,0,0,0,9750,0,0,0,0,0,0,10950,417237
104,72,0,0,10950,0,0,0,0,0,9750,0,0,0,0,0,0,10950,417237
104,73,0,0,10950,0,0,0,0,0,0,10950,0,0,0,0,8250,0,374434
104,74,0,0,10950,0,0,0,0,0,0,10950,0,0,0,0,8250,0,374434
104,75,0,0,10950,0,0,0,0,0,0,10950,0,0,0,0,8250,0,374434
104,76,0,0,10950,0,0,0,0,0,0,10950,0,0,0,0,0,9750,419889
104,77,0,0,10950,0,0,0,0,0,0,10950,0,0,0,0,0,9750,419889
104,78,0,0,10950,0,0,0,0,0,0,10950,0,0,0,0,0,9750,419889
104,79,0,0,10950,0,0,0,0,0,0,10950,0,0,0,0,0,0,484411
104,80,0,0,10950,0,0,0,0,0,0,10950,0,0,0,0,0,0,484411
104,81,0,0,10950,0,0,0,0,0,0,10950,0,0,0,0,0,0,484411
105,1,5134,0,0,0,0,5134,0,0,0,0,5134,0,0,0,0,5134,159144
105,2,5134,0,0,0,0,5134,0,0,0,0,5134,0,0,0,0,0,207643
105,3,5134,0,0,0,0,5134,0,0,0,0,5134,0,0,0,0,0,207643
105,4,5134,0,0,0,0,5134,0,0,0,0,0,6154,0,0,0,0,212272
105,5,5134,0,0,0,0,5134,0,0,0,0,0,6154,0,0,0,0,212272
105,6,5134,0,0,0,0,5134,0,0,0,0,0,6154,0,0,0,0,212272
105,7,5134,0,0,0,0,5134,0,0,0,0,0,0,6970,0,0,0,161253
105,8,5134,0,0,0,0,5134,0,0,0,0,0,0,6970,0,0,0,161253
105,9,5134,0,0,0,0,5134,0,0,0,0,0,0,6970,0,0,0,161253
105,10,5134,0,0,0,0,0,6154,0,0,0,0,5134,0,0,0,0,219073
105,11,5134,0,0,0,0,0,6154,0,0,0,0,5134,0,0,0,0,219073
105,12,5134,0,0,0,0,0,6154,0,0,0,0,5134,0,0,0,0,219073
105,13,5134,0,0,0,0,0,6154,0,0,0,0,0,6154,0,0,0,173725
105,14,5134,0,0,0,0,0,6154,0,0,0,0,0,6154,0,0,0,173725
105,15,5134,0,0,0,0,0,6154,0,0,0,0,0,6154,0,0,0,173725
105,16,5134,0,0,0,0,0,6154,0,0,0,0,0,0,6970,0,0,173693
105,17,5134,0,0,0,0,0,6154,0,0,0,0,0,0,6970,0,0,173693
105,18,5134,0,0,0,0,0,6154,0,0,0,0,0,0,6970,0,0,173693
105,19,5134,0,0,0,0,0,0,6970,0,0,0,0,5134,0,0,0,171690
105,20,5134,0,0,0,0,0,0,6970,0,0,0,0,5134,0,0,0,171690
105,21,5134,0,0,0,0,0,0,6970,0,0,0,0,5134,0,0,0,171690
105,22,5134,0,0,0,0,0,0,6970,0,0,0,0,0,6154,0,0,176909
105,23,5134,0,0,0,0,0,0,6970,0,0,0,0,0,6154,0,0,176909
105,24,5134,0,0,0,0,0,0,6970,0,0,0,0,0,6154,0,0,176909
105,25,5134,0,0,0,0,0,0,6970,0,0,0,0,0,0,6970,0,190716
105,26,5134,0,0,0,0,0,0,6970,0,0,0,0,0,0,6970,0,190716
105,27,5134,0,0,0,0,0,0,6970,0,0,0,0,0,0,6970,0,190716
105,28,0,6154,0,0,0,0,5134,0,0,0,0,5134,0,0,0,0,229064
105,29,0,6154,0,0,0,0,5134,0,0,0,0,5134,0,0,0,0,229064
105,30,0,6154,0,0,0,0,5134,0,0,0,0,5134,0,0,0,0,229064
105,31,0,6154,0,0,0,0,5134,0,0,0,0,0,6154,0,0,0,183716
105,32,0,6154,0,0,0,0,5134,0,0,0,0,0,6154,0,0,0,183716
105,33,0,6154,0,0,0,0,5134,0,0,0,0,0,6154,0,0,0,183716
105,34,0,6154,0,0,0,0,5134,0,0,0,0,0,0,6970,0,0,183684
105,35,0,6154,0,0,0,0,5134,0,0,0,0,0,0,6970,0,0,183684
105,36,0,6154,0,0,0,0,5134,0,0,0,0,0,0,6970,0,0,183684
105,37,0,6154,0,0,0,0,0,6154,0,0,0,0,5134,0,0,0,190013
105,38,0,6154,0,0,0,0,0,6154,0,0,0,0,5134,0,0,0,190013
105,39,0,6154,0,0,0,0,0,6154,0,0,0,0,5134,0,0,0,190013
105,40,0,6154,0,0,0,0,0,6154,0,0,0,0,0,6154,0,0,195232
105,41,0,6154,0,0,0,0,0,6154,0,0,0,0,0,6154,0,0,195232
105,42,0,6154,0,0,0,0,0,6154,0,0,0,0,0,6154,0,0,195232
105,43,0,6154,0,0,0,0,0,6154,0,0,0,0,0,0,6970,0,209039
105,44,0,6154,0,0,0,0,0,6154,0,0,0,0,0,0,6970,0,209039
105,45,0,6154,0,0,0,0,0,6154,0,0,0,0,0,0,6970,0,209039
105,46,0,6154,0,0,0,0,0,0,6970,0,0,0,0,5134,0,0,193347
105,47,0,6154,0,0,0,0,0,0,6970,0,0,0,0,5134,0,0,193347
105,48,0,6154,0,0,0,0,0,0,6970,0,0,0,0,5134,0,0,193347
105,49,0,6154,0,0,0,0,0,0,6970,0,0,0,0,0,6154,0,212016
105,50,0,6154,0,0,0,0,0,0,6970,0,0,0,0,0,6154,0,212016
105,51,0,6154,0,0,0,0,0,0,6970,0,0,0,0,0,6154,0,212016
105,52,0,6154,0,0,0,0,0,0,6970,0,0,0,0,0,0,6970,238330
105,53,0,6154,0,0,0,0,0,0,6970,0,0,0,0,0,0,6970,238330
105,54,0,6154,0,0,0,0,0,0,6970,0,0,0,0,0,0,6970,238330
105,55,0,0,6970,0,0,0,0,5134,0,0,0,0,5134,0,0,0,187024
105,56,0,0,6970,0,0,0,0,5134,0,0,0,0,5134,0,0,0,187024
105,57,0,0,6970,0,0,0,0,5134,0,0,0,0,5134,0,0,0,187024
105,58,0,0,6970,0,0,0,0,5134,0,0,0,0,0,6154,0,0,192243
105,59,0,0,6970,0,0,0,0,5134,0,0,0,0,0,6154,0,0,192243
105,60,0,0,6970,0,0,0,0,5134,0,0,0,0,0,6154,0,0,192243
105,61,0,0,6970,0,0,0,0,5134,0,0,0,0,0,0,6970,0,206050
105,62,0,0,6970,0,0,0,0,5134,0,0,0,0,0,0,6970,0,206050
105,63,0,0,6970,0,0,0,0,5134,0,0,0,0,0,0,6970,0,206050
105,64,0,0,6970,0,0,0,0,0,6154,0,0,0,0,5134,0,0,198073
105,65,0,0,6970,0,0,0,0,0,6154,0,0,0,0,5134,0,0,198073
105,66,0,0,6970,0,0,0,0,0,6154,0,0,0,0,5134,0,0,198073
105,67,0,0,6970,0,0,0,0,0,6154,0,0,0,0,0,6154,0,216742
105,68,0,0,6970,0,0,0,0,0,6154,0,0,0,0,0,6154,0,216742
105,69,0,0,6970,0,0,0,0,0,6154,0,0,0,0,0,6154,0,216742
105,70,0,0,6970,0,0,0,0,0,6154,0,0,0,0,0,0,6970,243056
105,71,0,0,6970,0,0,0,0,0,6154,0,0,0,0,0,0,6970,243056
105,72,0,0,6970,0,0,0,0,0,6154,0,0,0,0,0,0,6970,243056
105,73,0,0,6970,0,0,0,0,0,0,6970,0,0,0,0,5134,0,214995
105,74,0,0,6970,0,0,0,0,0,0,6970,0,0,0,0,5134,0,214995
105,75,0,0,6970,0,0,0,0,0,0,6970,0,0,0,0,5134,0,214995
105,76,0,0,6970,0,0,0,0,0,0,6970,0,0,0,0,0,6154,245811
105,77,0,0,6970,0,0,0,0,0,0,6970,0,0,0,0,0,6154,245811
105,78,0,0,6970,0,0,0,0,0,0,6970,0,0,0,0,0,6154,245811
105,79,0,0,6970,0,0,0,0,0,0,6970,0,0,0,0,0,0,290142
105,80,0,0,6970,0,0,0,0,0,0,6970,0,0,0,0,0,0,290142
105,81,0,0,6970,0,0,0,0,0,0,6970,0,0,0,0,0,0,290142
106,1,8930,0,0,0,0,8930,0,0,0,0,8930,0,0,0,0,8930,444812
106,2,8930,0,0,0,0,8930,0,0,0,0,8930,0,0,0,0,0,509578
106,3,8930,0,0,0,0,8930,0,0,0,0,8930,0,0,0,0,0,509578
106,4,8930,0,0,0,0,8930,0,0,0,0,0,10293,0,0,0,0,512509
106,5,8930,0,0,0,0,8930,0,0,0,0,0,10293,0,0,0,0,512509
106,6,8930,0,0,0,0,8930,0,0,0,0,0,10293,0,0,0,0,512509
106,7,8930,0,0,0,0,8930,0,0,0,0,0,0,11374,0,0,0,416674
106,8,8930,0,0,0,0,8930,0,0,0,0,0,0,11374,0,0,0,416674
106,9,8930,0,0,0,0,8930,0,0,0,0,0,0,11374,0,0,0,416674
106,10,8930,0,0,0,0,0,10293,0,0,0,0,8930,0,0,0,0,516819
106,11,8930,0,0,0,0,0,10293,0,0,0,0,8930,0,0,0,0,516819
106,12,8930,0,0,0,0,0,10293,0,0,0,0,8930,0,0,0,0,516819
106,13,8930,0,0,0,0,0,10293,0,0,0,0,0,10293,0,0,0,428748
106,14,8930,0,0,0,0,0,10293,0,0,0,0,0,10293,0,0,0,428748
106,15,8930,0,0,0,0,0,10293,0,0,0,0,0,10293,0,0,0,428748
106,16,8930,0,0,0,0,0,10293,0,0,0,0,0,0,11374,0,0,420002
106,17,8930,0,0,0,0,0,10293,0,0,0,0,0,0,11374,0,0,420002
106,18,8930,0,0,0,0,0,10293,0,0,0,0,0,0,11374,0,0,420002
106,19,8930,0,0,0,0,0,0,11374,0,0,0,0,8930,0,0,0,421327
106,20,8930,0,0,0,0,0,0,11374,0,0,0,0,8930,0,0,0,421327
106,21,8930,0,0,0,0,0,0,11374,0,0,0,0,8930,0,0,0,421327
106,22,8930,0,0,0,0,0,0,11374,0,0,0,0,0,10293,0,0,419770
106,23,8930,0,0,0,0,0,0,11374,0,0,0,0,0,10293,0,0,419770
106,24,8930,0,0,0,0,0,0,11374,0,0,0,0,0,10293,0,0,419770
106,25,8930,0,0,0,0,0,0,11374,0,0,0,0,0,0,11374,0,432331
106,26,8930,0,0,0,0,0,0,11374,0,0,0,0,0,0,11374,0,432331
106,27,8930,0,0,0,0,0,0,11374,0,0,0,0,0,0,11374,0,432331
106,28,0,10293,0,0,0,0,8930,0,0,0,0,8930,0,0,0,0,523148
106,29,0,10293,0,0,0,0,8930,0,0,0,0,8930,0,0,0,0,523148
106,30,0,10293,0,0,0,0,8930,0,0,0,0,8930,0,0,0,0,523148
106,31,0,10293,0,0,0,0,8930,0,0,0,0,0,10293,0,0,0,435077
106,32,0,10293,0,0,0,0,8930,0,0,0,0,0,10293,0,0,0,435077
106,33,0,10293,0,0,0,0,8930,0,0,0,0,0,10293,0,0,0,435077
106,34,0,10293,0,0,0,0,8930,0,0,0,0,0,0,11374,0,0,426331
106,35,0,10293,0,0,0,0,8930,0,0,0,0,0,0,11374,0,0,426331
106,36,0,10293,0,0,0,0,8930,0,0,0,0,0,0,11374,0,0,426331
106,37,0,10293,0,0,0,0,0,10293,0,0,0,0,8930,0,0,0,439064
106,38,0,10293,0,0,0,0,0,10293,0,0,0,0,8930,0,0,0,439064
106,39,0,10293,0,0,0,0,0,10293,0,0,0,0,8930,0,0,0,439064
106,40,0,10293,0,0,0,0,0,10293,0,0,0,0,0,10293,0,0,437507
106,41,0,10293,0,0,0,0,0,10293,0,0,0,0,0,10293,0,0,437507
106,42,0,10293,0,0,0,0,0,10293,0,0,0,0,0,10293,0,0,437507
106,43,0,10293,0,0,0,0,0,10293,0,0,0,0,0,0,11374,0,450068
106,44,0,10293,0,0,0,0,0,10293,0,0,0,0,0,0,11374,0,450068
106,45,0,10293,0,0,0,0,0,10293,0,0,0,0,0,0,11374,0,450068
106,46,0,10293,0,0,0,0,0,0,11374,0,0,0,0,8930,0,0,430637
106,47,0,10293,0,0,0,0,0,0,11374,0,0,0,0,8930,0,0,430637
106,48,0,10293,0,0,0,0,0,0,11374,0,0,0,0,8930,0,0,430637
106,49,0,10293,0,0,0,0,0,0,11374,0,0,0,0,0,10293,0,449855
106,50,0,10293,0,0,0,0,0,0,11374,0,0,0,0,0,10293,0,449855
106,51,0,10293,0,0,0,0,0,0,11374,0,0,0,0,0,10293,0,449855
106,52,0,10293,0,0,0,0,0,0,11374,0,0,0,0,0,0,11374,485981
106,53,0,10293,0,0,0,0,0,0,11374,0,0,0,0,0,0,11374,485981
106,54,0,10293,0,0,0,0,0,0,11374,0,0,0,0,0,0,11374,485981
106,55,0,0,11374,0,0,0,0,8930,0,0,0,0,8930,0,0,0,428163
106,56,0,0,11374,0,0,0,0,8930,0,0,0,0,8930,0,0,0,428163
106,57,0,0,11374,0,0,0,0,8930,0,0,0,0,8930,0,0,0,428163
106,58,0,0,11374,0,0,0,0,8930,0,0,0,0,0,10293,0,0,426606
106,59,0,0,11374,0,0,0,0,8930,0,0,0,0,0,10293,0,0,426606
106,60,0,0,11374,0,0,0,0,8930,0,0,0,0,0,10293,0,0,426606
106,61,0,0,11374,0,0,0,0,8930,0,0,0,0,0,0,11374,0,439167
106,62,0,0,11374,0,0,0,0,8930,0,0,0,0,0,0,11374,0,439167
106,63,0,0,11374,0,0,0,0,8930,0,0,0,0,0,0,11374,0,439167
106,64,0,0,11374,0,0,0,0,0,10293,0,0,0,0,8930,0,0,430299
106,65,0,0,11374,0,0,0,0,0,10293,0,0,0,0,8930,0,0,430299
106,66,0,0,11374,0,0,0,0,0,10293,0,0,0,0,8930,0,0,430299
106,67,0,0,11374,0,0,0,0,0,10293,0,0,0,0,0,10293,0,449517
106,68,0,0,11374,0,0,0,0,0,10293,0,0,0,0,0,10293,0,449517
106,69,0,0,11374,0,0,0,0,0,10293,0,0,0,0,0,10293,0,449517
106,70,0,0,11374,0,0,0,0,0,10293,0,0,0,0,0,0,11374,485643
106,71,0,0,11374,0,0,0,0,0,10293,0,0,0,0,0,0,11374,485643
106,72,0,0,11374,0,0,0,0,0,10293,0,0,0,0,0,0,11374,485643
106,73,0,0,11374,0,0,0,0,0,0,11374,0,0,0,0,8930,0,443156
106,74,0,0,11374,0,0,0,0,0,0,11374,0,0,0,0,8930,0,443156
106,75,0,0,11374,0,0,0,0,0,0,11374,0,0,0,0,8930,0,443156
106,76,0,0,11374,0,0,0,0,0,0,11374,0,0,0,0,0,10293,485446
106,77,0,0,11374,0,0,0,0,0,0,11374,0,0,0,0,0,10293,485446
106,78,0,0,11374,0,0,0,0,0,0,11374,0,0,0,0,0,10293,485446
106,79,0,0,11374,0,0,0,0,0,0,11374,0,0,0,0,0,0,544504
106,80,0,0,11374,0,0,0,0,0,0,11374,0,0,0,0,0,0,544504
106,81,0,0,11374,0,0,0,0,0,0,11374,0,0,0,0,0,0,544504
107,1,7520,0,0,0,0,6320,0,0,0,0,6320,0,0,0,0,6320,281654
107,2,7520,0,0,0,0,6320,0,0,0,0,6320,0,0,0,0,0,338385
107,3,7520,0,0,0,0,6320,0,0,0,0,6320,0,0,0,0,0,338385
107,4,7520,0,0,0,0,6320,0,0,0,0,0,7520,0,0,0,0,343351
107,5,7520,0,0,0,0,6320,0,0,0,0,0,7520,0,0,0,0,343351
107,6,7520,0,0,0,0,6320,0,0,0,0,0,7520,0,0,0,0,343351
107,7,7520,0,0,0,0,6320,0,0,0,0,0,0,8480,0,0,0,279617
107,8,7520,0,0,0,0,6320,0,0,0,0,0,0,8480,0,0,0,279617
107,9,7520,0,0,0,0,6320,0,0,0,0,0,0,8480,0,0,0,279617
107,10,7520,0,0,0,0,0,7520,0,0,0,0,6320,0,0,0,0,350646
107,11,7520,0,0,0,0,0,7520,0,0,0,0,6320,0,0,0,0,350646
107,12,7520,0,0,0,0,0,7520,0,0,0,0,6320,0,0,0,0,350646
107,13,7520,0,0,0,0,0,7520,0,0,0,0,0,7520,0,0,0,293583
107,14,7520,0,0,0,0,0,7520,0,0,0,0,0,7520,0,0,0,293583
107,15,7520,0,0,0,0,0,7520,0,0,0,0,0,7520,0,0,0,293583
107,16,7520,0,0,0,0,0,7520,0,0,0,0,0,0,8480,0,0,292316
107,17,7520,0,0,0,0,0,7520,0,0,0,0,0,0,8480,0,0,292316
107,18,7520,0,0,0,0,0,7520,0,0,0,0,0,0,8480,0,0,292316
107,19,7520,0,0,0,0,0,0,8480,0,0,0,0,6320,0,0,0,290536
107,20,7520,0,0,0,0,0,0,8480,0,0,0,0,6320,0,0,0,290536
107,21,7520,0,0,0,0,0,0,8480,0,0,0,0,6320,0,0,0,290536
107,22,7520,0,0,0,0,0,0,8480,0,0,0,0,0,7520,0,0,295447
107,23,7520,0,0,0,0,0,0,8480,0,0,0,0,0,7520,0,0,295447
107,24,7520,0,0,0,0,0,0,8480,0,0,0,0,0,7520,0,0,295447
107,25,7520,0,0,0,0,0,0,8480,0,0,0,0,0,0,8480,0,310844
107,26,7520,0,0,0,0,0,0,8480,0,0,0,0,0,0,8480,0,310844
107,27,7520,0,0,0,0,0,0,8480,0,0,0,0,0,0,8480,0,310844
107,28,7520,0,0,0,0,6320,0,0,0,0,6320,0,0,0,0,6320,281654
107,29,7520,0,0,0,0,6320,0,0,0,0,6320,0,0,0,0,0,338385
107,30,7520,0,0,0,0,6320,0,0,0,0,6320,0,0,0,0,0,338385
107,31,7520,0,0,0,0,6320,0,0,0,0,0,7520,0,0,0,0,343351
107,32,7520,0,0,0,0,6320,0,0,0,0,0,7520,0,0,0,0,343351
107,33,7520,0,0,0,0,6320,0,0,0,0,0,7520,0,0,0,0,343351
107,34,7520,0,0,0,0,6320,0,0,0,0,0,0,8480,0,0,0,279617
107,35,7520,0,0,0,0,6320,0,0,0,0,0,0,8480,0,0,0,279617
107,36,7520,0,0,0,0,6320,0,0,0,0,0,0,8480,0,0,0,279617
107,37,7520,0,0,0,0,0,7520,0,0,0,0,6320,0,0,0,0,350646
107,38,7520,0,0,0,0,0,7520,0,0,0,0,6320,0,0,0,0,350646
107,39,7520,0,0,0,0,0,7520,0,0,0,0,6320,0,0,0,0,350646
107,40,7520,0,0,0,0,0,7520,0,0,0,0,0,7520,0,0,0,293583
107,41,7520,0,0,0,0,0,7520,0,0,0,0,0,7520,0,0,0,293583
107,42,7520,0,0,0,0,0,7520,0,0,0,0,0,7520,0,0,0,293583
107,43,7520,0,0,0,0,0,7520,0,0,0,0,0,0,8480,0,0,292316
107,44,7520,0,0,0,0,0,7520,0,0,0,0,0,0,8480,0,0,292316
107,45,7520,0,0,0,0,0,7520,0,0,0,0,0,0,8480,0,0,292316
107,46,7520,0,0,0,0,0,0,8480,0,0,0,0,6320,0,0,0,290536
107,47,7520,0,0,0,0,0,0,8480,0,0,0,0,6320,0,0,0,290536
107,48,7520,0,0,0,0,0,0,8480,0,0,0,0,6320,0,0,0,290536
107,49,7520,0,0,0,0,0,0,8480,0,0,0,0,0,7520,0,0,295447
107,50,7520,0,0,0,0,0,0,8480,0,0,0,0,0,7520,0,0,295447
107,51,7520,0,0,0,0,0,0,8480,0,0,0,0,0,7520,0,0,295447
107,52,7520,0,0,0,0,0,0,8480,0,0,0,0,0,0,8480,0,310844
107,53,7520,0,0,0,0,0,0,8480,0,0,0,0,0,0,8480,0,310844
107,54,7520,0,0,0,0,0,0,8480,0,0,0,0,0,0,8480,0,310844
107,55,0,8480,0,0,0,0,6320,0,0,0,0,6320,0,0,0,0,345809
107,56,0,8480,0,0,0,0,6320,0,0,0,0,6320,0,0,0,0,345809
107,57,0,8480,0,0,0,0,6320,0,0,0,0,6320,0,0,0,0,345809
107,58,0,8480,0,0,0,0,6320,0,0,0,0,0,7520,0,0,0,288746
107,59,0,8480,0,0,0,0,6320,0,0,0,0,0,7520,0,0,0,288746
107,60,0,8480,0,0,0,0,6320,0,0,0,0,0,7520,0,0,0,288746
107,61,0,8480,0,0,0,0,6320,0,0,0,0,0,0,8480,0,0,287479
107,62,0,8480,0,0,0,0,6320,0,0,0,0,0,0,8480,0,0,287479
107,63,0,8480,0,0,0,0,6320,0,0,0,0,0,0,8480,0,0,287479
107,64,0,8480,0,0,0,0,0,7520,0,0,0,0,6320,0,0,0,295501
107,65,0,8480,0,0,0,0,0,7520,0,0,0,0,6320,0,0,0,295501
107,66,0,8480,0,0,0,0,0,7520,0,0,0,0,6320,0,0,0,295501
107,67,0,8480,0,0,0,0,0,7520,0,0,0,0,0,7520,0,0,300412
107,68,0,8480,0,0,0,0,0,7520,0,0,0,0,0,7520,0,0,300412
107,69,0,8480,0,0,0,0,0,7520,0,0,0,0,0,7520,0,0,300412
107,70,0,8480,0,0,0,0,0,7520,0,0,0,0,0,0,8480,0,315809
107,71,0,8480,0,0,0,0,0,7520,0,0,0,0,0,0,8480,0,315809
107,72,0,8480,0,0,0,0,0,7520,0,0,0,0,0,0,8480,0,315809
107,73,0,8480,0,0,0,0,0,0,8480,0,0,0,0,6320,0,0,297590
107,74,0,8480,0,0,0,0,0,0,8480,0,0,0,0,6320,0,0,297590
107,75,0,8480,0,0,0,0,0,0,8480,0,0,0,0,6320,0,0,297590
107,76,0,8480,0,0,0,0,0,0,8480,0,0,0,0,0,7520,0,318706
107,77,0,8480,0,0,0,0,0,0,8480,0,0,0,0,0,7520,0,318706
107,78,0,8480,0,0,0,0,0,0,8480,0,0,0,0,0,7520,0,318706
107,79,0,8480,0,0,0,0,0,0,8480,0,0,0,0,0,0,8480,349777
107,80,0,8480,0,0,0,0,0,0,8480,0,0,0,0,0,0,8480,349777
107,81,0,8480,0,0,0,0,0,0,8480,0,0,0,0,0,0,8480,349777
108,1,11289,0,0,0,0,9752,0,0,0,0,9752,0,0,0,0,9752,539503
108,2,11289,0,0,0,0,9752,0,0,0,0,9752,0,0,0,0,0,612753
108,3,11289,0,0,0,0,9752,0,0,0,0,9752,0,0,0,0,0,612753
108,4,11289,0,0,0,0,9752,0,0,0,0,0,11289,0,0,0,0,616605
108,5,11289,0,0,0,0,9752,0,0,0,0,0,11289,0,0,0,0,616605
108,6,11289,0,0,0,0,9752,0,0,0,0,0,11289,0,0,0,0,616605
108,7,11289,0,0,0,0,9752,0,0,0,0,0,0,12508,0,0,0,512755
108,8,11289,0,0,0,0,9752,0,0,0,0,0,0,12508,0,0,0,512755
108,9,11289,0,0,0,0,9752,0,0,0,0,0,0,12508,0,0,0,512755
108,10,11289,0,0,0,0,0,11289,0,0,0,0,9752,0,0,0,0,622263
108,11,11289,0,0,0,0,0,11289,0,0,0,0,9752,0,0,0,0,622263
108,12,11289,0,0,0,0,0,11289,0,0,0,0,9752,0,0,0,0,622263
108,13,11289,0,0,0,0,0,11289,0,0,0,0,0,11289,0,0,0,527169
108,14,11289,0,0,0,0,0,11289,0,0,0,0,0,11289,0,0,0,527169
108,15,11289,0,0,0,0,0,11289,0,0,0,0,0,11289,0,0,0,527169
108,16,11289,0,0,0,0,0,11289,0,0,0,0,0,0,12508,0,0,518699
108,17,11289,0,0,0,0,0,11289,0,0,0,0,0,0,12508,0,0,518699
108,18,11289,0,0,0,0,0,11289,0,0,0,0,0,0,12508,0,0,518699
108,19,11289,0,0,0,0,0,0,12508,0,0,0,0,9752,0,0,0,519545
108,20,11289,0,0,0,0,0,0,12508,0,0,0,0,9752,0,0,0,519545
108,21,11289,0,0,0,0,0,0,12508,0,0,0,0,9752,0,0,0,519545
108,22,11289,0,0,0,0,0,0,12508,0,0,0,0,0,11289,0,0,519182
108,23,11289,0,0,0,0,0,0,12508,0,0,0,0,0,11289,0,0,519182
108,24,11289,0,0,0,0,0,0,12508,0,0,0,0,0,11289,0,0,519182
108,25,11289,0,0,0,0,0,0,12508,0,0,0,0,0,0,12508,0,534400
108,26,11289,0,0,0,0,0,0,12508,0,0,0,0,0,0,12508,0,534400
108,27,11289,0,0,0,0,0,0,12508,0,0,0,0,0,0,12508,0,534400
108,28,11289,0,0,0,0,9752,0,0,0,0,9752,0,0,0,0,9752,539503
108,29,11289,0,0,0,0,9752,0,0,0,0,9752,0,0,0,0,0,612753
108,30,11289,0,0,0,0,9752,0,0,0,0,9752,0,0,0,0,0,612753
108,31,11289,0,0,0,0,9752,0,0,0,0,0,11289,0,0,0,0,616605
108,32,11289,0,0,0,0,9752,0,0,0,0,0,11289,0,0,0,0,616605
108,33,11289,0,0,0,0,9752,0,0,0,0,0,11289,0,0,0,0,616605
108,34,11289,0,0,0,0,9752,0,0,0,0,0,0,12508,0,0,0,512755
108,35,11289,0,0,0,0,9752,0,0,0,0,0,0,12508,0,0,0,512755
108,36,11289,0,0,0,0,9752,0,0,0,0,0,0,12508,0,0,0,512755
108,37,11289,0,0,0,0,0,11289,0,0,0,0,9752,0,0,0,0,622263
108,38,11289,0,0,0,0,0,11289,0,0,0,0,9752,0,0,0,0,622263
108,39,11289,0,0,0,0,0,11289,0,0,0,0,9752,0,0,0,0,622263
108,40,11289,0,0,0,0,0,11289,0,0,0,0,0,11289,0,0,0,527169
108,41,11289,0,0,0,0,0,11289,0,0,0,0,0,11289,0,0,0,527169
108,42,11289,0,0,0,0,0,11289,0,0,0,0,0,11289,0,0,0,527169
108,43,11289,0,0,0,0,0,11289,0,0,0,0,0,0,12508,0,0,518699
108,44,11289,0,0,0,0,0,11289,0,0,0,0,0,0,12508,0,0,518699
108,45,11289,0,0,0,0,0,11289,0,0,0,0,0,0,12508,0,0,518699
108,46,11289,0,0,0,0,0,0,12508,0,0,0,0,9752,0,0,0,519545
108,47,11289,0,0,0,0,0,0,12508,0,0,0,0,9752,0,0,0,519545
108,48,11289,0,0,0,0,0,0,12508,0,0,0,0,9752,0,0,0,519545
108,49,11289,0,0,0,0,0,0,12508,0,0,0,0,0,11289,0,0,519182
108,50,11289,0,0,0,0,0,0,12508,0,0,0,0,0,11289,0,0,519182
108,51,11289,0,0,0,0,0,0,12508,0,0,0,0,0,11289,0,0,519182
108,52,11289,0,0,0,0,0,0,12508,0,0,0,0,0,0,12508,0,534400
108,53,11289,0,0,0,0,0,0,12508,0,0,0,0,0,0,12508,0,534400
108,54,11289,0,0,0,0,0,0,12508,0,0,0,0,0,0,12508,0,534400
108,55,0,12508,0,0,0,0,9752,0,0,0,0,9752,0,0,0,0,610165
108,56,0,12508,0,0,0,0,9752,0,0,0,0,9752,0,0,0,0,610165
108,57,0,12508,0,0,0,0,9752,0,0,0,0,9752,0,0,0,0,610165
108,58,0,12508,0,0,0,0,9752,0,0,0,0,0,11289,0,0,0,515071
108,59,0,12508,0,0,0,0,9752,0,0,0,0,0,11289,0,0,0,515071
108,60,0,12508,0,0,0,0,9752,0,0,0,0,0,11289,0,0,0,515071
108,61,0,12508,0,0,0,0,9752,0,0,0,0,0,0,12508,0,0,506601
108,62,0,12508,0,0,0,0,9752,0,0,0,0,0,0,12508,0,0,506601
108,63,0,12508,0,0,0,0,9752,0,0,0,0,0,0,12508,0,0,506601
108,64,0,12508,0,0,0,0,0,11289,0,0,0,0,9752,0,0,0,520311
108,65,0,12508,0,0,0,0,0,11289,0,0,0,0,9752,0,0,0,520311
108,66,0,12508,0,0,0,0,0,11289,0,0,0,0,9752,0,0,0,520311
108,67,0,12508,0,0,0,0,0,11289,0,0,0,0,0,11289,0,0,519948
108,68,0,12508,0,0,0,0,0,11289,0,0,0,0,0,11289,0,0,519948
108,69,0,12508,0,0,0,0,0,11289,0,0,0,0,0,11289,0,0,519948
108,70,0,12508,0,0,0,0,0,11289,0,0,0,0,0,0,12508,0,535166
108,71,0,12508,0,0,0,0,0,11289,0,0,0,0,0,0,12508,0,535166
108,72,0,12508,0,0,0,0,0,11289,0,0,0,0,0,0,12508,0,535166
108,73,0,12508,0,0,0,0,0,0,12508,0,0,0,0,9752,0,0,512887
108,74,0,12508,0,0,0,0,0,0,12508,0,0,0,0,9752,0,0,512887
108,75,0,12508,0,0,0,0,0,0,12508,0,0,0,0,9752,0,0,512887
108,76,0,12508,0,0,0,0,0,0,12508,0,0,0,0,0,11289,0,535612
108,77,0,12508,0,0,0,0,0,0,12508,0,0,0,0,0,11289,0,535612
108,78,0,12508,0,0,0,0,0,0,12508,0,0,0,0,0,11289,0,535612
108,79,0,12508,0,0,0,0,0,0,12508,0,0,0,0,0,0,12508,576286
108,80,0,12508,0,0,0,0,0,0,12508,0,0,0,0,0,0,12508,576286
108,81,0,12508,0,0,0,0,0,0,12508,0,0,0,0,0,0,12508,576286
109,1,8190,0,0,0,0,7210,0,0,0,0,7210,0,0,0,0,7210,448788
109,2,8190,0,0,0,0,7210,0,0,0,0,7210,0,0,0,0,0,496160
109,3,8190,0,0,0,0,7210,0,0,0,0,7210,0,0,0,0,0,496160
109,4,8190,0,0,0,0,7210,0,0,0,0,0,8190,0,0,0,0,497143
109,5,8190,0,0,0,0,7210,0,0,0,0,0,8190,0,0,0,0,497143
109,6,8190,0,0,0,0,7210,0,0,0,0,0,8190,0,0,0,0,497143
109,7,8190,0,0,0,0,7210,0,0,0,0,0,0,8960,0,0,0,417812
109,8,8190,0,0,0,0,7210,0,0,0,0,0,0,8960,0,0,0,417812
109,9,8190,0,0,0,0,7210,0,0,0,0,0,0,8960,0,0,0,417812
109,10,8190,0,0,0,0,0,8190,0,0,0,0,7210,0,0,0,0,498587
109,11,8190,0,0,0,0,0,8190,0,0,0,0,7210,0,0,0,0,498587
109,12,8190,0,0,0,0,0,8190,0,0,0,0,7210,0,0,0,0,498587
109,13,8190,0,0,0,0,0,8190,0,0,0,0,0,8190,0,0,0,424982
109,14,8190,0,0,0,0,0,8190,0,0,0,0,0,8190,0,0,0,424982
109,15,8190,0,0,0,0,0,8190,0,0,0,0,0,8190,0,0,0,424982
109,16,8190,0,0,0,0,0,8190,0,0,0,0,0,0,8960,0,0,415316
109,17,8190,0,0,0,0,0,8190,0,0,0,0,0,0,8960,0,0,415316
109,18,8190,0,0,0,0,0,8190,0,0,0,0,0,0,8960,0,0,415316
109,19,8190,0,0,0,0,0,0,8960,0,0,0,0,7210,0,0,0,417905
109,20,8190,0,0,0,0,0,0,8960,0,0,0,0,7210,0,0,0,417905
109,21,8190,0,0,0,0,0,0,8960,0,0,0,0,7210,0,0,0,417905
109,22,8190,0,0,0,0,0,0,8960,0,0,0,0,0,8190,0,0,413540
109,23,8190,0,0,0,0,0,0,8960,0,0,0,0,0,8190,0,0,413540
109,24,8190,0,0,0,0,0,0,8960,0,0,0,0,0,8190,0,0,413540
109,25,8190,0,0,0,0,0,0,8960,0,0,0,0,0,0,8960,0,420357
109,26,8190,0,0,0,0,0,0,8960,0,0,0,0,0,0,8960,0,420357
109,27,8190,0,0,0,0,0,0,8960,0,0,0,0,0,0,8960,0,420357
109,28,8190,0,0,0,0,7210,0,0,0,0,7210,0,0,0,0,7210,448788
109,29,8190,0,0,0,0,7210,0,0,0,0,7210,0,0,0,0,0,496160
109,30,8190,0,0,0,0,7210,0,0,0,0,7210,0,0,0,0,0,496160
109,31,8190,0,0,0,0,7210,0,0,0,0,0,8190,0,0,0,0,497143
109,32,8190,0,0,0,0,7210,0,0,0,0,0,8190,0,0,0,0,497143
109,33,8190,0,0,0,0,7210,0,0,0,0,0,8190,0,0,0,0,497143
109,34,8190,0,0,0,0,7210,0,0,0,0,0,0,8960,0,0,0,417812
109,35,8190,0,0,0,0,7210,0,0,0,0,0,0,8960,0,0,0,417812
109,36,8190,0,0,0,0,7210,0,0,0,0,0,0,8960,0,0,0,417812
109,37,8190,0,0,0,0,0,8190,0,0,0,0,7210,0,0,0,0,498587
109,38,8190,0,0,0,0,0,8190,0,0,0,0,7210,0,0,0,0,498587
109,39,8190,0,0,0,0,0,8190,0,0,0,0,7210,0,0,0,0,498587
109,40,8190,0,0,0,0,0,8190,0,0,0,0,0,8190,0,0,0,424982
109,41,8190,0,0,0,0,0,8190,0,0,0,0,0,8190,0,0,0,424982
109,42,8190,0,0,0,0,0,8190,0,0,0,0,0,8190,0,0,0,424982
109,43,8190,0,0,0,0,0,8190,0,0,0,0,0,0,8960,0,0,415316
109,44,8190,0,0,0,0,0,8190,0,0,0,0,0,0,8960,0,0,415316
109,45,8190,0,0,0,0,0,8190,0,0,0,0,0,0,8960,0,0,415316
109,46,8190,0,0,0,0,0,0,8960,0,0,0,0,7210,0,0,0,417905
109,47,8190,0,0,0,0,0,0,8960,0,0,0,0,7210,0,0,0,417905
109,48,8190,0,0,0,0,0,0,8960,0,0,0,0,7210,0,0,0,417905
109,49,8190,0,0,0,0,0,0,8960,0,0,0,0,0,8190,0,0,413540
109,50,8190,0,0,0,0,0,0,8960,0,0,0,0,0,8190,0,0,413540
109,51,8190,0,0,0,0,0,0,8960,0,0,0,0,0,8190,0,0,413540
109,52,8190,0,0,0,0,0,0,8960,0,0,0,0,0,0,8960,0,420357
109,53,8190,0,0,0,0,0,0,8960,0,0,0,0,0,0,8960,0,420357
109,54,8190,0,0,0,0,0,0,8960,0,0,0,0,0,0,8960,0,420357
109,55,0,8960,0,0,0,0,7210,0,0,0,0,7210,0,0,0,0,487357
109,56,0,8960,0,0,0,0,7210,0,0,0,0,7210,0,0,0,0,487357
109,57,0,8960,0,0,0,0,7210,0,0,0,0,7210,0,0,0,0,487357
109,58,0,8960,0,0,0,0,7210,0,0,0,0,0,8190,0,0,0,413752
109,59,0,8960,0,0,0,0,7210,0,0,0,0,0,8190,0,0,0,413752
109,60,0,8960,0,0,0,0,7210,0,0,0,0,0,8190,0,0,0,413752
109,61,0,8960,0,0,0,0,7210,0,0,0,0,0,0,8960,0,0,404086
109,62,0,8960,0,0,0,0,7210,0,0,0,0,0,0,8960,0,0,404086
109,63,0,8960,0,0,0,0,7210,0,0,0,0,0,0,8960,0,0,404086
109,64,0,8960,0,0,0,0,0,8190,0,0,0,0,7210,0,0,0,415089
109,65,0,8960,0,0,0,0,0,8190,0,0,0,0,7210,0,0,0,415089
109,66,0,8960,0,0,0,0,0,8190,0,0,0,0,7210,0,0,0,415089
109,67,0,8960,0,0,0,0,0,8190,0,0,0,0,0,8190,0,0,410724
109,68,0,8960,0,0,0,0,0,8190,0,0,0,0,0,8190,0,0,410724
109,69,0,8960,0,0,0,0,0,8190,0,0,0,0,0,8190,0,0,410724
109,70,0,8960,0,0,0,0,0,8190,0,0,0,0,0,0,8960,0,417541
109,71,0,8960,0,0,0,0,0,8190,0,0,0,0,0,0,8960,0,417541
109,72,0,8960,0,0,0,0,0,8190,0,0,0,0,0,0,8960,0,417541
109,73,0,8960,0,0,0,0,0,0,8960,0,0,0,0,7210,0,0,404173
109,74,0,8960,0,0,0,0,0,0,8960,0,0,0,0,7210,0,0,404173
109,75,0,8960,0,0,0,0,0,0,8960,0,0,0,0,7210,0,0,404173
109,76,0,8960,0,0,0,0,0,0,8960,0,0,0,0,0,8190,0,415900
109,77,0,8960,0,0,0,0,0,0,8960,0,0,0,0,0,8190,0,415900
109,78,0,8960,0,0,0,0,0,0,8960,0,0,0,0,0,8190,0,415900
109,79,0,8960,0,0,0,0,0,0,8960,0,0,0,0,0,0,8960,442508
109,80,0,8960,0,0,0,0,0,0,8960,0,0,0,0,0,0,8960,442508
109,81,0,8960,0,0,0,0,0,0,8960,0,0,0,0,0,0,8960,442508
110,1,7410,0,0,0,0,6270,0,0,0,0,6270,0,0,0,0,6270,300166
110,2,7410,0,0,0,0,6270,0,0,0,0,6270,0,0,0,0,0,353861
110,3,7410,0,0,0,0,6270,0,0,0,0,6270,0,0,0,0,0,353861
110,4,7410,0,0,0,0,6270,0,0,0,0,0,7410,0,0,0,0,358121
110,5,7410,0,0,0,0,6270,0,0,0,0,0,7410,0,0,0,0,358121
110,6,7410,0,0,0,0,6270,0,0,0,0,0,7410,0,0,0,0,358121
110,7,7410,0,0,0,0,6270,0,0,0,0,0,0,8322,0,0,0,293932
110,8,7410,0,0,0,0,6270,0,0,0,0,0,0,8322,0,0,0,293932
110,9,7410,0,0,0,0,6270,0,0,0,0,0,0,8322,0,0,0,293932
110,10,7410,0,0,0,0,0,7410,0,0,0,0,6270,0,0,0,0,364381
110,11,7410,0,0,0,0,0,7410,0,0,0,0,6270,0,0,0,0,364381
110,12,7410,0,0,0,0,0,7410,0,0,0,0,6270,0,0,0,0,364381
110,13,7410,0,0,0,0,0,7410,0,0,0,0,0,7410,0,0,0,306530
110,14,7410,0,0,0,0,0,7410,0,0,0,0,0,7410,0,0,0,306530
110,15,7410,0,0,0,0,0,7410,0,0,0,0,0,7410,0,0,0,306530
110,16,7410,0,0,0,0,0,7410,0,0,0,0,0,0,8322,0,0,304270
110,17,7410,0,0,0,0,0,7410,0,0,0,0,0,0,8322,0,0,304270
110,18,7410,0,0,0,0,0,7410,0,0,0,0,0,0,8322,0,0,304270
110,19,7410,0,0,0,0,0,0,8322,0,0,0,0,6270,0,0,0,303014
110,20,7410,0,0,0,0,0,0,8322,0,0,0,0,6270,0,0,0,303014
110,21,7410,0,0,0,0,0,0,8322,0,0,0,0,6270,0,0,0,303014
110,22,7410,0,0,0,0,0,0,8322,0,0,0,0,0,7410,0,0,306622
110,23,7410,0,0,0,0,0,0,8322,0,0,0,0,0,7410,0,0,306622
110,24,7410,0,0,0,0,0,0,8322,0,0,0,0,0,7410,0,0,306622
110,25,7410,0,0,0,0,0,0,8322,0,0,0,0,0,0,8322,0,320443
110,26,7410,0,0,0,0,0,0,8322,0,0,0,0,0,0,8322,0,320443
110,27,7410,0,0,0,0,0,0,8322,0,0,0,0,0,0,8322,0,320443
110,28,7410,0,0,0,0,6270,0,0,0,0,6270,0,0,0,0,6270,300166
110,29,7410,0,0,0,0,6270,0,0,0,0,6270,0,0,0,0,0,353861
110,30,7410,0,0,0,0,6270,0,0,0,0,6270,0,0,0,0,0,353861
110,31,7410,0,0,0,0,6270,0,0,0,0,0,7410,0,0,0,0,358121
110,32,7410,0,0,0,0,6270,0,0,0,0,0,7410,0,0,0,0,358121
110,33,7410,0,0,0,0,6270,0,0,0,0,0,7410,0,0,0,0,358121
110,34,7410,0,0,0,0,6270,0,0,0,0,0,0,8322,0,0,0,293932
110,35,7410,0,0,0,0,6270,0,0,0,0,0,0,8322,0,0,0,293932
110,36,7410,0,0,0,0,6270,0,0,0,0,0,0,8322,0,0,0,293932
110,37,7410,0,0,0,0,0,7410,0,0,0,0,6270,0,0,0,0,364381
110,38,7410,0,0,0,0,0,7410,0,0,0,0,6270,0,0,0,0,364381
110,39,7410,0,0,0,0,0,7410,0,0,0,0,6270,0,0,0,0,364381
110,40,7410,0,0,0,0,0,7410,0,0,0,0,0,7410,0,0,0,306530
110,41,7410,0,0,0,0,0,7410,0,0,0,0,0,7410,0,0,0,306530
110,42,7410,0,0,0,0,0,7410,0,0,0,0,0,7410,0,0,0,306530
110,43,7410,0,0,0,0,0,7410,0,0,0,0,0,0,8322,0,0,304270
110,44,7410,0,0,0,0,0,7410,0,0,0,0,0,0,8322,0,0,304270
110,45,7410,0,0,0,0,0,7410,0,0,0,0,0,0,8322,0,0,304270
110,46,7410,0,0,0,0,0,0,8322,0,0,0,0,6270,0,0,0,303014
110,47,7410,0,0,0,0,0,0,8322,0,0,0,0,6270,0,0,0,303014
110,48,7410,0,0,0,0,0,0,8322,0,0,0,0,6270,0,0,0,303014
110,49,7410,0,0,0,0,0,0,8322,0,0,0,0,0,7410,0,0,306622
110,50,7410,0,0,0,0,0,0,8322,0,0,0,0,0,7410,0,0,306622
110,51,7410,0,0,0,0,0,0,8322,0,0,0,0,0,7410,0,0,306622
110,52,7410,0,0,0,0,0,0,8322,0,0,0,0,0,0,8322,0,320443
110,53,7410,0,0,0,0,0,0,8322,0,0,0,0,0,0,8322,0,320443
110,54,7410,0,0,0,0,0,0,8322,0,0,0,0,0,0,8322,0,320443
110,55,0,8322,0,0,0,0,6270,0,0,0,0,6270,0,0,0,0,358802
110,56,0,8322,0,0,0,0,6270,0,0,0,0,6270,0,0,0,0,358802
110,57,0,8322,0,0,0,0,6270,0,0,0,0,6270,0,0,0,0,358802
110,58,0,8322,0,0,0,0,6270,0,0,0,0,0,7410,0,0,0,300951
110,59,0,8322,0,0,0,0,6270,0,0,0,0,0,7410,0,0,0,300951
110,60,0,8322,0,0,0,0,6270,0,0,0,0,0,7410,0,0,0,300951
110,61,0,8322,0,0,0,0,6270,0,0,0,0,0,0,8322,0,0,298691
110,62,0,8322,0,0,0,0,6270,0,0,0,0,0,0,8322,0,0,298691
110,63,0,8322,0,0,0,0,6270,0,0,0,0,0,0,8322,0,0,298691
110,64,0,8322,0,0,0,0,0,7410,0,0,0,0,6270,0,0,0,306748
110,65,0,8322,0,0,0,0,0,7410,0,0,0,0,6270,0,0,0,306748
110,66,0,8322,0,0,0,0,0,7410,0,0,0,0,6270,0,0,0,306748
110,67,0,8322,0,0,0,0,0,7410,0,0,0,0,0,7410,0,0,310356
110,68,0,8322,0,0,0,0,0,7410,0,0,0,0,0,7410,0,0,310356
110,69,0,8322,0,0,0,0,0,7410,0,0,0,0,0,7410,0,0,310356
110,70,0,8322,0,0,0,0,0,7410,0,0,0,0,0,0,8322,0,324177
110,71,0,8322,0,0,0,0,0,7410,0,0,0,0,0,0,8322,0,324177
110,72,0,8322,0,0,0,0,0,7410,0,0,0,0,0,0,8322,0,324177
110,73,0,8322,0,0,0,0,0,0,8322,0,0,0,0,6270,0,0,307099
110,74,0,8322,0,0,0,0,0,0,8322,0,0,0,0,6270,0,0,307099
110,75,0,8322,0,0,0,0,0,0,8322,0,0,0,0,6270,0,0,307099
110,76,0,8322,0,0,0,0,0,0,8322,0,0,0,0,0,7410,0,326354
110,77,0,8322,0,0,0,0,0,0,8322,0,0,0,0,0,7410,0,326354
110,78,0,8322,0,0,0,0,0,0,8322,0,0,0,0,0,7410,0,326354
110,79,0,8322,0,0,0,0,0,0,8322,0,0,0,0,0,0,8322,355869
110,80,0,8322,0,0,0,0,0,0,8322,0,0,0,0,0,0,8322,355869
110,81,0,8322,0,0,0,0,0,0,8322,0,0,0,0,0,0,8322,355869
111,1,9594,0,0,0,0,8446,0,0,0,0,8446,0,0,0,0,8446,525726
111,2,9594,0,0,0,0,8446,0,0,0,0,8446,0,0,0,0,0,581218
111,3,9594,0,0,0,0,8446,0,0,0,0,8446,0,0,0,0,0,581218
111,4,9594,0,0,0,0,8446,0,0,0,0,0,9594,0,0,0,0,582370
111,5,9594,0,0,0,0,8446,0,0,0,0,0,9594,0,0,0,0,582370
111,6,9594,0,0,0,0,8446,0,0,0,0,0,9594,0,0,0,0,582370
111,7,9594,0,0,0,0,8446,0,0,0,0,0,0,10496,0,0,0,489441
111,8,9594,0,0,0,0,8446,0,0,0,0,0,0,10496,0,0,0,489441
111,9,9594,0,0,0,0,8446,0,0,0,0,0,0,10496,0,0,0,489441
111,10,9594,0,0,0,0,0,9594,0,0,0,0,8446,0,0,0,0,584061
111,11,9594,0,0,0,0,0,9594,0,0,0,0,8446,0,0,0,0,584061
111,12,9594,0,0,0,0,0,9594,0,0,0,0,8446,0,0,0,0,584061
111,13,9594,0,0,0,0,0,9594,0,0,0,0,0,9594,0,0,0,497840
111,14,9594,0,0,0,0,0,9594,0,0,0,0,0,9594,0,0,0,497840
111,15,9594,0,0,0,0,0,9594,0,0,0,0,0,9594,0,0,0,497840
111,16,9594,0,0,0,0,0,9594,0,0,0,0,0,0,10496,0,0,486517
111,17,9594,0,0,0,0,0,9594,0,0,0,0,0,0,10496,0,0,486517
111,18,9594,0,0,0,0,0,9594,0,0,0,0,0,0,10496,0,0,486517
111,19,9594,0,0,0,0,0,0,10496,0,0,0,0,8446,0,0,0,489550
111,20,9594,0,0,0,0,0,0,10496,0,0,0,0,8446,0,0,0,489550
111,21,9594,0,0,0,0,0,0,10496,0,0,0,0,8446,0,0,0,489550
111,22,9594,0,0,0,0,0,0,10496,0,0,0,0,0,9594,0,0,484437
111,23,9594,0,0,0,0,0,0,10496,0,0,0,0,0,9594,0,0,484437
111,24,9594,0,0,0,0,0,0,10496,0,0,0,0,0,9594,0,0,484437
111,25,9594,0,0,0,0,0,0,10496,0,0,0,0,0,0,10496,0,492424
111,26,9594,0,0,0,0,0,0,10496,0,0,0,0,0,0,10496,0,492424
111,27,9594,0,0,0,0,0,0,10496,0,0,0,0,0,0,10496,0,492424
111,28,9594,0,0,0,0,8446,0,0,0,0,8446,0,0,0,0,8446,525726
111,29,9594,0,0,0,0,8446,0,0,0,0,8446,0,0,0,0,0,581218
111,30,9594,0,0,0,0,8446,0,0,0,0,8446,0,0,0,0,0,581218
111,31,9594,0,0,0,0,8446,0,0,0,0,0,9594,0,0,0,0,582370
111,32,9594,0,0,0,0,8446,0,0,0,0,0,9594,0,0,0,0,582370
111,33,9594,0,0,0,0,8446,0,0,0,0,0,9594,0,0,0,0,582370
111,34,9594,0,0,0,0,8446,0,0,0,0,0,0,10496,0,0,0,489441
111,35,9594,0,0,0,0,8446,0,0,0,0,0,0,10496,0,0,0,489441
111,36,9594,0,0,0,0,8446,0,0,0,0,0,0,10496,0,0,0,489441
111,37,9594,0,0,0,0,0,9594,0,0,0,0,8446,0,0,0,0,584061
111,38,9594,0,0,0,0,0,9594,0,0,0,0,8446,0,0,0,0,584061
111,39,9594,0,0,0,0,0,9594,0,0,0,0,8446,0,0,0,0,584061
111,40,9594,0,0,0,0,0,9594,0,0,0,0,0,9594,0,0,0,497840
111,41,9594,0,0,0,0,0,9594,0,0,0,0,0,9594,0,0,0,497840
111,42,9594,0,0,0,0,0,9594,0,0,0,0,0,9594,0,0,0,497840
111,43,9594,0,0,0,0,0,9594,0,0,0,0,0,0,10496,0,0,486517
111,44,9594,0,0,0,0,0,9594,0,0,0,0,0,0,10496,0,0,486517
111,45,9594,0,0,0,0,0,9594,0,0,0,0,0,0,10496,0,0,486517
111,46,9594,0,0,0,0,0,0,10496,0,0,0,0,8446,0,0,0,489550
111,47,9594,0,0,0,0,0,0,10496,0,0,0,0,8446,0,0,0,489550
111,48,9594,0,0,0,0,0,0,10496,0,0,0,0,8446,0,0,0,489550
111,49,9594,0,0,0,0,0,0,10496,0,0,0,0,0,9594,0,0,484437
111,50,9594,0,0,0,0,0,0,10496,0,0,0,0,0,9594,0,0,484437
111,51,9594,0,0,0,0,0,0,10496,0,0,0,0,0,9594,0,0,484437
111,52,9594,0,0,0,0,0,0,10496,0,0,0,0,0,0,10496,0,492424
111,53,9594,0,0,0,0,0,0,10496,0,0,0,0,0,0,10496,0,492424
111,54,9594,0,0,0,0,0,0,10496,0,0,0,0,0,0,10496,0,492424
111,55,0,10496,0,0,0,0,8446,0,0,0,0,8446,0,0,0,0,570906
111,56,0,10496,0,0,0,0,8446,0,0,0,0,8446,0,0,0,0,570906
111,57,0,10496,0,0,0,0,8446,0,0,0,0,8446,0,0,0,0,570906
111,58,0,10496,0,0,0,0,8446,0,0,0,0,0,9594,0,0,0,484685
111,59,0,10496,0,0,0,0,8446,0,0,0,0,0,9594,0,0,0,484685
111,60,0,10496,0,0,0,0,8446,0,0,0,0,0,9594,0,0,0,484685
111,61,0,10496,0,0,0,0,8446,0,0,0,0,0,0,10496,0,0,473362
111,62,0,10496,0,0,0,0,8446,0,0,0,0,0,0,10496,0,0,473362
111,63,0,10496,0,0,0,0,8446,0,0,0,0,0,0,10496,0,0,473362
111,64,0,10496,0,0,0,0,0,9594,0,0,0,0,8446,0,0,0,486252
111,65,0,10496,0,0,0,0,0,9594,0,0,0,0,8446,0,0,0,486252
111,66,0,10496,0,0,0,0,0,9594,0,0,0,0,8446,0,0,0,486252
111,67,0,10496,0,0,0,0,0,9594,0,0,0,0,0,9594,0,0,481139
111,68,0,10496,0,0,0,0,0,9594,0,0,0,0,0,9594,0,0,481139
111,69,0,10496,0,0,0,0,0,9594,0,0,0,0,0,9594,0,0,481139
111,70,0,10496,0,0,0,0,0,9594,0,0,0,0,0,0,10496,0,489126
111,71,0,10496,0,0,0,0,0,9594,0,0,0,0,0,0,10496,0,489126
111,72,0,10496,0,0,0,0,0,9594,0,0,0,0,0,0,10496,0,489126
111,73,0,10496,0,0,0,0,0,0,10496,0,0,0,0,8446,0,0,473463
111,74,0,10496,0,0,0,0,0,0,10496,0,0,0,0,8446,0,0,473463
111,75,0,10496,0,0,0,0,0,0,10496,0,0,0,0,8446,0,0,473463
111,76,0,10496,0,0,0,0,0,0,10496,0,0,0,0,0,9594,0,487200
111,77,0,10496,0,0,0,0,0,0,10496,0,0,0,0,0,9594,0,487200
111,78,0,10496,0,0,0,0,0,0,10496,0,0,0,0,0,9594,0,487200
111,79,0,10496,0,0,0,0,0,0,10496,0,0,0,0,0,0,10496,518369
111,80,0,10496,0,0,0,0,0,0,10496,0,0,0,0,0,0,10496,518369
111,81,0,10496,0,0,0,0,0,0,10496,0,0,0,0,0,0,10496,518369
112,1,9945,0,0,0,0,8415,0,0,0,0,8415,0,0,0,0,8415,402851
112,2,9945,0,0,0,0,8415,0,0,0,0,8415,0,0,0,0,0,474915
112,3,9945,0,0,0,0,8415,0,0,0,0,8415,0,0,0,0,0,474915
112,4,9945,0,0,0,0,8415,0,0,0,0,0,9945,0,0,0,0,480631
112,5,9945,0,0,0,0,8415,0,0,0,0,0,9945,0,0,0,0,480631
112,6,9945,0,0,0,0,8415,0,0,0,0,0,9945,0,0,0,0,480631
112,7,9945,0,0,0,0,8415,0,0,0,0,0,0,11169,0,0,0,394487
112,8,9945,0,0,0,0,8415,0,0,0,0,0,0,11169,0,0,0,394487
112,9,9945,0,0,0,0,8415,0,0,0,0,0,0,11169,0,0,0,394487
112,10,9945,0,0,0,0,0,9945,0,0,0,0,8415,0,0,0,0,489031
112,11,9945,0,0,0,0,0,9945,0,0,0,0,8415,0,0,0,0,489031
112,12,9945,0,0,0,0,0,9945,0,0,0,0,8415,0,0,0,0,489031
112,13,9945,0,0,0,0,0,9945,0,0,0,0,0,9945,0,0,0,411394
112,14,9945,0,0,0,0,0,9945,0,0,0,0,0,9945,0,0,0,411394
112,15,9945,0,0,0,0,0,9945,0,0,0,0,0,9945,0,0,0,411394
112,16,9945,0,0,0,0,0,9945,0,0,0,0,0,0,11169,0,0,408359
112,17,9945,0,0,0,0,0,9945,0,0,0,0,0,0,11169,0,0,408359
112,18,9945,0,0,0,0,0,9945,0,0,0,0,0,0,11169,0,0,408359
112,19,9945,0,0,0,0,0,0,11169,0,0,0,0,8415,0,0,0,406674
112,20,9945,0,0,0,0,0,0,11169,0,0,0,0,8415,0,0,0,406674
112,21,9945,0,0,0,0,0,0,11169,0,0,0,0,8415,0,0,0,406674
112,22,9945,0,0,0,0,0,0,11169,0,0,0,0,0,9945,0,0,411515
112,23,9945,0,0,0,0,0,0,11169,0,0,0,0,0,9945,0,0,411515
112,24,9945,0,0,0,0,0,0,11169,0,0,0,0,0,9945,0,0,411515
112,25,9945,0,0,0,0,0,0,11169,0,0,0,0,0,0,11169,0,430064
112,26,9945,0,0,0,0,0,0,11169,0,0,0,0,0,0,11169,0,430064
112,27,9945,0,0,0,0,0,0,11169,0,0,0,0,0,0,11169,0,430064
112,28,9945,0,0,0,0,8415,0,0,0,0,8415,0,0,0,0,8415,402851
112,29,9945,0,0,0,0,8415,0,0,0,0,8415,0,0,0,0,0,474915
112,30,9945,0,0,0,0,8415,0,0,0,0,8415,0,0,0,0,0,474915
112,31,9945,0,0,0,0,8415,0,0,0,0,0,9945,0,0,0,0,480631
112,32,9945,0,0,0,0,8415,0,0,0,0,0,9945,0,0,0,0,480631
112,33,9945,0,0,0,0,8415,0,0,0,0,0,9945,0,0,0,0,480631
112,34,9945,0,0,0,0,8415,0,0,0,0,0,0,11169,0,0,0,394487
112,35,9945,0,0,0,0,8415,0,0,0,0,0,0,11169,0,0,0,394487
112,36,9945,0,0,0,0,8415,0,0,0,0,0,0,11169,0,0,0,394487
112,37,9945,0,0,0,0,0,9945,0,0,0,0,8415,0,0,0,0,489031
112,38,9945,0,0,0,0,0,9945,0,0,0,0,8415,0,0,0,0,489031
112,39,9945,0,0,0,0,0,9945,0,0,0,0,8415,0,0,0,0,489031
112,40,9945,0,0,0,0,0,9945,0,0,0,0,0,9945,0,0,0,411394
112,41,9945,0,0,0,0,0,9945,0,0,0,0,0,9945,0,0,0,411394
112,42,9945,0,0,0,0,0,9945,0,0,0,0,0,9945,0,0,0,411394
112,43,9945,0,0,0,0,0,9945,0,0,0,0,0,0,11169,0,0,408359
112,44,9945,0,0,0,0,0,9945,0,0,0,0,0,0,11169,0,0,408359
112,45,9945,0,0,0,0,0,9945,0,0,0,0,0,0,11169,0,0,408359
112,46,9945,0,0,0,0,0,0,11169,0,0,0,0,8415,0,0,0,406674
112,47,9945,0,0,0,0,0,0,11169,0,0,0,0,8415,0,0,0,406674
112,48,9945,0,0,0,0,0,0,11169,0,0,0,0,8415,0,0,0,406674
112,49,9945,0,0,0,0,0,0,11169,0,0,0,0,0,9945,0,0,411515
112,50,9945,0,0,0,0,0,0,11169,0,0,0,0,0,9945,0,0,411515
112,51,9945,0,0,0,0,0,0,11169,0,0,0,0,0,9945,0,0,411515
112,52,9945,0,0,0,0,0,0,11169,0,0,0,0,0,0,11169,0,430064
112,53,9945,0,0,0,0,0,0,11169,0,0,0,0,0,0,11169,0,430064
112,54,9945,0,0,0,0,0,0,11169,0,0,0,0,0,0,11169,0,430064
112,55,0,11169,0,0,0,0,8415,0,0,0,0,8415,0,0,0,0,481542
112,56,0,11169,0,0,0,0,8415,0,0,0,0,8415,0,0,0,0,481542
112,57,0,11169,0,0,0,0,8415,0,0,0,0,8415,0,0,0,0,481542
112,58,0,11169,0,0,0,0,8415,0,0,0,0,0,9945,0,0,0,403905
112,59,0,11169,0,0,0,0,8415,0,0,0,0,0,9945,0,0,0,403905
112,60,0,11169,0,0,0,0,8415,0,0,0,0,0,9945,0,0,0,403905
112,61,0,11169,0,0,0,0,8415,0,0,0,0,0,0,11169,0,0,400870
112,62,0,11169,0,0,0,0,8415,0,0,0,0,0,0,11169,0,0,400870
112,63,0,11169,0,0,0,0,8415,0,0,0,0,0,0,11169,0,0,400870
112,64,0,11169,0,0,0,0,0,9945,0,0,0,0,8415,0,0,0,411683
112,65,0,11169,0,0,0,0,0,9945,0,0,0,0,8415,0,0,0,411683
112,66,0,11169,0,0,0,0,0,9945,0,0,0,0,8415,0,0,0,411683
112,67,0,11169,0,0,0,0,0,9945,0,0,0,0,0,9945,0,0,416524
112,68,0,11169,0,0,0,0,0,9945,0,0,0,0,0,9945,0,0,416524
112,69,0,11169,0,0,0,0,0,9945,0,0,0,0,0,9945,0,0,416524
112,70,0,11169,0,0,0,0,0,9945,0,0,0,0,0,0,11169,0,435073
112,71,0,11169,0,0,0,0,0,9945,0,0,0,0,0,0,11169,0,435073
112,72,0,11169,0,0,0,0,0,9945,0,0,0,0,0,0,11169,0,435073
112,73,0,11169,0,0,0,0,0,0,11169,0,0,0,0,8415,0,0,412156
112,74,0,11169,0,0,0,0,0,0,11169,0,0,0,0,8415,0,0,412156
112,75,0,11169,0,0,0,0,0,0,11169,0,0,0,0,8415,0,0,412156
112,76,0,11169,0,0,0,0,0,0,11169,0,0,0,0,0,9945,0,437998
112,77,0,11169,0,0,0,0,0,0,11169,0,0,0,0,0,9945,0,437998
112,78,0,11169,0,0,0,0,0,0,11169,0,0,0,0,0,9945,0,437998
112,79,0,11169,0,0,0,0,0,0,11169,0,0,0,0,0,0,11169,477610
112,80,0,11169,0,0,0,0,0,0,11169,0,0,0,0,0,0,11169,477610
112,81,0,11169,0,0,0,0,0,0,11169,0,0,0,0,0,0,11169,477610
113,1,4706,0,0,0,0,3926,0,0,0,0,3926,0,0,0,0,3926,160698
113,2,4706,0,0,0,0,3926,0,0,0,0,3926,0,0,0,0,0,197785
113,3,4706,0,0,0,0,3926,0,0,0,0,3926,0,0,0,0,0,197785
113,4,4706,0,0,0,0,3926,0,0,0,0,0,4706,0,0,0,0,201325
113,5,4706,0,0,0,0,3926,0,0,0,0,0,4706,0,0,0,0,201325
113,6,4706,0,0,0,0,3926,0,0,0,0,0,4706,0,0,0,0,201325
113,7,4706,0,0,0,0,3926,0,0,0,0,0,0,5330,0,0,0,162311
113,8,4706,0,0,0,0,3926,0,0,0,0,0,0,5330,0,0,0,162311
113,9,4706,0,0,0,0,3926,0,0,0,0,0,0,5330,0,0,0,162311
113,10,4706,0,0,0,0,0,4706,0,0,0,0,3926,0,0,0,0,206525
113,11,4706,0,0,0,0,0,4706,0,0,0,0,3926,0,0,0,0,206525
113,12,4706,0,0,0,0,0,4706,0,0,0,0,3926,0,0,0,0,206525
113,13,4706,0,0,0,0,0,4706,0,0,0,0,0,4706,0,0,0,171848
113,14,4706,0,0,0,0,0,4706,0,0,0,0,0,4706,0,0,0,171848
113,15,4706,0,0,0,0,0,4706,0,0,0,0,0,4706,0,0,0,171848
113,16,4706,0,0,0,0,0,4706,0,0,0,0,0,0,5330,0,0,171822
113,17,4706,0,0,0,0,0,4706,0,0,0,0,0,0,5330,0,0,171822
113,18,4706,0,0,0,0,0,4706,0,0,0,0,0,0,5330,0,0,171822
113,19,4706,0,0,0,0,0,0,5330,0,0,0,0,3926,0,0,0,170292
113,20,4706,0,0,0,0,0,0,5330,0,0,0,0,3926,0,0,0,170292
113,21,4706,0,0,0,0,0,0,5330,0,0,0,0,3926,0,0,0,170292
113,22,4706,0,0,0,0,0,0,5330,0,0,0,0,0,4706,0,0,174281
113,23,4706,0,0,0,0,0,0,5330,0,0,0,0,0,4706,0,0,174281
113,24,4706,0,0,0,0,0,0,5330,0,0,0,0,0,4706,0,0,174281
113,25,4706,0,0,0,0,0,0,5330,0,0,0,0,0,0,5330,0,184841
113,26,4706,0,0,0,0,0,0,5330,0,0,0,0,0,0,5330,0,184841
113,27,4706,0,0,0,0,0,0,5330,0,0,0,0,0,0,5330,0,184841
113,28,4706,0,0,0,0,3926,0,0,0,0,3926,0,0,0,0,3926,160698
113,29,4706,0,0,0,0,3926,0,0,0,0,3926,0,0,0,0,0,197785
113,30,4706,0,0,0,0,3926,0,0,0,0,3926,0,0,0,0,0,197785
113,31,4706,0,0,0,0,3926,0,0,0,0,0,4706,0,0,0,0,201325
113,32,4706,0,0,0,0,3926,0,0,0,0,0,4706,0,0,0,0,201325
113,33,4706,0,0,0,0,3926,0,0,0,0,0,4706,0,0,0,0,201325
113,34,4706,0,0,0,0,3926,0,0,0,0,0,0,5330,0,0,0,162311
113,35,4706,0,0,0,0,3926,0,0,0,0,0,0,5330,0,0,0,162311
113,36,4706,0,0,0,0,3926,0,0,0,0,0,0,5330,0,0,0,162311
113,37,4706,0,0,0,0,0,4706,0,0,0,0,3926,0,0,0,0,206525
113,38,4706,0,0,0,0,0,4706,0,0,0,0,3926,0,0,0,0,206525
113,39,4706,0,0,0,0,0,4706,0,0,0,0,3926,0,0,0,0,206525
113,40,4706,0,0,0,0,0,4706,0,0,0,0,0,4706,0,0,0,171848
113,41,4706,0,0,0,0,0,4706,0,0,0,0,0,4706,0,0,0,171848
113,42,4706,0,0,0,0,0,4706,0,0,0,0,0,4706,0,0,0,171848
113,43,4706,0,0,0,0,0,4706,0,0,0,0,0,0,5330,0,0,171822
113,44,4706,0,0,0,0,0,4706,0,0,0,0,0,0,5330,0,0,171822
113,45,4706,0,0,0,0,0,4706,0,0,0,0,0,0,5330,0,0,171822
113,46,4706,0,0,0,0,0,0,5330,0,0,0,0,3926,0,0,0,170292
113,47,4706,0,0,0,0,0,0,5330,0,0,0,0,3926,0,0,0,170292
113,48,4706,0,0,0,0,0,0,5330,0,0,0,0,3926,0,0,0,170292
113,49,4706,0,0,0,0,0,0,5330,0,0,0,0,0,4706,0,0,174281
113,50,4706,0,0,0,0,0,0,5330,0,0,0,0,0,4706,0,0,174281
113,51,4706,0,0,0,0,0,0,5330,0,0,0,0,0,4706,0,0,174281
113,52,4706,0,0,0,0,0,0,5330,0,0,0,0,0,0,5330,0,184841
113,53,4706,0,0,0,0,0,0,5330,0,0,0,0,0,0,5330,0,184841
113,54,4706,0,0,0,0,0,0,5330,0,0,0,0,0,0,5330,0,184841
113,55,0,5330,0,0,0,0,3926,0,0,0,0,3926,0,0,0,0,204057
113,56,0,5330,0,0,0,0,3926,0,0,0,0,3926,0,0,0,0,204057
113,57,0,5330,0,0,0,0,3926,0,0,0,0,3926,0,0,0,0,204057
113,58,0,5330,0,0,0,0,3926,0,0,0,0,0,4706,0,0,0,169380
113,59,0,5330,0,0,0,0,3926,0,0,0,0,0,4706,0,0,0,169380
113,60,0,5330,0,0,0,0,3926,0,0,0,0,0,4706,0,0,0,169380
113,61,0,5330,0,0,0,0,3926,0,0,0,0,0,0,5330,0,0,169354
113,62,0,5330,0,0,0,0,3926,0,0,0,0,0,0,5330,0,0,169354
113,63,0,5330,0,0,0,0,3926,0,0,0,0,0,0,5330,0,0,169354
113,64,0,5330,0,0,0,0,0,4706,0,0,0,0,3926,0,0,0,174195
113,65,0,5330,0,0,0,0,0,4706,0,0,0,0,3926,0,0,0,174195
113,66,0,5330,0,0,0,0,0,4706,0,0,0,0,3926,0,0,0,174195
113,67,0,5330,0,0,0,0,0,4706,0,0,0,0,0,4706,0,0,178184
113,68,0,5330,0,0,0,0,0,4706,0,0,0,0,0,4706,0,0,178184
113,69,0,5330,0,0,0,0,0,4706,0,0,0,0,0,4706,0,0,178184
113,70,0,5330,0,0,0,0,0,4706,0,0,0,0,0,0,5330,0,188744
113,71,0,5330,0,0,0,0,0,4706,0,0,0,0,0,0,5330,0,188744
113,72,0,5330,0,0,0,0,0,4706,0,0,0,0,0,0,5330,0,188744
113,73,0,5330,0,0,0,0,0,0,5330,0,0,0,0,3926,0,0,176743
113,74,0,5330,0,0,0,0,0,0,5330,0,0,0,0,3926,0,0,176743
113,75,0,5330,0,0,0,0,0,0,5330,0,0,0,0,3926,0,0,176743
113,76,0,5330,0,0,0,0,0,0,5330,0,0,0,0,0,4706,0,191020
113,77,0,5330,0,0,0,0,0,0,5330,0,0,0,0,0,4706,0,191020
113,78,0,5330,0,0,0,0,0,0,5330,0,0,0,0,0,4706,0,191020
113,79,0,5330,0,0,0,0,0,0,5330,0,0,0,0,0,0,5330,211143
113,80,0,5330,0,0,0,0,0,0,5330,0,0,0,0,0,0,5330,211143
113,81,0,5330,0,0,0,0,0,0,5330,0,0,0,0,0,0,5330,211143
114,1,6834,0,0,0,0,5848,0,0,0,0,5848,0,0,0,0,5848,296031
114,2,6834,0,0,0,0,5848,0,0,0,0,5848,0,0,0,0,0,343399
114,3,6834,0,0,0,0,5848,0,0,0,0,5848,0,0,0,0,0,343399
114,4,6834,0,0,0,0,5848,0,0,0,0,0,6834,0,0,0,0,346570
114,5,6834,0,0,0,0,5848,0,0,0,0,0,6834,0,0,0,0,346570
114,6,6834,0,0,0,0,5848,0,0,0,0,0,6834,0,0,0,0,346570
114,7,6834,0,0,0,0,5848,0,0,0,0,0,0,7650,0,0,0,286036
114,8,6834,0,0,0,0,5848,0,0,0,0,0,0,7650,0,0,0,286036
114,9,6834,0,0,0,0,5848,0,0,0,0,0,0,7650,0,0,0,286036
114,10,6834,0,0,0,0,0,6834,0,0,0,0,5848,0,0,0,0,351230
114,11,6834,0,0,0,0,0,6834,0,0,0,0,5848,0,0,0,0,351230
114,12,6834,0,0,0,0,0,6834,0,0,0,0,5848,0,0,0,0,351230
114,13,6834,0,0,0,0,0,6834,0,0,0,0,0,6834,0,0,0,295638
114,14,6834,0,0,0,0,0,6834,0,0,0,0,0,6834,0,0,0,295638
114,15,6834,0,0,0,0,0,6834,0,0,0,0,0,6834,0,0,0,295638
114,16,6834,0,0,0,0,0,6834,0,0,0,0,0,0,7650,0,0,292621
114,17,6834,0,0,0,0,0,6834,0,0,0,0,0,0,7650,0,0,292621
114,18,6834,0,0,0,0,0,6834,0,0,0,0,0,0,7650,0,0,292621
114,19,6834,0,0,0,0,0,0,7650,0,0,0,0,5848,0,0,0,292691
114,20,6834,0,0,0,0,0,0,7650,0,0,0,0,5848,0,0,0,292691
114,21,6834,0,0,0,0,0,0,7650,0,0,0,0,5848,0,0,0,292691
114,22,6834,0,0,0,0,0,0,7650,0,0,0,0,0,6834,0,0,294250
114,23,6834,0,0,0,0,0,0,7650,0,0,0,0,0,6834,0,0,294250
114,24,6834,0,0,0,0,0,0,7650,0,0,0,0,0,6834,0,0,294250
114,25,6834,0,0,0,0,0,0,7650,0,0,0,0,0,0,7650,0,305939
114,26,6834,0,0,0,0,0,0,7650,0,0,0,0,0,0,7650,0,305939
114,27,6834,0,0,0,0,0,0,7650,0,0,0,0,0,0,7650,0,305939
114,28,6834,0,0,0,0,5848,0,0,0,0,5848,0,0,0,0,5848,296031
114,29,6834,0,0,0,0,5848,0,0,0,0,5848,0,0,0,0,0,343399
114,30,6834,0,0,0,0,5848,0,0,0,0,5848,0,0,0,0,0,343399
114,31,6834,0,0,0,0,5848,0,0,0,0,0,6834,0,0,0,0,346570
114,32,6834,0,0,0,0,5848,0,0,0,0,0,6834,0,0,0,0,346570
114,33,6834,0,0,0,0,5848,0,0,0,0,0,6834,0,0,0,0,346570
114,34,6834,0,0,0,0,5848,0,0,0,0,0,0,7650,0,0,0,286036
114,35,6834,0,0,0,0,5848,0,0,0,0,0,0,7650,0,0,0,286036
114,36,6834,0,0,0,0,5848,0,0,0,0,0,0,7650,0,0,0,286036
114,37,6834,0,0,0,0,0,6834,0,0,0,0,5848,0,0,0,0,351230
114,38,6834,0,0,0,0,0,6834,0,0,0,0,5848,0,0,0,0,351230
114,39,6834,0,0,0,0,0,6834,0,0,0,0,5848,0,0,0,0,351230
114,40,6834,0,0,0,0,0,6834,0,0,0,0,0,6834,0,0,0,295638
114,41,6834,0,0,0,0,0,6834,0,0,0,0,0,6834,0,0,0,295638
114,42,6834,0,0,0,0,0,6834,0,0,0,0,0,6834,0,0,0,295638
114,43,6834,0,0,0,0,0,6834,0,0,0,0,0,0,7650,0,0,292621
114,44,6834,0,0,0,0,0,6834,0,0,0,0,0,0,7650,0,0,292621
114,45,6834,0,0,0,0,0,6834,0,0,0,0,0,0,7650,0,0,292621
114,46,6834,0,0,0,0,0,0,7650,0,0,0,0,5848,0,0,0,292691
114,47,6834,0,0,0,0,0,0,7650,0,0,0,0,5848,0,0,0,292691
114,48,6834,0,0,0,0,0,0,7650,0,0,0,0,5848,0,0,0,292691
114,49,6834,0,0,0,0,0,0,7650,0,0,0,0,0,6834,0,0,294250
114,50,6834,0,0,0,0,0,0,7650,0,0,0,0,0,6834,0,0,294250
114,51,6834,0,0,0,0,0,0,7650,0,0,0,0,0,6834,0,0,294250
114,52,6834,0,0,0,0,0,0,7650,0,0,0,0,0,0,7650,0,305939
114,53,6834,0,0,0,0,0,0,7650,0,0,0,0,0,0,7650,0,305939
114,54,6834,0,0,0,0,0,0,7650,0,0,0,0,0,0,7650,0,305939
114,55,0,7650,0,0,0,0,5848,0,0,0,0,5848,0,0,0,0,346552
114,56,0,7650,0,0,0,0,5848,0,0,0,0,5848,0,0,0,0,346552
114,57,0,7650,0,0,0,0,5848,0,0,0,0,5848,0,0,0,0,346552
114,58,0,7650,0,0,0,0,5848,0,0,0,0,0,6834,0,0,0,290960
114,59,0,7650,0,0,0,0,5848,0,0,0,0,0,6834,0,0,0,290960
114,60,0,7650,0,0,0,0,5848,0,0,0,0,0,6834,0,0,0,290960
114,61,0,7650,0,0,0,0,5848,0,0,0,0,0,0,7650,0,0,287943
114,62,0,7650,0,0,0,0,5848,0,0,0,0,0,0,7650,0,0,287943
114,63,0,7650,0,0,0,0,5848,0,0,0,0,0,0,7650,0,0,287943
114,64,0,7650,0,0,0,0,0,6834,0,0,0,0,5848,0,0,0,295273
114,65,0,7650,0,0,0,0,0,6834,0,0,0,0,5848,0,0,0,295273
114,66,0,7650,0,0,0,0,0,6834,0,0,0,0,5848,0,0,0,295273
114,67,0,7650,0,0,0,0,0,6834,0,0,0,0,0,6834,0,0,296832
114,68,0,7650,0,0,0,0,0,6834,0,0,0,0,0,6834,0,0,296832
114,69,0,7650,0,0,0,0,0,6834,0,0,0,0,0,6834,0,0,296832
114,70,0,7650,0,0,0,0,0,6834,0,0,0,0,0,0,7650,0,308521
114,71,0,7650,0,0,0,0,0,6834,0,0,0,0,0,0,7650,0,308521
114,72,0,7650,0,0,0,0,0,6834,0,0,0,0,0,0,7650,0,308521
114,73,0,7650,0,0,0,0,0,0,7650,0,0,0,0,5848,0,0,294103
114,74,0,7650,0,0,0,0,0,0,7650,0,0,0,0,5848,0,0,294103
114,75,0,7650,0,0,0,0,0,0,7650,0,0,0,0,5848,0,0,294103
114,76,0,7650,0,0,0,0,0,0,7650,0,0,0,0,0,6834,0,310029
114,77,0,7650,0,0,0,0,0,0,7650,0,0,0,0,0,6834,0,310029
114,78,0,7650,0,0,0,0,0,0,7650,0,0,0,0,0,6834,0,310029
114,79,0,7650,0,0,0,0,0,0,7650,0,0,0,0,0,0,7650,336478
114,80,0,7650,0,0,0,0,0,0,7650,0,0,0,0,0,0,7650,336478
114,81,0,7650,0,0,0,0,0,0,7650,0,0,0,0,0,0,7650,336478
115,1,7168,0,0,0,0,6272,0,0,0,0,6272,0,0,0,0,6272,371168
115,2,7168,0,0,0,0,6272,0,0,0,0,6272,0,0,0,0,0,414666
115,3,7168,0,0,0,0,6272,0,0,0,0,6272,0,0,0,0,0,414666
115,4,7168,0,0,0,0,6272,0,0,0,0,0,7168,0,0,0,0,416112
115,5,7168,0,0,0,0,6272,0,0,0,0,0,7168,0,0,0,0,416112
115,6,7168,0,0,0,0,6272,0,0,0,0,0,7168,0,0,0,0,416112
115,7,7168,0,0,0,0,6272,0,0,0,0,0,0,7904,0,0,0,348369
115,8,7168,0,0,0,0,6272,0,0,0,0,0,0,7904,0,0,0,348369
115,9,7168,0,0,0,0,6272,0,0,0,0,0,0,7904,0,0,0,348369
115,10,7168,0,0,0,0,0,7168,0,0,0,0,6272,0,0,0,0,418238
115,11,7168,0,0,0,0,0,7168,0,0,0,0,6272,0,0,0,0,418238
115,12,7168,0,0,0,0,0,7168,0,0,0,0,6272,0,0,0,0,418238
115,13,7168,0,0,0,0,0,7168,0,0,0,0,0,7168,0,0,0,355095
115,14,7168,0,0,0,0,0,7168,0,0,0,0,0,7168,0,0,0,355095
115,15,7168,0,0,0,0,0,7168,0,0,0,0,0,7168,0,0,0,355095
115,16,7168,0,0,0,0,0,7168,0,0,0,0,0,0,7904,0,0,348343
115,17,7168,0,0,0,0,0,7168,0,0,0,0,0,0,7904,0,0,348343
115,18,7168,0,0,0,0,0,7168,0,0,0,0,0,0,7904,0,0,348343
115,19,7168,0,0,0,0,0,0,7904,0,0,0,0,6272,0,0,0,350306
115,20,7168,0,0,0,0,0,0,7904,0,0,0,0,6272,0,0,0,350306
115,21,7168,0,0,0,0,0,0,7904,0,0,0,0,6272,0,0,0,350306
115,22,7168,0,0,0,0,0,0,7904,0,0,0,0,0,7168,0,0,347813
115,23,7168,0,0,0,0,0,0,7904,0,0,0,0,0,7168,0,0,347813
115,24,7168,0,0,0,0,0,0,7904,0,0,0,0,0,7168,0,0,347813
115,25,7168,0,0,0,0,0,0,7904,0,0,0,0,0,0,7904,0,355775
115,26,7168,0,0,0,0,0,0,7904,0,0,0,0,0,0,7904,0,355775
115,27,7168,0,0,0,0,0,0,7904,0,0,0,0,0,0,7904,0,355775
115,28,7168,0,0,0,0,6272,0,0,0,0,6272,0,0,0,0,6272,371168
115,29,7168,0,0,0,0,6272,0,0,0,0,6272,0,0,0,0,0,414666
115,30,7168,0,0,0,0,6272,0,0,0,0,6272,0,0,0,0,0,414666
115,31,7168,0,0,0,0,6272,0,0,0,0,0,7168,0,0,0,0,416112
115,32,7168,0,0,0,0,6272,0,0,0,0,0,7168,0,0,0,0,416112
115,33,7168,0,0,0,0,6272,0,0,0,0,0,7168,0,0,0,0,416112
115,34,7168,0,0,0,0,6272,0,0,0,0,0,0,7904,0,0,0,348369
115,35,7168,0,0,0,0,6272,0,0,0,0,0,0,7904,0,0,0,348369
115,36,7168,0,0,0,0,6272,0,0,0,0,0,0,7904,0,0,0,348369
115,37,7168,0,0,0,0,0,7168,0,0,0,0,6272,0,0,0,0,418238
115,38,7168,0,0,0,0,0,7168,0,0,0,0,6272,0,0,0,0,418238
115,39,7168,0,0,0,0,0,7168,0,0,0,0,6272,0,0,0,0,418238
115,40,7168,0,0,0,0,0,7168,0,0,0,0,0,7168,0,0,0,355095
115,41,7168,0,0,0,0,0,7168,0,0,0,0,0,7168,0,0,0,355095
115,42,7168,0,0,0,0,0,7168,0,0,0,0,0,7168,0,0,0,355095
115,43,7168,0,0,0,0,0,7168,0,0,0,0,0,0,7904,0,0,348343
115,44,7168,0,0,0,0,0,7168,0,0,0,0,0,0,7904,0,0,348343
115,45,7168,0,0,0,0,0,7168,0,0,0,0,0,0,7904,0,0,348343
115,46,7168,0,0,0,0,0,0,7904,0,0,0,0,6272,0,0,0,350306
115,47,7168,0,0,0,0,0,0,7904,0,0,0,0,6272,0,0,0,350306
115,48,7168,0,0,0,0,0,0,7904,0,0,0,0,6272,0,0,0,350306
115,49,7168,0,0,0,0,0,0,7904,0,0,0,0,0,7168,0,0,347813
115,50,7168,0,0,0,0,0,0,7904,0,0,0,0,0,7168,0,0,347813
115,51,7168,0,0,0,0,0,0,7904,0,0,0,0,0,7168,0,0,347813
115,52,7168,0,0,0,0,0,0,7904,0,0,0,0,0,0,7904,0,355775
115,53,7168,0,0,0,0,0,0,7904,0,0,0,0,0,0,7904,0,355775
115,54,7168,0,0,0,0,0,0,7904,0,0,0,0,0,0,7904,0,355775
115,55,0,7904,0,0,0,0,6272,0,0,0,0,6272,0,0,0,0,410639
115,56,0,7904,0,0,0,0,6272,0,0,0,0,6272,0,0,0,0,410639
115,57,0,7904,0,0,0,0,6272,0,0,0,0,6272,0,0,0,0,410639
115,58,0,7904,0,0,0,0,6272,0,0,0,0,0,7168,0,0,0,347496
115,59,0,7904,0,0,0,0,6272,0,0,0,0,0,7168,0,0,0,347496
115,60,0,7904,0,0,0,0,6272,0,0,0,0,0,7168,0,0,0,347496
115,61,0,7904,0,0,0,0,6272,0,0,0,0,0,0,7904,0,0,340744
115,62,0,7904,0,0,0,0,6272,0,0,0,0,0,0,7904,0,0,340744
115,63,0,7904,0,0,0,0,6272,0,0,0,0,0,0,7904,0,0,340744
115,64,0,7904,0,0,0,0,0,7168,0,0,0,0,6272,0,0,0,349466
115,65,0,7904,0,0,0,0,0,7168,0,0,0,0,6272,0,0,0,349466
115,66,0,7904,0,0,0,0,0,7168,0,0,0,0,6272,0,0,0,349466
115,67,0,7904,0,0,0,0,0,7168,0,0,0,0,0,7168,0,0,346973
115,68,0,7904,0,0,0,0,0,7168,0,0,0,0,0,7168,0,0,346973
115,69,0,7904,0,0,0,0,0,7168,0,0,0,0,0,7168,0,0,346973
115,70,0,7904,0,0,0,0,0,7168,0,0,0,0,0,0,7904,0,354935
115,71,0,7904,0,0,0,0,0,7168,0,0,0,0,0,0,7904,0,354935
115,72,0,7904,0,0,0,0,0,7168,0,0,0,0,0,0,7904,0,354935
115,73,0,7904,0,0,0,0,0,0,7904,0,0,0,0,6272,0,0,342537
115,74,0,7904,0,0,0,0,0,0,7904,0,0,0,0,6272,0,0,342537
115,75,0,7904,0,0,0,0,0,0,7904,0,0,0,0,6272,0,0,342537
115,76,0,7904,0,0,0,0,0,0,7904,0,0,0,0,0,7168,0,354443
115,77,0,7904,0,0,0,0,0,0,7904,0,0,0,0,0,7168,0,354443
115,78,0,7904,0,0,0,0,0,0,7904,0,0,0,0,0,7168,0,354443
115,79,0,7904,0,0,0,0,0,0,7904,0,0,0,0,0,0,7904,379118
115,80,0,7904,0,0,0,0,0,0,7904,0,0,0,0,0,0,7904,379118
115,81,0,7904,0,0,0,0,0,0,7904,0,0,0,0,0,0,7904,379118
116,1,8424,0,0,0,0,7416,0,0,0,0,7416,0,0,0,0,7416,461611
116,2,8424,0,0,0,0,7416,0,0,0,0,7416,0,0,0,0,0,510335
116,3,8424,0,0,0,0,7416,0,0,0,0,7416,0,0,0,0,0,510335
116,4,8424,0,0,0,0,7416,0,0,0,0,0,8424,0,0,0,0,511346
116,5,8424,0,0,0,0,7416,0,0,0,0,0,8424,0,0,0,0,511346
116,6,8424,0,0,0,0,7416,0,0,0,0,0,8424,0,0,0,0,511346
116,7,8424,0,0,0,0,7416,0,0,0,0,0,0,9216,0,0,0,429749
116,8,8424,0,0,0,0,7416,0,0,0,0,0,0,9216,0,0,0,429749
116,9,8424,0,0,0,0,7416,0,0,0,0,0,0,9216,0,0,0,429749
116,10,8424,0,0,0,0,0,8424,0,0,0,0,7416,0,0,0,0,512831
116,11,8424,0,0,0,0,0,8424,0,0,0,0,7416,0,0,0,0,512831
116,12,8424,0,0,0,0,0,8424,0,0,0,0,7416,0,0,0,0,512831
116,13,8424,0,0,0,0,0,8424,0,0,0,0,0,8424,0,0,0,437125
116,14,8424,0,0,0,0,0,8424,0,0,0,0,0,8424,0,0,0,437125
116,15,8424,0,0,0,0,0,8424,0,0,0,0,0,8424,0,0,0,437125
116,16,8424,0,0,0,0,0,8424,0,0,0,0,0,0,9216,0,0,427181
116,17,8424,0,0,0,0,0,8424,0,0,0,0,0,0,9216,0,0,427181
116,18,8424,0,0,0,0,0,8424,0,0,0,0,0,0,9216,0,0,427181
116,19,8424,0,0,0,0,0,0,9216,0,0,0,0,7416,0,0,0,429845
116,20,8424,0,0,0,0,0,0,9216,0,0,0,0,7416,0,0,0,429845
116,21,8424,0,0,0,0,0,0,9216,0,0,0,0,7416,0,0,0,429845
116,22,8424,0,0,0,0,0,0,9216,0,0,0,0,0,8424,0,0,425355
116,23,8424,0,0,0,0,0,0,9216,0,0,0,0,0,8424,0,0,425355
116,24,8424,0,0,0,0,0,0,9216,0,0,0,0,0,8424,0,0,425355
116,25,8424,0,0,0,0,0,0,9216,0,0,0,0,0,0,9216,0,432368
116,26,8424,0,0,0,0,0,0,9216,0,0,0,0,0,0,9216,0,432368
116,27,8424,0,0,0,0,0,0,9216,0,0,0,0,0,0,9216,0,432368
116,28,8424,0,0,0,0,7416,0,0,0,0,7416,0,0,0,0,7416,461611
116,29,8424,0,0,0,0,7416,0,0,0,0,7416,0,0,0,0,0,510335
116,30,8424,0,0,0,0,7416,0,0,0,0,7416,0,0,0,0,0,510335
116,31,8424,0,0,0,0,7416,0,0,0,0,0,8424,0,0,0,0,511346
116,32,8424,0,0,0,0,7416,0,0,0,0,0,8424,0,0,0,0,511346
116,33,8424,0,0,0,0,7416,0,0,0,0,0,8424,0,0,0,0,511346
116,34,8424,0,0,0,0,7416,0,0,0,0,0,0,9216,0,0,0,429749
116,35,8424,0,0,0,0,7416,0,0,0,0,0,0,9216,0,0,0,429749
116,36,8424,0,0,0,0,7416,0,0,0,0,0,0,9216,0,0,0,429749
116,37,8424,0,0,0,0,0,8424,0,0,0,0,7416,0,0,0,0,512831
116,38,8424,0,0,0,0,0,8424,0,0,0,0,7416,0,0,0,0,512831
116,39,8424,0,0,0,0,0,8424,0,0,0,0,7416,0,0,0,0,512831
116,40,8424,0,0,0,0,0,8424,0,0,0,0,0,8424,0,0,0,437125
116,41,8424,0,0,0,0,0,8424,0,0,0,0,0,8424,0,0,0,437125
116,42,8424,0,0,0,0,0,8424,0,0,0,0,0,8424,0,0,0,437125
116,43,8424,0,0,0,0,0,8424,0,0,0,0,0,0,9216,0,0,427181
116,44,8424,0,0,0,0,0,8424,0,0,0,0,0,0,9216,0,0,427181
116,45,8424,0,0,0,0,0,8424,0,0,0,0,0,0,9216,0,0,427181
116,46,8424,0,0,0,0,0,0,9216,0,0,0,0,7416,0,0,0,429845
116,47,8424,0,0,0,0,0,0,9216,0,0,0,0,7416,0,0,0,429845
116,48,8424,0,0,0,0,0,0,9216,0,0,0,0,7416,0,0,0,429845
116,49,8424,0,0,0,0,0,0,9216,0,0,0,0,0,8424,0,0,425355
116,50,8424,0,0,0,0,0,0,9216,0,0,0,0,0,8424,0,0,425355
116,51,8424,0,0,0,0,0,0,9216,0,0,0,0,0,8424,0,0,425355
116,52,8424,0,0,0,0,0,0,9216,0,0,0,0,0,0,9216,0,432368
116,53,8424,0,0,0,0,0,0,9216,0,0,0,0,0,0,9216,0,432368
116,54,8424,0,0,0,0,0,0,9216,0,0,0,0,0,0,9216,0,432368
116,55,0,9216,0,0,0,0,7416,0,0,0,0,7416,0,0,0,0,501282
116,56,0,9216,0,0,0,0,7416,0,0,0,0,7416,0,0,0,0,501282
116,57,0,9216,0,0,0,0,7416,0,0,0,0,7416,0,0,0,0,501282
116,58,0,9216,0,0,0,0,7416,0,0,0,0,0,8424,0,0,0,425576
116,59,0,9216,0,0,0,0,7416,0,0,0,0,0,8424,0,0,0,425576
116,60,0,9216,0,0,0,0,7416,0,0,0,0,0,8424,0,0,0,425576
116,61,0,9216,0,0,0,0,7416,0,0,0,0,0,0,9216,0,0,415632
116,62,0,9216,0,0,0,0,7416,0,0,0,0,0,0,9216,0,0,415632
116,63,0,9216,0,0,0,0,7416,0,0,0,0,0,0,9216,0,0,415632
116,64,0,9216,0,0,0,0,0,8424,0,0,0,0,7416,0,0,0,426950
116,65,0,9216,0,0,0,0,0,8424,0,0,0,0,7416,0,0,0,426950
116,66,0,9216,0,0,0,0,0,8424,0,0,0,0,7416,0,0,0,426950
116,67,0,9216,0,0,0,0,0,8424,0,0,0,0,0,8424,0,0,422460
116,68,0,9216,0,0,0,0,0,8424,0,0,0,0,0,8424,0,0,422460
116,69,0,9216,0,0,0,0,0,8424,0,0,0,0,0,8424,0,0,422460
116,70,0,9216,0,0,0,0,0,8424,0,0,0,0,0,0,9216,0,429473
116,71,0,9216,0,0,0,0,0,8424,0,0,0,0,0,0,9216,0,429473
116,72,0,9216,0,0,0,0,0,8424,0,0,0,0,0,0,9216,0,429473
116,73,0,9216,0,0,0,0,0,0,9216,0,0,0,0,7416,0,0,415720
116,74,0,9216,0,0,0,0,0,0,9216,0,0,0,0,7416,0,0,415720
116,75,0,9216,0,0,0,0,0,0,9216,0,0,0,0,7416,0,0,415720
116,76,0,9216,0,0,0,0,0,0,9216,0,0,0,0,0,8424,0,427783
116,77,0,9216,0,0,0,0,0,0,9216,0,0,0,0,0,8424,0,427783
116,78,0,9216,0,0,0,0,0,0,9216,0,0,0,0,0,8424,0,427783
116,79,0,9216,0,0,0,0,0,0,9216,0,0,0,0,0,0,9216,455151
116,80,0,9216,0,0,0,0,0,0,9216,0,0,0,0,0,0,9216,455151
116,81,0,9216,0,0,0,0,0,0,9216,0,0,0,0,0,0,9216,455151
117,1,6870,0,0,0,0,6030,0,0,0,0,6030,0,0,0,0,6030,366324
117,2,6870,0,0,0,0,6030,0,0,0,0,6030,0,0,0,0,0,407016
117,3,6870,0,0,0,0,6030,0,0,0,0,6030,0,0,0,0,0,407016
117,4,6870,0,0,0,0,6030,0,0,0,0,0,6870,0,0,0,0,408116
117,5,6870,0,0,0,0,6030,0,0,0,0,0,6870,0,0,0,0,408116
117,6,6870,0,0,0,0,6030,0,0,0,0,0,6870,0,0,0,0,408116
117,7,6870,0,0,0,0,6030,0,0,0,0,0,0,7560,0,0,0,342615
117,8,6870,0,0,0,0,6030,0,0,0,0,0,0,7560,0,0,0,342615
117,9,6870,0,0,0,0,6030,0,0,0,0,0,0,7560,0,0,0,342615
117,10,6870,0,0,0,0,0,6870,0,0,0,0,6030,0,0,0,0,409732
117,11,6870,0,0,0,0,0,6870,0,0,0,0,6030,0,0,0,0,409732
117,12,6870,0,0,0,0,0,6870,0,0,0,0,6030,0,0,0,0,409732
117,13,6870,0,0,0,0,0,6870,0,0,0,0,0,6870,0,0,0,348544
117,14,6870,0,0,0,0,0,6870,0,0,0,0,0,6870,0,0,0,348544
117,15,6870,0,0,0,0,0,6870,0,0,0,0,0,6870,0,0,0,348544
117,16,6870,0,0,0,0,0,6870,0,0,0,0,0,0,7560,0,0,341555
117,17,6870,0,0,0,0,0,6870,0,0,0,0,0,0,7560,0,0,341555
117,18,6870,0,0,0,0,0,6870,0,0,0,0,0,0,7560,0,0,341555
117,19,6870,0,0,0,0,0,0,7560,0,0,0,0,6030,0,0,0,343702
117,20,6870,0,0,0,0,0,0,7560,0,0,0,0,6030,0,0,0,343702
117,21,6870,0,0,0,0,0,0,7560,0,0,0,0,6030,0,0,0,343702
117,22,6870,0,0,0,0,0,0,7560,0,0,0,0,0,6870,0,0,340706
117,23,6870,0,0,0,0,0,0,7560,0,0,0,0,0,6870,0,0,340706
117,24,6870,0,0,0,0,0,0,7560,0,0,0,0,0,6870,0,0,340706
117,25,6870,0,0,0,0,0,0,7560,0,0,0,0,0,0,7560,0,347616
117,26,6870,0,0,0,0,0,0,7560,0,0,0,0,0,0,7560,0,347616
117,27,6870,0,0,0,0,0,0,7560,0,0,0,0,0,0,7560,0,347616
117,28,6870,0,0,0,0,6030,0,0,0,0,6030,0,0,0,0,6030,366324
117,29,6870,0,0,0,0,6030,0,0,0,0,6030,0,0,0,0,0,407016
117,30,6870,0,0,0,0,6030,0,0,0,0,6030,0,0,0,0,0,407016
117,31,6870,0,0,0,0,6030,0,0,0,0,0,6870,0,0,0,0,408116
117,32,6870,0,0,0,0,6030,0,0,0,0,0,6870,0,0,0,0,408116
117,33,6870,0,0,0,0,6030,0,0,0,0,0,6870,0,0,0,0,408116
117,34,6870,0,0,0,0,6030,0,0,0,0,0,0,7560,0,0,0,342615
117,35,6870,0,0,0,0,6030,0,0,0,0,0,0,7560,0,0,0,342615
117,36,6870,0,0,0,0,6030,0,0,0,0,0,0,7560,0,0,0,342615
117,37,6870,0,0,0,0,0,6870,0,0,0,0,6030,0,0,0,0,409732
117,38,6870,0,0,0,0,0,6870,0,0,0,0,6030,0,0,0,0,409732
117,39,6870,0,0,0,0,0,6870,0,0,0,0,6030,0,0,0,0,409732
117,40,6870,0,0,0,0,0,6870,0,0,0,0,0,6870,0,0,0,348544
117,41,6870,0,0,0,0,0,6870,0,0,0,0,0,6870,0,0,0,348544
117,42,6870,0,0,0,0,0,6870,0,0,0,0,0,6870,0,0,0,348544
117,43,6870,0,0,0,0,0,6870,0,0,0,0,0,0,7560,0,0,341555
117,44,6870,0,0,0,0,0,6870,0,0,0,0,0,0,7560,0,0,341555
117,45,6870,0,0,0,0,0,6870,0,0,0,0,0,0,7560,0,0,341555
117,46,6870,0,0,0,0,0,0,7560,0,0,0,0,6030,0,0,0,343702
117,47,6870,0,0,0,0,0,0,7560,0,0,0,0,6030,0,0,0,343702
117,48,6870,0,0,0,0,0,0,7560,0,0,0,0,6030,0,0,0,343702
117,49,6870,0,0,0,0,0,0,7560,0,0,0,0,0,6870,0,0,340706
117,50,6870,0,0,0,0,0,0,7560,0,0,0,0,0,6870,0,0,340706
117,51,6870,0,0,0,0,0,0,7560,0,0,0,0,0,6870,0,0,340706
117,52,6870,0,0,0,0,0,0,7560,0,0,0,0,0,0,7560,0,347616
117,53,6870,0,0,0,0,0,0,7560,0,0,0,0,0,0,7560,0,347616
117,54,6870,0,0,0,0,0,0,7560,0,0,0,0,0,0,7560,0,347616
117,55,0,7560,0,0,0,0,6030,0,0,0,0,6030,0,0,0,0,402051
117,56,0,7560,0,0,0,0,6030,0,0,0,0,6030,0,0,0,0,402051
117,57,0,7560,0,0,0,0,6030,0,0,0,0,6030,0,0,0,0,402051
117,58,0,7560,0,0,0,0,6030,0,0,0,0,0,6870,0,0,0,340863
117,59,0,7560,0,0,0,0,6030,0,0,0,0,0,6870,0,0,0,340863
117,60,0,7560,0,0,0,0,6030,0,0,0,0,0,6870,0,0,0,340863
117,61,0,7560,0,0,0,0,6030,0,0,0,0,0,0,7560,0,0,333874
117,62,0,7560,0,0,0,0,6030,0,0,0,0,0,0,7560,0,0,333874
117,63,0,7560,0,0,0,0,6030,0,0,0,0,0,0,7560,0,0,333874
117,64,0,7560,0,0,0,0,0,6870,0,0,0,0,6030,0,0,0,342358
117,65,0,7560,0,0,0,0,0,6870,0,0,0,0,6030,0,0,0,342358
117,66,0,7560,0,0,0,0,0,6870,0,0,0,0,6030,0,0,0,342358
117,67,0,7560,0,0,0,0,0,6870,0,0,0,0,0,6870,0,0,339362
117,68,0,7560,0,0,0,0,0,6870,0,0,0,0,0,6870,0,0,339362
117,69,0,7560,0,0,0,0,0,6870,0,0,0,0,0,6870,0,0,339362
117,70,0,7560,0,0,0,0,0,6870,0,0,0,0,0,0,7560,0,346272
117,71,0,7560,0,0,0,0,0,6870,0,0,0,0,0,0,7560,0,346272
117,72,0,7560,0,0,0,0,0,6870,0,0,0,0,0,0,7560,0,346272
117,73,0,7560,0,0,0,0,0,0,7560,0,0,0,0,6030,0,0,334880
117,74,0,7560,0,0,0,0,0,0,7560,0,0,0,0,6030,0,0,334880
117,75,0,7560,0,0,0,0,0,0,7560,0,0,0,0,6030,0,0,334880
117,76,0,7560,0,0,0,0,0,0,7560,0,0,0,0,0,6870,0,345487
117,77,0,7560,0,0,0,0,0,0,7560,0,0,0,0,0,6870,0,345487
117,78,0,7560,0,0,0,0,0,0,7560,0,0,0,0,0,6870,0,345487
117,79,0,7560,0,0,0,0,0,0,7560,0,0,0,0,0,0,7560,368693
117,80,0,7560,0,0,0,0,0,0,7560,0,0,0,0,0,0,7560,368693
117,81,0,7560,0,0,0,0,0,0,7560,0,0,0,0,0,0,7560,368693
118,1,8190,0,0,0,0,6930,0,0,0,0,6930,0,0,0,0,6930,331759
118,2,8190,0,0,0,0,6930,0,0,0,0,6930,0,0,0,0,0,391106
118,3,8190,0,0,0,0,6930,0,0,0,0,6930,0,0,0,0,0,391106
118,4,8190,0,0,0,0,6930,0,0,0,0,0,8190,0,0,0,0,395815
118,5,8190,0,0,0,0,6930,0,0,0,0,0,8190,0,0,0,0,395815
118,6,8190,0,0,0,0,6930,0,0,0,0,0,8190,0,0,0,0,395815
118,7,8190,0,0,0,0,6930,0,0,0,0,0,0,9198,0,0,0,324872
118,8,8190,0,0,0,0,6930,0,0,0,0,0,0,9198,0,0,0,324872
118,9,8190,0,0,0,0,6930,0,0,0,0,0,0,9198,0,0,0,324872
118,10,8190,0,0,0,0,0,8190,0,0,0,0,6930,0,0,0,0,402734
118,11,8190,0,0,0,0,0,8190,0,0,0,0,6930,0,0,0,0,402734
118,12,8190,0,0,0,0,0,8190,0,0,0,0,6930,0,0,0,0,402734
118,13,8190,0,0,0,0,0,8190,0,0,0,0,0,8190,0,0,0,338795
118,14,8190,0,0,0,0,0,8190,0,0,0,0,0,8190,0,0,0,338795
118,15,8190,0,0,0,0,0,8190,0,0,0,0,0,8190,0,0,0,338795
118,16,8190,0,0,0,0,0,8190,0,0,0,0,0,0,9198,0,0,336297
118,17,8190,0,0,0,0,0,8190,0,0,0,0,0,0,9198,0,0,336297
118,18,8190,0,0,0,0,0,8190,0,0,0,0,0,0,9198,0,0,336297
118,19,8190,0,0,0,0,0,0,9198,0,0,0,0,6930,0,0,0,334908
118,20,8190,0,0,0,0,0,0,9198,0,0,0,0,6930,0,0,0,334908
118,21,8190,0,0,0,0,0,0,9198,0,0,0,0,6930,0,0,0,334908
118,22,8190,0,0,0,0,0,0,9198,0,0,0,0,0,8190,0,0,338896
118,23,8190,0,0,0,0,0,0,9198,0,0,0,0,0,8190,0,0,338896
118,24,8190,0,0,0,0,0,0,9198,0,0,0,0,0,8190,0,0,338896
118,25,8190,0,0,0,0,0,0,9198,0,0,0,0,0,0,9198,0,354171
118,26,8190,0,0,0,0,0,0,9198,0,0,0,0,0,0,9198,0,354171
118,27,8190,0,0,0,0,0,0,9198,0,0,0,0,0,0,9198,0,354171
118,28,8190,0,0,0,0,6930,0,0,0,0,6930,0,0,0,0,6930,331759
118,29,8190,0,0,0,0,6930,0,0,0,0,6930,0,0,0,0,0,391106
118,30,8190,0,0,0,0,6930,0,0,0,0,6930,0,0,0,0,0,391106
118,31,8190,0,0,0,0,6930,0,0,0,0,0,8190,0,0,0,0,395815
118,32,8190,0,0,0,0,6930,0,0,0,0,0,8190,0,0,0,0,395815
118,33,8190,0,0,0,0,6930,0,0,0,0,0,8190,0,0,0,0,395815
118,34,8190,0,0,0,0,6930,0,0,0,0,0,0,9198,0,0,0,324872
118,35,8190,0,0,0,0,6930,0,0,0,0,0,0,9198,0,0,0,324872
118,36,8190,0,0,0,0,6930,0,0,0,0,0,0,9198,0,0,0,324872
118,37,8190,0,0,0,0,0,8190,0,0,0,0,6930,0,0,0,0,402734
118,38,8190,0,0,0,0,0,8190,0,0,0,0,6930,0,0,0,0,402734
118,39,8190,0,0,0,0,0,8190,0,0,0,0,6930,0,0,0,0,402734
118,40,8190,0,0,0,0,0,8190,0,0,0,0,0,8190,0,0,0,338795
118,41,8190,0,0,0,0,0,8190,0,0,0,0,0,8190,0,0,0,338795
118,42,8190,0,0,0,0,0,8190,0,0,0,0,0,8190,0,0,0,338795
118,43,8190,0,0,0,0,0,8190,0,0,0,0,0,0,9198,0,0,336297
118,44,8190,0,0,0,0,0,8190,0,0,0,0,0,0,9198,0,0,336297
118,45,8190,0,0,0,0,0,8190,0,0,0,0,0,0,9198,0,0,336297
118,46,8190,0,0,0,0,0,0,9198,0,0,0,0,6930,0,0,0,334908
118,47,8190,0,0,0,0,0,0,9198,0,0,0,0,6930,0,0,0,334908
118,48,8190,0,0,0,0,0,0,9198,0,0,0,0,6930,0,0,0,334908
118,49,8190,0,0,0,0,0,0,9198,0,0,0,0,0,8190,0,0,338896
118,50,8190,0,0,0,0,0,0,9198,0,0,0,0,0,8190,0,0,338896
118,51,8190,0,0,0,0,0,0,9198,0,0,0,0,0,8190,0,0,338896
118,52,8190,0,0,0,0,0,0,9198,0,0,0,0,0,0,9198,0,354171
118,53,8190,0,0,0,0,0,0,9198,0,0,0,0,0,0,9198,0,354171
118,54,8190,0,0,0,0,0,0,9198,0,0,0,0,0,0,9198,0,354171
118,55,0,9198,0,0,0,0,6930,0,0,0,0,6930,0,0,0,0,396566
118,56,0,9198,0,0,0,0,6930,0,0,0,0,6930,0,0,0,0,396566
118,57,0,9198,0,0,0,0,6930,0,0,0,0,6930,0,0,0,0,396566
118,58,0,9198,0,0,0,0,6930,0,0,0,0,0,8190,0,0,0,332627
118,59,0,9198,0,0,0,0,6930,0,0,0,0,0,8190,0,0,0,332627
118,60,0,9198,0,0,0,0,6930,0,0,0,0,0,8190,0,0,0,332627
118,61,0,9198,0,0,0,0,6930,0,0,0,0,0,0,9198,0,0,330129
118,62,0,9198,0,0,0,0,6930,0,0,0,0,0,0,9198,0,0,330129
118,63,0,9198,0,0,0,0,6930,0,0,0,0,0,0,9198,0,0,330129
118,64,0,9198,0,0,0,0,0,8190,0,0,0,0,6930,0,0,0,339033
118,65,0,9198,0,0,0,0,0,8190,0,0,0,0,6930,0,0,0,339033
118,66,0,9198,0,0,0,0,0,8190,0,0,0,0,6930,0,0,0,339033
118,67,0,9198,0,0,0,0,0,8190,0,0,0,0,0,8190,0,0,343021
118,68,0,9198,0,0,0,0,0,8190,0,0,0,0,0,8190,0,0,343021
118,69,0,9198,0,0,0,0,0,8190,0,0,0,0,0,8190,0,0,343021
118,70,0,9198,0,0,0,0,0,8190,0,0,0,0,0,0,9198,0,358296
118,71,0,9198,0,0,0,0,0,8190,0,0,0,0,0,0,9198,0,358296
118,72,0,9198,0,0,0,0,0,8190,0,0,0,0,0,0,9198,0,358296
118,73,0,9198,0,0,0,0,0,0,9198,0,0,0,0,6930,0,0,339422
118,74,0,9198,0,0,0,0,0,0,9198,0,0,0,0,6930,0,0,339422
118,75,0,9198,0,0,0,0,0,0,9198,0,0,0,0,6930,0,0,339422
118,76,0,9198,0,0,0,0,0,0,9198,0,0,0,0,0,8190,0,360703
118,77,0,9198,0,0,0,0,0,0,9198,0,0,0,0,0,8190,0,360703
118,78,0,9198,0,0,0,0,0,0,9198,0,0,0,0,0,8190,0,360703
118,79,0,9198,0,0,0,0,0,0,9198,0,0,0,0,0,0,9198,393325
118,80,0,9198,0,0,0,0,0,0,9198,0,0,0,0,0,0,9198,393325
118,81,0,9198,0,0,0,0,0,0,9198,0,0,0,0,0,0,9198,393325
119,1,4140,0,0,0,0,3560,0,0,0,0,3560,0,0,0,0,3560,188891
119,2,4140,0,0,0,0,3560,0,0,0,0,3560,0,0,0,0,0,216614
119,3,4140,0,0,0,0,3560,0,0,0,0,3560,0,0,0,0,0,216614
119,4,4140,0,0,0,0,3560,0,0,0,0,0,4140,0,0,0,0,218273
119,5,4140,0,0,0,0,3560,0,0,0,0,0,4140,0,0,0,0,218273
119,6,4140,0,0,0,0,3560,0,0,0,0,0,4140,0,0,0,0,218273
119,7,4140,0,0,0,0,3560,0,0,0,0,0,0,4620,0,0,0,181073
119,8,4140,0,0,0,0,3560,0,0,0,0,0,0,4620,0,0,0,181073
119,9,4140,0,0,0,0,3560,0,0,0,0,0,0,4620,0,0,0,181073
119,10,4140,0,0,0,0,0,4140,0,0,0,0,3560,0,0,0,0,220711
119,11,4140,0,0,0,0,0,4140,0,0,0,0,3560,0,0,0,0,220711
119,12,4140,0,0,0,0,0,4140,0,0,0,0,3560,0,0,0,0,220711
119,13,4140,0,0,0,0,0,4140,0,0,0,0,0,4140,0,0,0,186418
119,14,4140,0,0,0,0,0,4140,0,0,0,0,0,4140,0,0,0,186418
119,15,4140,0,0,0,0,0,4140,0,0,0,0,0,4140,0,0,0,186418
119,16,4140,0,0,0,0,0,4140,0,0,0,0,0,0,4620,0,0,184116
119,17,4140,0,0,0,0,0,4140,0,0,0,0,0,0,4620,0,0,184116
119,18,4140,0,0,0,0,0,4140,0,0,0,0,0,0,4620,0,0,184116
119,19,4140,0,0,0,0,0,0,4620,0,0,0,0,3560,0,0,0,184403
119,20,4140,0,0,0,0,0,0,4620,0,0,0,0,3560,0,0,0,184403
119,21,4140,0,0,0,0,0,0,4620,0,0,0,0,3560,0,0,0,184403
119,22,4140,0,0,0,0,0,0,4620,0,0,0,0,0,4140,0,0,184793
119,23,4140,0,0,0,0,0,0,4620,0,0,0,0,0,4140,0,0,184793
119,24,4140,0,0,0,0,0,0,4620,0,0,0,0,0,4140,0,0,184793
119,25,4140,0,0,0,0,0,0,4620,0,0,0,0,0,0,4620,0,191273
119,26,4140,0,0,0,0,0,0,4620,0,0,0,0,0,0,4620,0,191273
119,27,4140,0,0,0,0,0,0,4620,0,0,0,0,0,0,4620,0,191273
119,28,4140,0,0,0,0,3560,0,0,0,0,3560,0,0,0,0,3560,188891
119,29,4140,0,0,0,0,3560,0,0,0,0,3560,0,0,0,0,0,216614
119,30,4140,0,0,0,0,3560,0,0,0,0,3560,0,0,0,0,0,216614
119,31,4140,0,0,0,0,3560,0,0,0,0,0,4140,0,0,0,0,218273
119,32,4140,0,0,0,0,3560,0,0,0,0,0,4140,0,0,0,0,218273
119,33,4140,0,0,0,0,3560,0,0,0,0,0,4140,0,0,0,0,218273
119,34,4140,0,0,0,0,3560,0,0,0,0,0,0,4620,0,0,0,181073
119,35,4140,0,0,0,0,3560,0,0,0,0,0,0,4620,0,0,0,181073
119,36,4140,0,0,0,0,3560,0,0,0,0,0,0,4620,0,0,0,181073
119,37,4140,0,0,0,0,0,4140,0,0,0,0,3560,0,0,0,0,220711
119,38,4140,0,0,0,0,0,4140,0,0,0,0,3560,0,0,0,0,220711
119,39,4140,0,0,0,0,0,4140,0,0,0,0,3560,0,0,0,0,220711
119,40,4140,0,0,0,0,0,4140,0,0,0,0,0,4140,0,0,0,186418
119,41,4140,0,0,0,0,0,4140,0,0,0,0,0,4140,0,0,0,186418
119,42,4140,0,0,0,0,0,4140,0,0,0,0,0,4140,0,0,0,186418
119,43,4140,0,0,0,0,0,4140,0,0,0,0,0,0,4620,0,0,184116
119,44,4140,0,0,0,0,0,4140,0,0,0,0,0,0,4620,0,0,184116
119,45,4140,0,0,0,0,0,4140,0,0,0,0,0,0,4620,0,0,184116
119,46,4140,0,0,0,0,0,0,4620,0,0,0,0,3560,0,0,0,184403
119,47,4140,0,0,0,0,0,0,4620,0,0,0,0,3560,0,0,0,184403
119,48,4140,0,0,0,0,0,0,4620,0,0,0,0,3560,0,0,0,184403
119,49,4140,0,0,0,0,0,0,4620,0,0,0,0,0,4140,0,0,184793
119,50,4140,0,0,0,0,0,0,4620,0,0,0,0,0,4140,0,0,184793
119,51,4140,0,0,0,0,0,0,4620,0,0,0,0,0,4140,0,0,184793
119,52,4140,0,0,0,0,0,0,4620,0,0,0,0,0,0,4620,0,191273
119,53,4140,0,0,0,0,0,0,4620,0,0,0,0,0,0,4620,0,191273
119,54,4140,0,0,0,0,0,0,4620,0,0,0,0,0,0,4620,0,191273
119,55,0,4620,0,0,0,0,3560,0,0,0,0,3560,0,0,0,0,217516
119,56,0,4620,0,0,0,0,3560,0,0,0,0,3560,0,0,0,0,217516
119,57,0,4620,0,0,0,0,3560,0,0,0,0,3560,0,0,0,0,217516
119,58,0,4620,0,0,0,0,3560,0,0,0,0,0,4140,0,0,0,183223
119,59,0,4620,0,0,0,0,3560,0,0,0,0,0,4140,0,0,0,183223
119,60,0,4620,0,0,0,0,3560,0,0,0,0,0,4140,0,0,0,183223
119,61,0,4620,0,0,0,0,3560,0,0,0,0,0,0,4620,0,0,180921
119,62,0,4620,0,0,0,0,3560,0,0,0,0,0,0,4620,0,0,180921
119,63,0,4620,0,0,0,0,3560,0,0,0,0,0,0,4620,0,0,180921
119,64,0,4620,0,0,0,0,0,4140,0,0,0,0,3560,0,0,0,185479
119,65,0,4620,0,0,0,0,0,4140,0,0,0,0,3560,0,0,0,185479
119,66,0,4620,0,0,0,0,0,4140,0,0,0,0,3560,0,0,0,185479
119,67,0,4620,0,0,0,0,0,4140,0,0,0,0,0,4140,0,0,185869
119,68,0,4620,0,0,0,0,0,4140,0,0,0,0,0,4140,0,0,185869
119,69,0,4620,0,0,0,0,0,4140,0,0,0,0,0,4140,0,0,185869
119,70,0,4620,0,0,0,0,0,4140,0,0,0,0,0,0,4620,0,192349
119,71,0,4620,0,0,0,0,0,4140,0,0,0,0,0,0,4620,0,192349
119,72,0,4620,0,0,0,0,0,4140,0,0,0,0,0,0,4620,0,192349
119,73,0,4620,0,0,0,0,0,0,4620,0,0,0,0,3560,0,0,184005
119,74,0,4620,0,0,0,0,0,0,4620,0,0,0,0,3560,0,0,184005
119,75,0,4620,0,0,0,0,0,0,4620,0,0,0,0,3560,0,0,184005
119,76,0,4620,0,0,0,0,0,0,4620,0,0,0,0,0,4140,0,192978
119,77,0,4620,0,0,0,0,0,0,4620,0,0,0,0,0,4140,0,192978
119,78,0,4620,0,0,0,0,0,0,4620,0,0,0,0,0,4140,0,192978
119,79,0,4620,0,0,0,0,0,0,4620,0,0,0,0,0,0,4620,208618
119,80,0,4620,0,0,0,0,0,0,4620,0,0,0,0,0,0,4620,208618
119,81,0,4620,0,0,0,0,0,0,4620,0,0,0,0,0,0,4620,208618
120,1,8190,0,0,0,0,7210,0,0,0,0,7210,0,0,0,0,7210,448788
120,2,8190,0,0,0,0,7210,0,0,0,0,7210,0,0,0,0,0,496160
120,3,8190,0,0,0,0,7210,0,0,0,0,7210,0,0,0,0,0,496160
120,4,8190,0,0,0,0,7210,0,0,0,0,0,8190,0,0,0,0,497143
120,5,8190,0,0,0,0,7210,0,0,0,0,0,8190,0,0,0,0,497143
120,6,8190,0,0,0,0,7210,0,0,0,0,0,8190,0,0,0,0,497143
120,7,8190,0,0,0,0,7210,0,0,0,0,0,0,8960,0,0,0,417812
120,8,8190,0,0,0,0,7210,0,0,0,0,0,0,8960,0,0,0,417812
120,9,8190,0,0,0,0,7210,0,0,0,0,0,0,8960,0,0,0,417812
120,10,8190,0,0,0,0,0,8190,0,0,0,0,7210,0,0,0,0,498587
120,11,8190,0,0,0,0,0,8190,0,0,0,0,7210,0,0,0,0,498587
120,12,8190,0,0,0,0,0,8190,0,0,0,0,7210,0,0,0,0,498587
120,13,8190,0,0,0,0,0,8190,0,0,0,0,0,8190,0,0,0,424982
120,14,8190,0,0,0,0,0,8190,0,0,0,0,0,8190,0,0,0,424982
120,15,8190,0,0,0,0,0,8190,0,0,0,0,0,8190,0,0,0,424982
120,16,8190,0,0,0,0,0,8190,0,0,0,0,0,0,8960,0,0,415316
120,17,8190,0,0,0,0,0,8190,0,0,0,0,0,0,8960,0,0,415316
120,18,8190,0,0,0,0,0,8190,0,0,0,0,0,0,8960,0,0,415316
120,19,8190,0,0,0,0,0,0,8960,0,0,0,0,7210,0,0,0,417905
120,20,8190,0,0,0,0,0,0,8960,0,0,0,0,7210,0,0,0,417905
120,21,8190,0,0,0,0,0,0,8960,0,0,0,0,7210,0,0,0,417905
120,22,8190,0,0,0,0,0,0,8960,0,0,0,0,0,8190,0,0,413540
120,23,8190,0,0,0,0,0,0,8960,0,0,0,0,0,8190,0,0,413540
120,24,8190,0,0,0,0,0,0,8960,0,0,0,0,0,8190,0,0,413540
120,25,8190,0,0,0,0,0,0,8960,0,0,0,0,0,0,8960,0,420357
120,26,8190,0,0,0,0,0,0,8960,0,0,0,0,0,0,8960,0,420357
120,27,8190,0,0,0,0,0,0,8960,0,0,0,0,0,0,8960,0,420357
120,28,8190,0,0,0,0,7210,0,0,0,0,7210,0,0,0,0,7210,448788
120,29,8190,0,0,0,0,7210,0,0,0,0,7210,0,0,0,0,0,496160
120,30,8190,0,0,0,0,7210,0,0,0,0,7210,0,0,0,0,0,496160
120,31,8190,0,0,0,0,7210,0,0,0,0,0,8190,0,0,0,0,497143
120,32,8190,0,0,0,0,7210,0,0,0,0,0,8190,0,0,0,0,497143
120,33,8190,0,0,0,0,7210,0,0,0,0,0,8190,0,0,0,0,497143
120,34,8190,0,0,0,0,7210,0,0,0,0,0,0,8960,0,0,0,417812
120,35,8190,0,0,0,0,7210,0,0,0,0,0,0,8960,0,0,0,417812
120,36,8190,0,0,0,0,7210,0,0,0,0,0,0,8960,0,0,0,417812
120,37,8190,0,0,0,0,0,8190,0,0,0,0,7210,0,0,0,0,498587
120,38,8190,0,0,0,0,0,8190,0,0,0,0,7210,0,0,0,0,498587
120,39,8190,0,0,0,0,0,8190,0,0,0,0,7210,0,0,0,0,498587
120,40,8190,0,0,0,0,0,8190,0,0,0,0,0,8190,0,0,0,424982
120,41,8190,0,0,0,0,0,8190,0,0,0,0,0,8190,0,0,0,424982
120,42,8190,0,0,0,0,0,8190,0,0,0,0,0,8190,0,0,0,424982
120,43,8190,0,0,0,0,0,8190,0,0,0,0,0,0,8960,0,0,415316
120,44,8190,0,0,0,0,0,8190,0,0,0,0,0,0,8960,0,0,415316
120,45,8190,0,0,0,0,0,8190,0,0,0,0,0,0,8960,0,0,415316
120,46,8190,0,0,0,0,0,0,8960,0,0,0,0,7210,0,0,0,417905
120,47,8190,0,0,0,0,0,0,8960,0,0,0,0,7210,0,0,0,417905
120,48,8190,0,0,0,0,0,0,8960,0,0,0,0,7210,0,0,0,417905
120,49,8190,0,0,0,0,0,0,8960,0,0,0,0,0,8190,0,0,413540
120,50,8190,0,0,0,0,0,0,8960,0,0,0,0,0,8190,0,0,413540
120,51,8190,0,0,0,0,0,0,8960,0,0,0,0,0,8190,0,0,413540
120,52,8190,0,0,0,0,0,0,8960,0,0,0,0,0,0,8960,0,420357
120,53,8190,0,0,0,0,0,0,8960,0,0,0,0,0,0,8960,0,420357
120,54,8190,0,0,0,0,0,0,8960,0,0,0,0,0,0,8960,0,420357
120,55,0,8960,0,0,0,0,7210,0,0,0,0,7210,0,0,0,0,487357
120,56,0,8960,0,0,0,0,7210,0,0,0,0,7210,0,0,0,0,487357
120,57,0,8960,0,0,0,0,7210,0,0,0,0,7210,0,0,0,0,487357
120,58,0,8960,0,0,0,0,7210,0,0,0,0,0,8190,0,0,0,413752
120,59,0,8960,0,0,0,0,7210,0,0,0,0,0,8190,0,0,0,413752
120,60,0,8960,0,0,0,0,7210,0,0,0,0,0,8190,0,0,0,413752
120,61,0,8960,0,0,0,0,7210,0,0,0,0,0,0,8960,0,0,404086
120,62,0,8960,0,0,0,0,7210,0,0,0,0,0,0,8960,0,0,404086
120,63,0,8960,0,0,0,0,7210,0,0,0,0,0,0,8960,0,0,404086
120,64,0,8960,0,0,0,0,0,8190,0,0,0,0,7210,0,0,0,415089
120,65,0,8960,0,0,0,0,0,8190,0,0,0,0,7210,0,0,0,415089
120,66,0,8960,0,0,0,0,0,8190,0,0,0,0,7210,0,0,0,415089
120,67,0,8960,0,0,0,0,0,8190,0,0,0,0,0,8190,0,0,410724
120,68,0,8960,0,0,0,0,0,8190,0,0,0,0,0,8190,0,0,410724
120,69,0,8960,0,0,0,0,0,8190,0,0,0,0,0,8190,0,0,410724
120,70,0,8960,0,0,0,0,0,8190,0,0,0,0,0,0,8960,0,417541
120,71,0,8960,0,0,0,0,0,8190,0,0,0,0,0,0,8960,0,417541
120,72,0,8960,0,0,0,0,0,8190,0,0,0,0,0,0,8960,0,417541
120,73,0,8960,0,0,0,0,0,0,8960,0,0,0,0,7210,0,0,404173
120,74,0,8960,0,0,0,0,0,0,8960,0,0,0,0,7210,0,0,404173
120,75,0,8960,0,0,0,0,0,0,8960,0,0,0,0,7210,0,0,404173
120,76,0,8960,0,0,0,0,0,0,8960,0,0,0,0,0,8190,0,415900
120,77,0,8960,0,0,0,0,0,0,8960,0,0,0,0,0,8190,0,415900
120,78,0,8960,0,0,0,0,0,0,8960,0,0,0,0,0,8190,0,415900
120,79,0,8960,0,0,0,0,0,0,8960,0,0,0,0,0,0,8960,442508
120,80,0,8960,0,0,0,0,0,0,8960,0,0,0,0,0,0,8960,442508
120,81,0,8960,0,0,0,0,0,0,8960,0,0,0,0,0,0,8960,442508
