Conjunto,Item,1,2,3,4,5,6,7,8,9,10,Lucro
1,1,3,4,4,8,1,5,2,1,2,1,129.00
1,2,1,5,3,7,7,2,2,5,8,1,182.00
1,3,9,4,2,0,4,3,0,3,0,7,183.00
1,4,4,0,2,7,9,3,1,3,8,7,219.00
1,5,8,5,1,4,4,9,7,1,4,8,229.00
1,6,3,5,4,6,5,8,2,9,6,8,237.00
1,7,9,6,2,5,1,6,9,5,6,5,243.00
1,8,3,5,8,0,5,9,9,0,7,9,258.00
1,9,7,4,9,7,3,4,3,4,5,5,262.00
1,10,7,5,3,4,6,4,6,7,8,8,278.00
2,1,0,2,3,7,0,0,4,6,1,0,113.00
2,2,2,3,2,3,8,6,1,5,1,5,166.00
2,3,0,5,8,9,7,0,0,4,6,3,214.00
2,4,3,6,5,6,6,9,7,0,7,5,217.00
2,5,5,2,3,6,5,2,8,6,7,1,219.00
2,6,1,9,9,3,9,2,4,1,7,3,223.00
2,7,6,5,6,3,2,2,4,4,8,4,229.00
2,8,9,3,0,7,9,5,8,5,9,1,257.00
2,9,3,7,6,7,9,1,9,9,4,4,266.00
2,10,5,6,9,4,2,7,7,8,8,2,274.00
3,1,4,1,1,1,5,6,3,5,5,0,136.00
3,2,0,4,3,0,2,8,7,9,4,3,148.00
3,3,5,2,7,3,1,5,8,0,1,3,194.00
3,4,5,7,5,6,0,0,4,7,5,1,194.00
3,5,4,3,5,6,3,1,9,1,1,6,195.00
3,6,3,5,3,8,4,0,5,4,6,8,227.00
3,7,9,8,5,4,8,6,4,7,0,1,251.00
3,8,8,7,6,4,1,1,2,6,9,5,259.00
3,9,9,8,1,3,5,1,9,5,2,8,264.00
3,10,9,5,4,4,6,4,3,6,8,9,295.00
4,1,2,6,5,1,0,0,1,2,5,2,129.00
4,2,3,5,2,6,1,2,4,0,9,7,187.00
4,3,3,3,2,9,7,4,4,7,2,5,202.00
4,4,1,5,2,9,7,5,1,3,1,8,202.00
4,5,6,4,5,3,1,6,5,5,7,6,212.00
4,6,8,1,6,7,0,0,6,1,2,5,228.00
4,7,5,6,8,1,9,3,1,8,4,7,256.00
4,8,6,5,9,9,4,7,1,4,2,9,265.00
4,9,8,0,8,8,3,0,1,9,0,9,276.00
4,10,4,8,8,9,7,8,9,6,1,2,284.00
5,1,1,3,2,4,1,9,3,6,6,5,141.00
5,2,1,5,5,8,3,0,3,6,6,0,173.00
5,3,3,8,2,1,1,5,9,2,9,3,185.00
5,4,4,9,6,4,4,1,2,1,6,2,206.00
5,5,6,4,9,3,1,7,7,1,5,2,213.00
5,6,6,5,6,8,4,1,2,9,0,0,217.00
5,7,8,1,6,9,5,2,1,0,5,2,224.00
5,8,8,0,8,5,1,1,4,7,2,2,233.00
5,9,3,6,8,6,5,0,6,2,5,6,243.00
5,10,9,0,9,7,9,9,2,7,2,7,293.00
6,1,0,1,4,1,2,8,2,7,8,4,141.00
6,2,6,6,4,4,0,0,2,5,6,0,169.00
6,3,5,4,2,3,7,3,8,5,2,3,191.00
6,4,5,1,8,1,1,7,3,8,4,5,215.00
6,5,9,3,3,3,2,2,3,6,4,6,229.00
6,6,1,6,9,5,0,2,0,8,6,8,234.00
6,7,9,2,7,7,4,7,7,1,7,1,235.00
6,8,4,2,8,6,0,4,8,4,2,6,238.00
6,9,7,3,5,8,5,2,5,8,0,4,245.00
6,10,9,5,9,1,4,4,0,3,7,6,246.00
7,1,3,3,1,0,2,8,2,8,8,0,123.00
7,2,3,0,0,7,5,5,1,6,5,3,153.00
7,3,7,3,1,3,3,7,0,9,8,3,204.00
7,4,0,6,9,5,9,5,8,0,1,1,212.00
7,5,7,2,2,7,1,3,3,2,8,8,216.00
7,6,5,3,3,4,7,9,4,1,9,7,219.00
7,7,4,6,6,5,8,0,7,5,1,1,219.00
7,8,4,3,0,7,9,2,5,9,1,6,228.00
7,9,6,9,9,9,2,0,1,2,3,1,235.00
7,10,9,8,8,0,0,1,9,2,7,9,284.00
8,1,7,2,8,2,0,3,0,4,4,3,181.00
8,2,3,8,5,0,8,2,1,9,5,0,195.00
8,3,3,4,0,4,9,1,3,9,2,5,200.00
8,4,6,9,8,2,0,4,0,3,6,0,203.00
8,5,6,2,5,5,3,5,3,0,1,9,208.00
8,6,1,6,1,6,7,6,6,7,2,6,209.00
8,7,4,2,8,5,2,7,8,5,5,1,218.00
8,8,2,2,8,5,8,3,8,9,7,1,237.00
8,9,4,8,4,6,5,8,5,7,9,3,257.00
8,10,6,8,7,9,7,2,0,7,6,3,282.00
9,1,3,2,1,1,9,8,1,0,3,0,96.00
9,2,1,1,1,4,5,0,6,5,0,5,131.00
9,3,2,7,2,5,0,3,3,3,3,5,161.00
9,4,0,3,6,8,6,9,2,5,4,2,166.00
9,5,7,7,4,9,6,4,4,3,1,5,248.00
9,6,6,2,9,0,4,6,9,6,3,7,272.00
9,7,9,5,8,3,3,5,5,8,1,6,275.00
9,8,7,7,6,7,3,4,1,9,5,8,283.00
9,9,8,7,5,9,2,2,2,3,8,9,293.00
9,10,8,1,9,8,2,6,8,5,7,9,325.00
10,1,0,3,6,3,2,3,0,9,0,5,161.00
10,2,1,0,6,4,0,0,5,9,6,9,203.00
10,3,3,6,9,1,3,6,2,6,8,1,208.00
10,4,1,9,2,3,4,4,2,6,8,8,211.00
10,5,5,4,1,9,7,6,2,9,6,4,216.00
10,6,3,7,8,2,6,6,6,3,4,3,235.00
10,7,7,5,4,8,5,8,6,4,5,2,238.00
10,8,1,5,7,4,8,2,8,4,7,8,251.00
10,9,3,9,7,1,9,6,8,2,6,6,261.00
10,10,7,9,5,5,7,6,9,5,5,7,296.00
11,1,1,5,7,9,0,3,0,1,1,0,133.00
11,2,0,9,2,4,0,5,9,8,5,0,158.00
11,3,6,9,3,3,0,3,8,2,0,1,175.00
11,4,2,6,4,4,6,6,9,0,5,2,185.00
11,5,0,8,6,0,2,1,3,8,6,3,188.00
11,6,8,6,0,1,9,4,1,0,5,6,202.00
11,7,1,9,4,3,8,2,9,1,0,8,205.00
11,8,6,8,4,8,7,7,6,5,3,7,281.00
11,9,9,5,7,0,6,9,8,8,8,2,281.00
11,10,9,6,7,9,7,7,7,2,5,6,322.00
12,1,2,2,0,3,0,6,7,2,0,3,118.00
12,2,1,1,4,6,1,8,2,8,7,1,164.00
12,3,0,5,9,0,8,8,0,0,2,8,181.00
12,4,0,2,3,6,3,5,9,7,6,4,183.00
12,5,1,6,2,9,4,9,0,3,7,7,186.00
12,6,1,7,3,6,2,8,6,1,6,8,191.00
12,7,5,3,9,5,2,3,2,6,6,1,199.00
12,8,0,8,9,4,0,6,3,3,9,6,208.00
12,9,8,4,4,3,4,7,9,2,4,2,228.00
12,10,7,7,9,8,6,6,9,6,1,8,333.00
13,1,4,2,4,3,5,4,3,7,6,2,173.00
13,2,0,6,3,3,8,1,3,2,7,5,174.00
13,3,3,1,4,6,3,7,1,8,5,5,186.00
13,4,6,9,0,7,5,1,6,8,0,2,203.00
13,5,5,1,1,5,4,7,7,4,2,7,208.00
13,6,2,6,7,9,0,0,6,5,3,5,210.00
13,7,9,1,2,7,3,6,1,6,0,8,222.00
13,8,5,9,1,6,2,5,7,1,4,8,227.00
13,9,5,9,0,6,5,4,4,5,9,8,242.00
13,10,8,6,4,3,6,3,6,5,6,6,274.00
14,1,1,9,5,4,1,8,1,1,7,0,133.00
14,2,2,6,6,3,5,8,3,6,2,1,171.00
14,3,4,5,2,4,0,1,7,7,3,3,183.00
14,4,1,9,8,4,5,2,4,1,3,3,187.00
14,5,9,1,4,2,2,3,0,2,1,7,195.00
14,6,6,1,6,5,2,5,6,6,0,8,218.00
14,7,6,8,4,8,8,5,0,6,8,2,240.00
14,8,3,2,9,4,9,0,0,2,7,9,256.00
14,9,1,5,9,1,7,4,9,3,8,9,258.00
14,10,9,1,4,9,1,7,0,6,3,9,259.00
15,1,7,0,8,3,1,0,5,0,2,1,177.00
15,2,4,3,1,8,1,5,5,3,3,7,184.00
15,3,0,3,5,0,9,7,7,4,8,1,184.00
15,4,5,1,4,2,5,8,4,4,2,8,186.00
15,5,2,6,6,0,4,7,6,6,3,5,210.00
15,6,8,4,1,1,6,1,7,0,5,6,212.00
15,7,9,8,5,4,2,1,5,1,0,2,214.00
15,8,8,4,6,0,4,0,1,9,4,2,220.00
15,9,8,8,5,5,6,1,9,5,2,0,253.00
15,10,1,3,8,2,6,5,8,3,9,9,255.00
16,1,0,6,1,4,9,9,1,3,0,5,142.00
16,2,0,7,3,2,5,0,2,7,3,4,155.00
16,3,2,9,0,9,8,3,4,0,0,4,163.00
16,4,8,1,5,4,4,5,0,1,6,0,170.00
16,5,9,7,4,0,6,9,5,7,1,0,211.00
16,6,6,6,5,7,9,1,8,1,1,3,229.00
16,7,9,1,8,2,2,2,4,8,5,0,232.00
16,8,9,4,5,9,6,4,1,2,2,5,232.00
16,9,9,0,3,4,7,5,5,3,0,8,233.00
16,10,7,5,7,9,3,6,1,4,8,5,270.00
17,1,4,7,2,3,6,9,0,1,0,0,121.00
17,2,6,2,0,1,8,4,1,6,0,5,169.00
17,3,1,1,6,0,5,1,1,3,2,9,176.00
17,4,4,4,3,4,3,8,7,1,0,4,177.00
17,5,7,3,0,4,0,0,8,0,0,7,183.00
17,6,4,1,1,6,9,9,0,3,9,5,197.00
17,7,1,8,0,5,4,5,8,9,4,6,208.00
17,8,1,8,2,6,0,7,7,8,1,8,216.00
17,9,0,6,5,3,4,7,8,5,9,7,229.00
17,10,5,7,8,9,8,8,6,0,7,1,258.00
18,1,4,4,0,8,3,4,6,7,4,1,177.00
18,2,1,1,2,9,8,8,0,5,7,7,185.00
18,3,4,7,0,0,1,1,3,9,9,3,185.00
18,4,0,2,1,4,9,6,9,2,1,9,192.00
18,5,2,6,2,9,1,7,0,7,1,9,203.00
18,6,7,3,4,7,1,5,0,8,9,1,204.00
18,7,4,4,8,2,2,9,4,2,9,6,213.00
18,8,7,3,0,7,6,9,9,8,0,1,216.00
18,9,2,3,4,8,9,1,4,6,2,7,220.00
18,10,8,0,9,8,9,2,0,9,2,6,286.00
19,1,1,5,7,1,1,9,5,2,0,1,146.00
19,2,2,1,1,5,0,1,2,0,7,9,147.00
19,3,1,6,6,0,3,0,1,3,8,1,147.00
19,4,4,8,1,4,1,4,1,7,9,0,159.00
19,5,0,0,6,7,4,6,6,7,6,2,181.00
19,6,2,5,5,2,5,7,6,2,8,2,193.00
19,7,1,9,6,7,9,9,0,3,6,1,194.00
19,8,4,6,6,3,7,5,2,9,5,2,209.00
19,9,1,3,4,8,9,0,8,8,4,3,218.00
19,10,8,3,0,5,7,8,3,3,5,7,232.00
20,1,2,0,1,1,5,6,8,2,9,7,174.00
20,2,0,6,2,9,1,7,7,9,6,6,199.00
20,3,3,8,4,0,8,6,1,5,4,6,203.00
20,4,9,9,1,8,1,5,1,3,2,5,214.00
20,5,1,4,3,9,9,9,9,7,3,5,221.00
20,6,6,3,8,1,6,5,1,8,4,5,224.00
20,7,9,5,0,1,3,4,7,8,3,7,227.00
20,8,7,7,7,8,6,2,0,6,7,0,238.00
20,9,8,8,4,5,0,4,9,1,6,4,240.00
20,10,6,6,7,9,8,9,9,0,5,9,297.00
21,1,4,7,1,5,1,7,0,3,2,4,161.00
21,2,5,1,1,4,7,9,2,6,4,2,169.00
21,3,6,0,1,2,3,6,5,7,5,8,188.00
21,4,7,9,0,6,7,5,0,2,3,2,192.00
21,5,0,6,2,6,8,9,4,4,7,6,193.00
21,6,1,5,4,1,4,4,9,5,5,3,193.00
21,7,7,0,4,8,5,6,3,0,2,7,201.00
21,8,7,4,6,4,3,6,1,3,4,6,230.00
21,9,4,4,4,3,9,1,4,6,8,5,230.00
21,10,9,4,4,1,6,9,4,1,8,3,234.00
22,1,3,1,6,3,8,1,3,0,3,2,150.00
22,2,7,1,0,3,4,1,4,0,7,4,154.00
22,3,4,2,5,4,0,3,0,6,5,4,160.00
22,4,1,2,0,4,2,9,6,4,6,7,167.00
22,5,0,9,7,6,3,3,4,1,2,6,185.00
22,6,2,2,9,7,0,0,4,6,9,1,207.00
22,7,8,7,0,8,3,3,3,7,0,4,224.00
22,8,7,2,8,9,4,6,8,2,0,0,236.00
22,9,4,8,9,4,5,9,3,5,4,8,265.00
22,10,9,0,8,3,8,9,6,6,0,9,287.00
23,1,4,5,2,0,4,2,5,0,2,3,143.00
23,2,0,8,0,4,5,9,0,8,6,2,158.00
23,3,1,9,3,5,3,9,5,8,1,1,175.00
23,4,6,5,2,3,4,4,5,2,6,3,191.00
23,5,6,8,2,9,3,2,8,0,5,5,222.00
23,6,7,9,9,3,3,4,5,4,1,0,231.00
23,7,2,4,3,7,7,8,8,3,8,5,236.00
23,8,5,4,7,6,6,6,0,6,2,9,263.00
23,9,6,6,9,2,2,5,6,4,6,7,276.00
23,10,8,3,8,7,9,1,5,5,2,6,279.00
24,1,3,4,3,3,2,1,6,2,7,0,143.00
24,2,0,2,4,3,6,2,3,4,1,3,143.00
24,3,4,2,7,8,4,0,4,1,5,2,192.00
24,4,4,6,2,3,5,8,8,9,0,3,193.00
24,5,5,8,5,0,0,4,9,2,9,5,209.00
24,6,2,9,2,0,2,8,9,4,9,9,210.00
24,7,4,8,7,4,3,6,0,4,4,9,234.00
24,8,6,9,8,8,7,2,1,4,1,4,274.00
24,9,9,2,6,7,9,7,4,6,7,5,277.00
24,10,7,7,9,6,8,8,1,9,2,3,289.00
25,1,0,0,2,5,1,4,5,1,1,2,78.00
25,2,2,5,0,0,8,4,5,2,4,0,116.00
25,3,4,5,8,2,4,2,4,0,2,1,173.00
25,4,2,8,3,2,3,2,8,9,0,2,175.00
25,5,8,1,1,2,7,3,4,2,6,6,195.00
25,6,7,6,4,1,1,7,4,1,2,5,201.00
25,7,7,4,2,4,4,3,1,1,9,8,214.00
25,8,8,0,7,2,7,1,6,1,7,6,249.00
25,9,7,5,8,3,0,5,8,6,0,8,250.00
25,10,6,9,9,8,8,8,8,6,6,5,327.00
26,1,0,8,0,5,0,0,7,4,1,3,126.00
26,2,2,4,3,1,7,4,1,1,4,5,148.00
26,3,4,6,0,1,9,7,4,1,3,4,152.00
26,4,2,5,6,3,5,3,1,1,7,1,159.00
26,5,9,0,1,8,1,0,8,0,2,3,194.00
26,6,7,4,2,2,6,7,5,8,7,1,222.00
26,7,2,4,2,3,7,1,9,9,7,8,241.00
26,8,4,6,8,9,9,3,5,7,6,0,273.00
26,9,8,5,4,5,7,4,8,7,5,9,309.00
26,10,9,2,8,9,6,6,2,6,3,8,312.00
27,1,3,1,6,9,1,1,7,0,0,1,163.00
27,2,3,7,0,0,0,7,4,0,7,9,171.00
27,3,1,2,5,6,1,3,8,6,3,1,179.00
27,4,4,3,0,5,2,5,9,8,2,5,186.00
27,5,2,0,0,8,9,1,8,9,2,4,197.00
27,6,3,5,3,3,8,2,9,0,7,4,211.00
27,7,7,7,3,9,4,5,2,4,7,0,212.00
27,8,3,3,8,0,8,4,3,1,8,6,223.00
27,9,2,2,7,2,8,0,8,0,9,8,228.00
27,10,2,8,5,7,3,0,1,9,7,7,248.00
28,1,1,8,0,3,0,3,5,6,6,0,143.00
28,2,2,9,6,0,7,4,3,6,1,2,173.00
28,3,3,5,7,0,0,8,9,0,3,7,182.00
28,4,4,7,4,7,5,2,6,2,2,0,190.00
28,5,6,3,7,3,5,5,3,1,4,2,203.00
28,6,4,8,4,7,0,7,5,8,5,2,205.00
28,7,5,9,2,8,6,3,0,4,0,5,209.00
28,8,4,3,2,7,4,5,9,2,3,9,215.00
28,9,6,2,5,3,6,1,7,2,0,6,215.00
28,10,4,5,8,7,0,1,7,1,7,0,215.00
29,1,1,1,6,5,2,3,2,1,3,1,112.00
29,2,1,7,4,4,3,7,3,1,9,2,157.00
29,3,1,8,2,3,0,2,0,7,8,7,181.00
29,4,1,5,9,5,8,5,6,1,7,0,196.00
29,5,9,6,1,4,5,9,4,7,0,4,218.00
29,6,1,9,6,1,9,8,4,0,3,7,220.00
29,7,9,4,6,9,2,2,6,6,9,0,255.00
29,8,6,3,7,3,6,0,0,9,5,9,270.00
29,9,8,8,5,0,4,0,8,8,0,8,276.00
29,10,0,9,8,5,9,2,7,4,7,8,284.00
30,1,1,3,1,0,1,3,3,3,8,3,101.00
30,2,3,8,0,9,9,5,0,3,4,4,187.00
30,3,8,0,0,7,3,8,6,4,7,5,195.00
30,4,8,1,4,6,7,6,1,0,0,8,204.00
30,5,1,4,9,7,5,4,6,0,7,2,207.00
30,6,0,4,8,0,9,6,2,5,6,8,216.00
30,7,9,8,0,6,6,4,5,2,1,4,221.00
30,8,2,1,7,0,5,3,9,2,9,8,223.00
30,9,4,4,7,9,8,8,8,9,2,3,276.00
30,10,9,3,6,3,4,2,3,8,9,8,300.00
31,1,3,9,3,0,0,1,0,0,1,4,131.00
31,2,5,3,3,6,1,4,5,7,2,1,180.00
31,3,0,5,5,7,6,7,3,4,6,5,197.00
31,4,5,5,6,9,2,4,4,2,9,1,212.00
31,5,4,3,4,6,7,1,5,5,4,2,215.00
31,6,9,7,1,9,1,8,8,7,0,2,221.00
31,7,7,2,3,5,9,3,0,3,5,9,231.00
31,8,8,2,8,0,6,9,8,3,2,7,249.00
31,9,8,0,5,8,5,2,0,9,3,7,255.00
31,10,5,9,7,6,6,0,9,9,4,2,285.00
32,1,4,0,3,0,1,9,0,9,6,1,126.00
32,2,4,6,0,1,3,9,8,2,7,2,151.00
32,3,0,8,6,7,7,3,1,1,1,9,222.00
32,4,8,5,7,6,3,0,0,5,4,2,236.00
32,5,7,6,1,9,4,2,4,1,0,9,237.00
32,6,6,0,4,9,0,4,7,5,5,7,244.00
32,7,2,2,8,9,3,8,3,5,6,8,254.00
32,8,9,2,6,1,9,6,3,2,5,9,261.00
32,9,9,5,7,0,6,2,3,6,1,9,280.00
32,10,9,9,5,6,2,9,7,9,1,5,287.00
33,1,1,4,5,2,7,3,2,8,5,2,164.00
33,2,0,7,4,9,6,0,1,1,9,1,173.00
33,3,6,4,0,6,5,7,7,4,5,3,200.00
33,4,2,6,6,9,5,9,7,0,4,5,209.00
33,5,4,7,3,6,7,7,6,3,2,1,210.00
33,6,6,8,7,2,5,3,4,9,0,0,236.00
33,7,6,7,5,8,0,5,3,7,7,4,241.00
33,8,0,4,7,8,4,0,9,6,8,6,249.00
33,9,9,4,7,4,9,7,6,6,6,1,270.00
33,10,8,5,6,8,0,0,7,4,8,6,280.00
34,1,1,7,8,8,7,2,1,0,6,5,206.00
34,2,2,4,9,1,8,4,1,6,2,7,211.00
34,3,3,1,5,1,8,2,6,6,6,8,213.00
34,4,7,7,2,0,6,9,9,0,7,4,216.00
34,5,6,5,8,2,3,2,9,2,3,1,218.00
34,6,8,3,6,3,7,4,8,0,0,5,240.00
34,7,0,6,7,7,0,0,9,3,8,8,249.00
34,8,7,1,8,9,7,4,0,3,1,6,254.00
34,9,9,0,5,0,8,3,9,5,8,4,268.00
34,10,9,0,8,7,1,9,8,8,8,5,302.00
35,1,3,2,7,2,1,6,1,5,4,8,189.00
35,2,1,5,6,4,5,5,1,4,5,7,189.00
35,3,6,2,5,4,0,8,6,0,2,9,195.00
35,4,5,5,6,2,3,7,4,6,9,4,229.00
35,5,5,4,7,8,4,8,5,3,4,1,230.00
35,6,5,3,9,1,7,7,5,2,4,6,234.00
35,7,5,3,3,9,9,1,3,2,7,6,238.00
35,8,7,2,5,4,8,8,7,8,8,2,255.00
35,9,7,7,9,6,9,1,2,0,3,3,268.00
35,10,9,8,8,1,6,9,0,5,0,7,268.00
36,1,1,3,6,1,5,3,6,2,8,7,196.00
36,2,4,6,5,9,8,5,5,1,1,0,212.00
36,3,5,7,3,2,9,6,5,8,6,1,220.00
36,4,1,6,8,6,4,1,1,7,4,7,230.00
36,5,4,8,9,0,4,8,8,3,3,4,232.00
36,6,3,4,2,7,8,7,3,9,6,5,236.00
36,7,1,8,3,9,8,0,9,1,3,9,242.00
36,8,9,6,6,0,7,4,2,3,8,1,242.00
36,9,6,2,3,4,7,6,6,6,6,9,261.00
36,10,6,4,5,9,5,6,8,9,8,7,314.00
37,1,5,1,2,8,3,8,1,4,0,3,160.00
37,2,1,7,8,1,0,1,2,5,7,2,168.00
37,3,4,6,2,2,7,4,8,3,9,1,200.00
37,4,9,3,3,1,1,3,6,8,5,6,220.00
37,5,8,8,9,0,9,3,3,4,0,1,231.00
37,6,0,8,6,9,3,5,4,7,7,9,242.00
37,7,6,9,6,2,8,4,4,5,0,4,242.00
37,8,7,3,5,9,7,2,3,6,8,3,245.00
37,9,7,9,8,0,8,1,3,8,1,3,247.00
37,10,4,9,7,7,3,9,3,9,1,6,263.00
38,1,0,7,3,4,6,4,0,8,2,5,165.00
38,2,2,6,1,6,7,3,0,5,5,3,175.00
38,3,7,4,2,6,5,7,5,5,0,4,195.00
38,4,3,1,5,1,4,4,6,5,9,5,207.00
38,5,9,2,6,4,2,3,1,5,5,0,207.00
38,6,6,3,3,6,7,2,4,0,7,4,217.00
38,7,0,5,6,1,4,2,7,9,3,9,226.00
38,8,7,8,5,6,9,5,2,0,8,3,241.00
38,9,7,3,3,5,6,2,2,8,2,9,260.00
38,10,8,6,8,2,7,8,2,8,2,5,274.00
39,1,0,9,4,0,3,8,9,5,1,2,147.00
39,2,0,2,5,7,4,1,6,3,8,0,174.00
39,3,7,5,2,1,4,4,7,9,0,0,191.00
39,4,3,2,0,7,7,8,5,2,4,8,201.00
39,5,3,3,6,9,1,7,3,2,4,8,213.00
39,6,2,6,5,5,8,3,7,2,9,5,223.00
39,7,5,5,5,7,1,2,5,8,3,5,223.00
39,8,9,1,6,4,7,8,2,0,8,5,237.00
39,9,8,4,9,8,3,1,4,7,5,1,272.00
39,10,8,5,6,7,8,9,7,0,2,7,274.00
40,1,1,0,4,6,3,6,8,0,2,2,145.00
40,2,1,1,4,2,1,1,0,5,8,7,157.00
40,3,4,1,0,4,8,5,8,8,1,2,166.00
40,4,9,1,5,5,4,8,3,3,4,1,196.00
40,5,3,8,5,3,7,6,0,2,6,4,207.00
40,6,8,9,7,8,3,9,0,2,3,0,221.00
40,7,1,1,8,5,6,8,4,9,8,4,229.00
40,8,6,4,0,4,4,0,9,5,9,5,235.00
40,9,7,8,3,8,7,9,9,7,3,1,253.00
40,10,9,4,9,4,0,6,4,0,9,4,260.00
41,1,1,3,7,0,0,6,3,3,1,0,112.00
41,2,0,2,2,3,7,3,5,2,8,6,160.00
41,3,8,2,1,1,1,6,1,8,0,8,175.00
41,4,0,1,4,8,7,1,4,3,6,5,189.00
41,5,1,5,5,1,9,3,2,2,6,6,192.00
41,6,0,2,5,5,2,3,4,9,7,9,221.00
41,7,4,2,7,1,8,0,9,2,9,0,224.00
41,8,4,6,7,7,9,6,2,7,9,1,240.00
41,9,9,8,0,4,8,4,6,5,1,8,267.00
41,10,6,4,9,5,3,8,8,7,6,7,300.00
42,1,1,0,5,1,0,5,2,2,2,7,134.00
42,2,7,3,2,2,0,8,6,1,2,4,148.00
42,3,0,5,3,7,3,2,9,6,8,3,190.00
42,4,4,8,1,5,4,2,9,7,4,4,211.00
42,5,5,6,4,2,8,3,2,3,2,7,226.00
42,6,7,2,7,0,7,7,9,7,3,2,237.00
42,7,9,3,5,5,2,5,5,7,1,9,267.00
42,8,5,2,5,9,9,7,9,6,1,9,288.00
42,9,9,6,9,7,2,0,2,9,3,6,291.00
42,10,7,0,8,6,9,6,8,7,8,7,304.00
43,1,8,0,3,0,0,5,5,1,0,2,133.00
43,2,0,2,2,5,8,1,1,4,8,9,177.00
43,3,1,8,9,1,4,9,8,0,5,2,197.00
43,4,6,8,4,2,3,1,6,4,2,0,199.00
43,5,9,1,8,2,2,9,3,5,3,3,210.00
43,6,7,3,2,1,3,6,7,6,0,9,211.00
43,7,6,9,8,8,0,3,1,2,9,7,269.00
43,8,7,1,5,5,1,4,4,8,9,8,269.00
43,9,8,5,5,8,3,8,5,8,3,9,307.00
43,10,6,2,8,8,6,9,6,5,9,9,314.00
44,1,2,8,1,1,0,9,3,4,5,1,136.00
44,2,1,6,4,0,0,9,7,3,2,6,163.00
44,3,0,6,3,6,8,8,6,0,9,1,167.00
44,4,4,5,8,2,5,8,3,1,1,1,169.00
44,5,0,1,9,1,3,6,6,7,2,5,178.00
44,6,4,5,2,7,4,7,0,8,1,1,179.00
44,7,6,7,2,4,9,0,7,1,7,1,205.00
44,8,8,3,6,6,4,5,1,0,6,7,240.00
44,9,9,6,2,1,8,2,9,2,9,9,284.00
44,10,8,9,1,6,5,3,9,9,8,6,310.00
45,1,8,0,4,2,2,5,8,0,8,1,190.00
45,2,6,5,2,0,8,5,9,1,4,2,192.00
45,3,2,2,5,9,7,7,4,8,3,2,192.00
45,4,0,6,5,5,2,4,5,5,8,5,194.00
45,5,5,5,0,1,8,9,6,2,7,5,201.00
45,6,6,9,4,5,6,8,0,7,1,2,205.00
45,7,6,2,5,9,3,9,2,4,6,3,209.00
45,8,1,8,7,4,2,2,7,9,7,2,228.00
45,9,7,7,7,0,2,2,2,6,2,9,255.00
45,10,7,9,7,4,1,4,7,6,1,9,274.00
46,1,0,2,6,5,0,5,5,4,1,0,109.00
46,2,3,3,1,7,1,4,3,1,6,8,162.00
46,3,4,5,3,2,4,2,6,4,5,1,179.00
46,4,4,3,1,6,2,6,8,0,4,7,182.00
46,5,2,3,6,8,6,9,8,2,5,3,210.00
46,6,4,3,8,4,3,3,6,1,9,4,231.00
46,7,9,9,4,0,5,5,7,6,2,3,240.00
46,8,8,2,6,7,4,8,0,3,4,8,242.00
46,9,8,6,3,7,9,1,1,5,9,6,281.00
46,10,9,9,0,5,8,8,8,6,5,8,294.00
47,1,1,6,8,1,0,7,5,9,3,0,174.00
47,2,5,6,2,2,0,5,5,0,6,9,183.00
47,3,5,2,9,2,2,9,1,7,7,1,191.00
47,4,0,6,6,8,7,8,8,0,0,3,203.00
47,5,9,3,6,3,2,3,5,0,4,5,210.00
47,6,1,6,6,9,7,1,4,2,5,3,222.00
47,7,0,7,4,4,6,0,9,7,5,4,228.00
47,8,8,1,4,6,7,3,6,9,3,4,246.00
47,9,9,9,5,4,0,2,7,2,4,4,248.00
47,10,8,5,7,9,8,8,1,0,9,4,272.00
48,1,1,1,1,5,4,8,2,6,7,7,165.00
48,2,8,4,2,6,5,6,4,8,1,0,191.00
48,3,3,3,5,6,6,8,5,2,3,2,192.00
48,4,5,5,2,6,9,3,4,6,1,5,221.00
48,5,9,0,7,1,6,2,5,4,5,4,227.00
48,6,5,2,8,9,3,9,8,2,7,1,229.00
48,7,1,8,8,6,0,8,1,8,8,5,237.00
48,8,2,8,6,2,3,4,4,6,9,7,240.00
48,9,2,9,8,7,8,6,7,2,3,1,241.00
48,10,8,6,7,4,3,6,4,6,8,6,286.00
49,1,1,4,1,8,0,7,1,9,1,0,122.00
49,2,0,3,6,5,2,5,1,5,5,1,130.00
49,3,1,3,4,3,3,1,1,5,7,1,142.00
49,4,4,1,2,5,3,8,9,0,7,0,147.00
49,5,7,4,1,3,5,6,7,2,9,1,188.00
49,6,6,0,4,1,7,0,5,5,4,6,196.00
49,7,1,6,5,1,9,4,7,7,1,4,200.00
49,8,0,9,6,7,9,8,0,4,7,1,204.00
49,9,5,4,6,0,7,5,5,4,6,4,208.00
49,10,9,4,2,7,2,5,7,2,6,8,264.00
50,1,0,0,1,1,5,8,5,1,1,1,88.00
50,2,7,4,2,3,4,6,2,1,4,2,176.00
50,3,2,2,7,5,1,6,0,3,1,6,176.00
50,4,3,4,4,0,4,6,6,5,5,8,204.00
50,5,2,6,8,0,1,4,1,8,8,7,217.00
50,6,1,5,3,2,9,6,9,9,9,3,231.00
50,7,7,4,8,9,0,8,1,6,4,4,231.00
50,8,7,0,7,1,6,9,7,0,6,6,234.00
50,9,6,0,8,1,4,1,4,5,4,9,250.00
50,10,8,8,2,8,4,4,8,7,3,5,274.00
51,1,0,3,0,3,5,7,3,4,6,0,111.00
51,2,2,3,6,0,6,9,4,0,0,3,138.00
51,3,3,5,1,9,0,2,1,5,8,6,183.00
51,4,4,5,9,4,1,8,0,2,4,4,186.00
51,5,4,0,5,3,9,4,0,3,4,6,187.00
51,6,7,1,9,1,4,0,8,6,2,5,253.00
51,7,7,9,6,9,4,7,3,6,1,2,259.00
51,8,8,9,2,9,2,0,9,9,4,2,274.00
51,9,8,6,5,9,6,5,5,8,9,5,303.00
51,10,9,1,6,5,7,9,5,9,8,9,325.00
52,1,7,2,3,6,0,5,4,4,2,1,164.00
52,2,7,7,2,0,3,0,2,1,2,7,180.00
52,3,9,5,2,3,6,2,3,1,3,6,216.00
52,4,2,9,7,4,6,8,6,1,1,4,221.00
52,5,0,4,7,2,9,2,3,6,8,7,222.00
52,6,6,3,4,5,7,6,0,7,8,6,237.00
52,7,9,9,7,8,3,9,4,4,2,1,246.00
52,8,3,7,9,6,1,0,1,8,9,5,246.00
52,9,6,5,9,1,4,8,5,6,5,7,273.00
52,10,8,7,5,9,8,5,0,4,7,7,299.00
53,1,3,2,5,0,0,9,0,0,3,2,91.00
53,2,1,0,1,1,9,1,1,2,5,0,102.00
53,3,2,6,4,8,4,9,5,1,5,2,189.00
53,4,7,5,0,3,6,8,9,8,4,0,194.00
53,5,2,3,0,9,9,1,1,3,5,7,197.00
53,6,1,8,5,2,4,5,4,8,1,5,203.00
53,7,9,5,0,7,2,9,1,2,0,9,210.00
53,8,1,9,8,4,4,1,4,8,2,0,210.00
53,9,0,8,6,7,0,7,5,9,1,6,217.00
53,10,6,3,8,6,3,5,2,9,6,5,261.00
54,1,6,2,1,5,3,4,2,3,3,3,146.00
54,2,4,1,8,6,0,1,0,2,7,2,172.00
54,3,1,3,7,9,0,6,2,4,3,6,180.00
54,4,1,5,6,8,7,9,4,0,6,2,192.00
54,5,4,1,9,9,5,6,5,2,1,1,192.00
54,6,8,8,2,8,6,0,4,0,7,1,212.00
54,7,8,2,6,6,5,5,1,0,9,1,215.00
54,8,7,4,7,2,2,9,0,5,1,5,217.00
54,9,1,3,6,5,4,3,3,5,9,7,223.00
54,10,5,0,6,1,9,2,8,8,8,3,247.00
55,1,2,6,0,2,0,1,5,3,2,4,110.00
55,2,2,7,0,6,5,9,0,9,2,2,163.00
55,3,1,6,3,2,9,4,4,6,9,3,185.00
55,4,6,8,2,3,6,1,1,3,0,5,203.00
55,5,2,1,6,5,4,4,9,6,1,7,203.00
55,6,6,1,9,6,4,3,0,0,2,7,217.00
55,7,9,7,6,6,1,4,0,4,2,2,222.00
55,8,6,0,9,4,5,9,5,2,5,6,240.00
55,9,2,7,2,6,5,8,5,9,7,9,248.00
55,10,8,5,5,7,8,3,4,4,5,8,302.00
56,1,0,7,5,5,3,4,6,2,4,4,166.00
56,2,2,5,8,0,2,3,0,8,6,3,170.00
56,3,9,6,2,8,3,5,0,0,4,3,195.00
56,4,4,6,3,1,8,1,2,0,6,6,198.00
56,5,0,4,4,2,4,0,9,7,7,7,223.00
56,6,0,0,4,9,1,3,5,9,8,9,228.00
56,7,5,9,2,9,0,3,6,8,3,8,240.00
56,8,3,5,5,0,7,3,9,4,7,6,241.00
56,9,1,2,7,5,9,5,8,8,8,5,259.00
56,10,9,7,2,8,8,2,9,5,9,4,288.00
57,1,3,5,2,2,2,4,7,3,3,1,133.00
57,2,2,5,1,5,6,4,1,1,1,9,160.00
57,3,5,2,4,1,7,4,6,1,6,1,165.00
57,4,4,4,5,4,2,3,4,9,1,3,193.00
57,5,1,0,9,7,2,7,3,7,5,7,212.00
57,6,9,5,8,3,3,0,1,0,8,1,213.00
57,7,6,6,2,4,8,6,5,3,1,4,221.00
57,8,7,1,8,3,4,1,7,5,6,1,240.00
57,9,9,4,7,4,5,5,7,4,1,1,241.00
57,10,9,4,3,8,5,7,6,2,9,0,242.00
58,1,1,1,5,2,5,3,5,0,3,1,121.00
58,2,6,1,4,2,0,9,8,1,4,6,193.00
58,3,1,9,4,9,3,0,3,7,3,1,204.00
58,4,0,9,8,7,7,3,6,6,2,0,216.00
58,5,9,8,3,5,3,2,1,2,8,0,221.00
58,6,2,9,9,3,4,7,6,9,2,3,231.00
58,7,6,1,8,6,3,1,4,1,1,9,243.00
58,8,4,3,8,9,0,5,8,2,9,7,262.00
58,9,7,9,7,7,5,5,8,4,5,2,279.00
58,10,7,9,8,8,9,1,6,4,7,2,318.00
59,1,4,2,1,0,1,2,0,5,8,3,128.00
59,2,7,5,2,1,0,2,0,2,1,5,141.00
59,3,0,6,0,6,2,0,5,6,4,6,164.00
59,4,1,7,8,0,2,9,3,1,8,3,173.00
59,5,3,0,0,1,8,2,6,9,8,7,206.00
59,6,2,3,0,6,3,0,9,6,8,7,209.00
59,7,4,6,3,9,1,2,8,0,1,9,216.00
59,8,5,5,9,1,7,9,6,5,0,1,228.00
59,9,8,1,1,1,5,2,8,9,8,7,241.00
59,10,1,4,7,8,6,5,6,9,5,8,267.00
60,1,0,0,1,3,1,0,6,0,2,1,59.00
60,2,1,3,4,7,4,1,1,2,3,9,172.00
60,3,9,2,6,4,1,9,1,5,4,2,190.00
60,4,5,2,1,8,7,3,9,2,4,0,192.00
60,5,8,4,3,1,1,7,6,5,8,3,197.00
60,6,2,9,6,8,7,4,2,0,3,3,198.00
60,7,0,7,4,8,6,7,9,0,8,1,200.00
60,8,6,5,3,0,1,9,3,8,5,8,202.00
60,9,6,6,7,8,2,1,7,5,5,5,270.00
60,10,5,0,9,2,9,6,8,8,7,8,289.00
61,1,7,0,1,1,2,4,2,2,3,2,113.00
61,2,1,0,2,6,1,8,9,5,1,0,134.00
61,3,1,6,0,9,6,4,2,1,9,5,182.00
61,4,4,6,5,2,6,1,2,0,1,7,190.00
61,5,2,5,5,8,4,5,2,0,6,5,193.00
61,6,2,8,4,3,1,0,2,0,9,9,202.00
61,7,8,9,1,1,1,4,4,2,1,9,221.00
61,8,6,8,6,2,6,9,2,3,7,3,232.00
61,9,9,5,3,6,2,6,2,1,8,9,244.00
61,10,7,5,4,3,5,8,7,3,1,7,250.00
62,1,4,7,0,6,0,8,0,7,2,0,124.00
62,2,0,5,0,2,9,0,9,3,2,4,153.00
62,3,6,2,3,1,3,0,2,2,4,7,170.00
62,4,4,5,7,5,4,7,0,6,2,1,176.00
62,5,2,1,6,1,8,3,7,0,6,4,182.00
62,6,0,5,9,2,3,3,0,7,6,6,191.00
62,7,3,8,4,0,7,2,8,0,8,0,194.00
62,8,7,4,3,7,9,7,3,0,0,1,195.00
62,9,4,5,6,0,4,1,9,3,1,9,226.00
62,10,1,6,6,6,2,5,7,5,0,9,233.00
63,1,2,7,3,7,5,7,0,2,0,0,143.00
63,2,3,5,5,9,0,6,0,1,3,0,157.00
63,3,3,5,1,4,4,7,4,2,3,6,171.00
63,4,3,3,4,4,8,2,0,1,2,9,200.00
63,5,2,6,2,9,3,4,1,8,0,8,203.00
63,6,0,0,7,7,8,5,6,0,3,7,203.00
63,7,6,1,9,3,2,7,1,6,8,4,213.00
63,8,7,6,3,1,8,8,4,5,3,3,228.00
63,9,9,7,5,0,1,9,9,2,7,2,240.00
63,10,9,8,9,8,6,2,5,3,6,6,313.00
64,1,0,9,0,3,3,8,3,8,3,5,159.00
64,2,8,1,0,9,8,0,1,3,2,0,177.00
64,3,2,6,3,9,0,9,2,7,0,6,196.00
64,4,6,4,2,2,8,9,1,9,2,4,200.00
64,5,5,6,9,9,1,2,0,1,0,1,200.00
64,6,5,1,7,7,5,7,0,5,9,3,216.00
64,7,2,7,9,2,1,0,2,8,2,8,217.00
64,8,0,9,5,9,4,2,8,7,5,0,219.00
64,9,0,0,5,6,8,2,7,8,9,4,225.00
64,10,5,7,9,6,3,1,2,7,9,8,284.00
65,1,1,5,3,6,0,1,1,2,7,0,126.00
65,2,3,3,1,5,6,4,4,7,0,0,153.00
65,3,4,1,1,4,0,9,2,7,4,7,160.00
65,4,0,4,5,1,9,6,9,7,0,3,191.00
65,5,6,1,2,5,1,1,6,2,8,8,201.00
65,6,5,0,3,7,2,9,8,6,1,6,208.00
65,7,1,4,7,7,3,8,5,1,7,7,227.00
65,8,1,5,9,2,8,9,2,8,0,5,229.00
65,9,6,9,3,9,1,5,5,0,7,7,256.00
65,10,9,8,9,7,6,2,2,3,4,4,293.00
66,1,1,2,1,0,1,8,2,3,7,7,128.00
66,2,1,1,4,0,3,0,9,0,5,3,144.00
66,3,3,8,3,1,0,1,3,3,3,6,157.00
66,4,4,0,1,8,1,4,1,4,8,4,158.00
66,5,0,4,6,3,1,0,4,4,5,6,177.00
66,6,2,4,4,5,9,2,3,2,3,8,198.00
66,7,3,3,2,6,7,4,4,7,7,5,213.00
66,8,7,6,0,7,9,2,1,5,2,7,245.00
66,9,6,6,7,8,3,3,7,7,0,8,287.00
66,10,9,9,9,3,8,7,5,2,9,5,324.00
67,1,3,6,3,5,9,7,0,3,0,1,150.00
67,2,7,2,3,1,3,3,0,2,3,4,154.00
67,3,1,6,2,8,7,7,2,2,3,0,155.00
67,4,2,0,1,7,9,9,7,5,7,0,176.00
67,5,8,5,3,0,1,2,6,1,3,7,195.00
67,6,4,7,2,7,4,7,1,4,4,5,198.00
67,7,8,6,0,0,5,9,5,6,7,5,212.00
67,8,2,7,6,7,6,2,3,3,1,7,213.00
67,9,7,6,9,5,9,9,2,9,0,0,259.00
67,10,5,5,8,6,8,4,7,2,8,6,287.00
68,1,0,1,1,6,4,7,6,0,5,3,114.00
68,2,3,0,5,3,1,3,1,7,4,0,137.00
68,3,5,1,4,1,3,7,8,1,1,4,165.00
68,4,2,5,3,2,9,4,1,5,1,7,173.00
68,5,1,1,8,2,6,2,7,3,1,7,186.00
68,6,1,7,4,4,0,8,7,0,2,9,186.00
68,7,1,3,4,9,5,7,6,6,2,6,198.00
68,8,7,7,4,7,5,1,0,5,2,0,212.00
68,9,8,7,3,1,8,2,0,4,4,4,223.00
68,10,7,6,2,0,7,2,5,9,6,8,272.00
69,1,0,8,1,6,3,5,6,4,0,6,161.00
69,2,6,7,0,4,0,8,0,3,9,7,200.00
69,3,3,3,3,7,8,6,2,0,7,9,210.00
69,4,2,8,2,9,6,6,8,9,6,1,215.00
69,5,8,2,7,7,1,2,9,0,0,5,222.00
69,6,7,3,7,0,5,2,5,9,2,1,223.00
69,7,6,0,1,7,5,8,9,4,8,7,223.00
69,8,7,1,6,6,2,1,4,9,9,0,228.00
69,9,4,7,3,6,9,9,0,8,6,5,231.00
69,10,7,9,8,3,9,9,8,2,5,1,260.00
70,1,3,1,0,0,5,7,3,5,9,1,113.00
70,2,3,4,1,7,4,3,5,0,4,0,146.00
70,3,3,6,2,3,8,3,1,0,4,5,171.00
70,4,4,4,4,0,4,9,0,7,0,6,177.00
70,5,3,1,2,3,1,1,9,3,2,8,181.00
70,6,8,0,7,0,4,1,0,0,6,3,190.00
70,7,8,0,2,4,8,0,0,5,3,3,197.00
70,8,4,1,9,8,0,1,3,6,1,2,204.00
70,9,8,2,5,7,5,3,8,3,2,4,243.00
70,10,7,4,3,7,9,2,7,8,2,5,267.00
71,1,3,2,8,5,1,5,3,6,3,2,189.00
71,2,5,2,5,2,2,8,6,5,8,1,201.00
71,3,6,6,3,8,1,6,0,7,7,4,217.00
71,4,6,9,1,7,4,1,9,9,8,0,244.00
71,5,2,3,8,3,8,1,5,9,5,7,251.00
71,6,8,9,3,3,3,6,6,5,2,8,262.00
71,7,6,4,6,4,2,9,1,8,9,8,263.00
71,8,5,9,3,5,5,6,9,8,7,6,273.00
71,9,7,9,7,3,3,0,6,6,3,5,280.00
71,10,5,9,8,9,8,5,6,8,5,1,296.00
72,1,5,9,2,9,4,7,3,1,7,1,206.00
72,2,8,8,1,6,8,8,1,4,0,1,208.00
72,3,5,7,6,5,4,0,3,0,3,5,209.00
72,4,0,2,9,1,3,1,8,7,8,4,216.00
72,5,1,5,3,9,6,2,8,4,8,5,224.00
72,6,9,3,2,2,2,2,1,7,2,9,226.00
72,7,1,5,6,5,3,6,9,4,4,7,227.00
72,8,4,7,2,0,3,2,9,9,7,7,239.00
72,9,9,4,1,2,8,4,7,1,5,7,245.00
72,10,7,9,4,2,6,5,4,5,8,6,259.00
73,1,3,2,8,1,2,1,0,1,1,0,128.00
73,2,3,3,1,5,3,4,6,6,9,2,169.00
73,3,7,4,9,1,0,0,0,0,6,2,184.00
73,4,4,1,5,1,3,2,7,5,8,4,187.00
73,5,9,6,0,9,0,9,3,0,0,7,189.00
73,6,4,8,1,2,8,4,8,0,9,5,205.00
73,7,3,5,7,3,9,7,3,7,0,7,247.00
73,8,6,5,8,5,1,6,6,8,1,5,264.00
73,9,8,5,7,6,6,0,2,8,1,3,269.00
73,10,5,8,6,9,2,6,3,9,1,9,271.00
74,1,2,1,4,3,1,4,6,5,2,5,167.00
74,2,4,6,5,1,8,9,5,1,3,7,202.00
74,3,0,2,7,7,0,0,6,7,5,8,202.00
74,4,6,8,0,4,6,0,4,1,9,4,212.00
74,5,5,2,9,4,9,3,2,3,0,6,220.00
74,6,7,3,1,4,5,6,8,4,2,9,229.00
74,7,8,8,8,5,7,9,3,2,6,0,244.00
74,8,8,2,5,1,9,4,8,7,2,5,248.00
74,9,5,8,9,3,4,7,3,4,5,4,252.00
74,10,8,3,8,3,1,1,4,9,2,9,277.00
75,1,6,7,0,2,3,4,7,5,3,3,181.00
75,2,0,1,9,0,8,1,8,1,3,6,182.00
75,3,0,9,9,0,5,3,0,1,9,4,195.00
75,4,0,6,8,4,0,2,4,9,4,2,201.00
75,5,2,3,8,0,6,7,2,7,3,6,214.00
75,6,1,8,6,6,4,1,5,7,7,6,228.00
75,7,8,2,0,2,9,0,8,5,4,9,241.00
75,8,7,5,3,9,2,2,7,2,8,4,243.00
75,9,4,7,3,6,2,9,6,6,8,9,255.00
75,10,7,4,6,7,5,8,4,7,0,7,274.00
76,1,3,5,3,2,2,7,1,8,7,4,164.00
76,2,3,0,0,8,2,3,9,1,4,8,188.00
76,3,2,5,0,5,1,7,8,7,6,8,192.00
76,4,6,6,3,3,2,0,7,9,6,2,217.00
76,5,5,3,5,0,5,9,7,7,2,7,219.00
76,6,8,0,6,1,3,5,8,5,7,2,224.00
76,7,4,8,5,6,4,5,5,3,1,9,242.00
76,8,8,2,9,0,2,8,6,2,1,8,251.00
76,9,9,9,3,5,8,2,8,5,3,2,273.00
76,10,7,8,8,5,6,9,5,5,3,8,294.00
77,1,0,0,5,1,1,8,3,6,7,2,118.00
77,2,2,4,0,1,8,9,5,0,9,5,148.00
77,3,1,5,0,0,2,9,1,8,7,9,163.00
77,4,6,0,2,5,2,0,7,8,1,2,168.00
77,5,6,0,7,0,6,8,6,1,9,3,203.00
77,6,5,0,2,1,2,4,6,9,4,8,208.00
77,7,1,3,1,6,7,8,9,7,4,7,209.00
77,8,2,4,8,7,2,1,9,3,5,8,242.00
77,9,5,8,9,7,3,2,9,0,5,2,242.00
77,10,1,4,8,6,6,2,2,9,6,6,247.00
78,1,8,0,0,0,0,4,4,1,6,4,129.00
78,2,2,0,2,6,0,4,0,5,5,3,130.00
78,3,8,0,3,2,8,1,3,4,3,1,175.00
78,4,2,4,1,7,6,0,3,5,2,7,185.00
78,5,0,3,5,0,8,3,9,8,1,4,189.00
78,6,5,6,6,8,0,4,2,2,2,1,190.00
78,7,4,7,1,7,5,2,8,1,4,4,192.00
78,8,3,7,8,5,3,8,0,4,0,6,212.00
78,9,4,1,7,6,0,2,5,8,6,6,230.00
78,10,8,8,7,4,4,5,6,7,5,9,323.00
79,1,0,2,1,9,9,7,1,2,6,5,148.00
79,2,0,7,4,3,8,9,2,2,4,9,183.00
79,3,5,0,7,7,2,3,6,0,0,7,194.00
79,4,4,3,7,1,6,9,7,7,2,2,195.00
79,5,3,6,7,8,3,0,8,2,7,0,209.00
79,6,6,5,3,7,8,6,0,3,1,7,209.00
79,7,1,8,8,9,3,1,6,2,7,3,225.00
79,8,3,8,7,5,6,5,0,4,9,5,237.00
79,9,4,4,9,0,9,3,2,7,8,5,240.00
79,10,5,8,9,8,2,4,1,9,8,6,276.00
80,1,2,0,4,1,2,1,8,7,2,9,176.00
80,2,9,8,7,2,4,9,2,0,0,1,201.00
80,3,3,7,7,7,4,9,6,0,5,2,213.00
80,4,8,7,1,9,2,4,5,8,4,1,235.00
80,5,7,9,2,6,4,2,5,2,8,3,238.00
80,6,7,1,3,0,8,8,6,8,3,9,247.00
80,7,0,1,9,6,9,9,8,4,5,8,252.00
80,8,8,7,1,8,8,8,6,1,6,5,263.00
80,9,8,4,5,6,0,7,7,9,3,9,274.00
80,10,7,8,9,0,8,2,8,7,6,6,325.00
81,1,2,1,2,0,4,6,8,6,3,2,127.00
81,2,7,1,0,4,8,3,1,3,2,3,151.00
81,3,4,2,4,8,0,9,1,2,2,3,157.00
81,4,2,7,1,3,5,4,9,7,1,2,183.00
81,5,3,4,4,4,3,4,2,3,2,8,199.00
81,6,3,2,5,4,5,5,6,9,3,4,216.00
81,7,6,0,6,2,3,9,8,9,5,3,219.00
81,8,1,9,4,7,2,0,5,8,5,5,230.00
81,9,0,3,9,5,6,0,5,8,1,7,234.00
81,10,5,0,5,7,8,1,4,5,9,8,250.00
82,1,0,5,9,2,4,4,2,0,1,5,155.00
82,2,3,6,1,4,9,6,0,4,3,2,157.00
82,3,2,8,5,8,1,4,1,1,2,6,170.00
82,4,7,2,7,9,7,7,1,0,2,1,195.00
82,5,2,7,1,6,4,1,4,6,1,8,201.00
82,6,4,3,5,9,8,1,6,2,7,1,210.00
82,7,6,5,3,2,6,1,6,1,1,8,219.00
82,8,1,9,8,2,3,0,4,5,4,8,228.00
82,9,9,0,0,7,9,6,4,9,7,4,257.00
82,10,8,6,6,5,6,5,9,6,4,3,287.00
83,1,2,4,0,2,1,3,5,3,6,7,146.00
83,2,1,1,2,0,2,7,1,9,5,6,147.00
83,3,3,1,4,5,1,0,8,7,5,3,173.00
83,4,2,1,3,8,2,7,5,4,9,3,177.00
83,5,2,4,2,2,6,2,8,0,4,9,186.00
83,6,7,3,8,3,0,2,4,1,6,1,191.00
83,7,3,3,7,6,6,6,4,3,1,5,209.00
83,8,3,7,7,5,9,7,1,1,1,5,217.00
83,9,2,4,5,6,8,5,8,4,2,4,222.00
83,10,8,4,8,9,6,4,9,6,1,8,334.00
84,1,2,9,0,7,2,5,7,7,4,0,166.00
84,2,7,4,0,8,7,9,1,7,3,0,198.00
84,3,4,1,0,6,8,0,1,7,3,9,207.00
84,4,6,9,2,4,2,4,4,7,8,0,211.00
84,5,6,8,4,7,0,8,7,9,5,0,222.00
84,6,7,2,5,4,3,0,6,6,7,5,255.00
84,7,6,8,8,1,5,4,4,9,9,3,257.00
84,8,7,8,7,4,5,9,8,5,0,4,269.00
84,9,9,4,6,6,8,7,0,9,6,4,270.00
84,10,8,3,9,6,9,6,4,4,9,7,303.00
85,1,3,1,3,7,2,8,1,9,7,0,155.00
85,2,3,7,2,9,5,6,2,0,8,4,198.00
85,3,6,1,8,4,0,8,4,5,6,3,217.00
85,4,3,5,3,9,2,8,4,5,7,9,224.00
85,5,6,6,7,6,9,0,3,1,4,3,227.00
85,6,4,2,3,9,5,2,6,7,1,8,233.00
85,7,3,4,9,1,9,0,3,2,8,6,244.00
85,8,9,3,6,0,7,7,4,8,9,1,247.00
85,9,5,7,5,3,7,7,7,9,7,2,247.00
85,10,5,7,6,9,8,1,7,2,8,4,265.00
86,1,0,1,7,0,1,7,8,2,7,6,168.00
86,2,7,1,0,5,5,1,8,4,4,5,205.00
86,3,1,4,7,8,4,4,6,6,9,1,208.00
86,4,6,4,7,4,5,9,2,2,4,6,224.00
86,5,9,2,8,5,3,9,4,2,2,4,236.00
86,6,5,8,7,0,2,5,3,7,4,7,245.00
86,7,7,7,6,2,6,4,8,0,3,4,247.00
86,8,8,2,3,6,7,8,8,7,1,2,249.00
86,9,9,1,6,9,6,4,2,0,7,7,264.00
86,10,8,9,9,4,9,2,0,2,9,0,275.00
87,1,1,5,1,9,8,5,0,6,6,6,184.00
87,2,0,6,9,4,0,0,4,7,0,4,200.00
87,3,0,9,6,8,2,2,9,4,4,0,200.00
87,4,4,5,3,2,9,0,6,2,6,6,220.00
87,5,9,8,2,0,4,8,7,3,0,8,226.00
87,6,2,3,9,6,8,3,7,3,0,4,232.00
87,7,7,0,9,2,0,3,9,4,8,3,233.00
87,8,5,8,5,4,7,5,0,9,0,3,234.00
87,9,8,6,4,1,8,0,6,3,4,7,251.00
87,10,9,4,4,3,7,3,7,1,8,3,253.00
88,1,5,7,2,2,7,6,0,5,0,3,180.00
88,2,4,1,6,3,7,8,0,1,7,3,181.00
88,3,4,2,8,0,2,6,4,6,1,9,207.00
88,4,7,0,2,6,9,8,3,8,1,5,215.00
88,5,6,8,3,7,2,0,6,1,2,3,216.00
88,6,1,3,2,8,9,8,3,6,8,6,217.00
88,7,8,7,5,3,0,1,8,3,2,3,224.00
88,8,8,0,8,9,6,1,9,0,0,4,264.00
88,9,9,8,4,9,4,5,6,4,7,4,278.00
88,10,5,5,6,9,9,1,4,6,6,8,294.00
89,1,1,7,7,2,1,1,2,5,0,0,125.00
89,2,7,0,0,7,2,1,2,2,8,4,171.00
89,3,1,1,9,5,1,0,5,5,4,3,188.00
89,4,9,2,8,4,2,5,1,9,0,0,206.00
89,5,2,5,7,9,1,6,4,1,9,8,247.00
89,6,9,0,7,0,2,7,8,8,0,7,249.00
89,7,9,5,6,9,6,7,4,6,4,3,267.00
89,8,7,6,8,7,6,8,6,2,8,6,282.00
89,9,6,9,2,6,6,6,9,8,5,6,287.00
89,10,7,1,8,7,8,7,8,1,9,8,304.00
90,1,0,9,4,4,6,2,1,6,1,3,164.00
90,2,4,7,2,6,0,8,6,2,6,3,166.00
90,3,3,9,0,5,7,2,8,2,0,9,204.00
90,4,4,5,1,1,4,4,9,6,9,7,222.00
90,5,6,3,5,4,7,2,8,6,3,1,223.00
90,6,7,2,4,4,8,0,7,3,3,5,234.00
90,7,8,0,5,8,0,0,3,2,6,9,238.00
90,8,8,1,7,1,9,1,5,2,2,8,261.00
90,9,2,7,9,7,9,1,8,8,4,1,267.00
90,10,8,7,9,7,6,2,8,2,9,1,296.00
91,1,1,6,4,6,8,6,2,2,2,3,166.00
91,2,7,7,1,0,7,2,5,0,8,0,166.00
91,3,3,9,5,7,2,7,8,1,5,5,219.00
91,4,6,5,8,5,8,0,6,0,4,1,225.00
91,5,8,1,2,2,9,5,8,2,7,3,226.00
91,6,5,2,5,6,2,4,5,0,7,9,231.00
91,7,9,7,7,5,7,1,0,4,7,1,241.00
91,8,8,9,4,4,8,9,9,2,7,0,246.00
91,9,5,6,6,7,3,7,3,7,5,6,250.00
91,10,7,3,6,5,9,8,4,3,4,7,262.00
92,1,8,3,0,1,2,3,0,6,8,1,164.00
92,2,1,1,8,4,4,6,1,4,8,2,176.00
92,3,2,3,8,1,4,4,8,9,2,5,213.00
92,4,4,9,0,1,6,1,5,8,6,7,215.00
92,5,7,5,5,1,3,0,0,2,6,8,228.00
92,6,9,8,0,9,9,9,0,7,3,0,228.00
92,7,0,6,7,4,8,0,9,5,9,2,229.00
92,8,4,8,6,7,5,3,1,9,3,1,234.00
92,9,8,8,9,0,2,8,8,8,0,1,238.00
92,10,9,0,9,3,2,5,9,4,4,1,254.00
93,1,1,8,1,3,0,2,7,1,5,1,128.00
93,2,0,5,2,9,2,8,5,3,5,0,145.00
93,3,5,3,2,6,2,1,4,7,1,2,168.00
93,4,2,3,0,7,4,6,6,4,0,9,178.00
93,5,4,9,3,5,2,9,9,2,0,1,188.00
93,6,4,6,3,8,5,9,2,0,2,4,188.00
93,7,1,5,0,5,5,2,7,1,8,7,192.00
93,8,4,1,7,4,4,7,8,8,6,2,211.00
93,9,7,2,0,5,2,3,8,7,1,9,220.00
93,10,0,2,9,8,9,8,3,1,8,3,224.00
94,1,3,0,3,1,2,7,1,3,7,0,123.00
94,2,4,8,2,2,5,4,1,0,9,2,161.00
94,3,0,4,0,8,6,7,7,2,8,2,163.00
94,4,2,6,1,6,2,5,9,6,8,0,190.00
94,5,3,5,3,1,9,7,5,8,5,0,191.00
94,6,5,5,3,0,4,7,5,8,9,0,192.00
94,7,3,0,5,6,2,8,6,7,5,6,205.00
94,8,9,8,6,0,7,4,0,0,2,8,233.00
94,9,4,4,7,0,9,6,7,9,1,6,244.00
94,10,4,8,5,5,4,7,7,3,6,7,263.00
95,1,1,6,3,5,1,3,0,5,2,1,123.00
95,2,0,4,0,1,8,1,4,0,9,2,134.00
95,3,4,1,6,3,3,1,5,1,4,3,166.00
95,4,2,6,0,3,7,6,7,4,8,5,181.00
95,5,4,2,5,6,1,8,5,1,9,6,206.00
95,6,2,2,9,6,6,6,7,4,8,7,261.00
95,7,6,9,8,8,0,3,3,9,0,8,268.00
95,8,3,3,9,6,7,4,9,6,3,8,272.00
95,9,8,5,9,6,1,9,9,4,3,7,307.00
95,10,9,7,7,0,2,9,3,9,8,9,308.00
96,1,0,2,1,4,5,4,2,9,9,3,155.00
96,2,1,3,4,2,4,3,9,5,1,5,168.00
96,3,5,7,2,1,3,8,8,2,1,0,169.00
96,4,3,1,5,5,7,7,8,3,1,2,175.00
96,5,4,7,1,5,4,2,2,5,1,6,179.00
96,6,8,8,4,9,0,6,1,4,1,1,205.00
96,7,2,5,3,2,7,1,6,9,4,7,210.00
96,8,4,1,3,7,8,9,4,8,6,1,214.00
96,9,3,9,8,2,6,8,4,7,1,2,235.00
96,10,5,1,5,7,2,9,6,2,9,8,249.00
97,1,3,0,3,6,0,1,1,3,4,9,161.00
97,2,1,8,4,1,9,9,9,4,0,0,164.00
97,3,4,2,7,2,2,2,4,9,1,4,184.00
97,4,9,5,1,4,2,6,1,5,2,5,197.00
97,5,5,4,8,6,0,3,7,0,2,8,226.00
97,6,3,2,8,4,6,6,0,4,7,9,246.00
97,7,7,0,5,7,2,7,4,3,9,8,251.00
97,8,3,5,6,6,8,2,4,3,8,6,257.00
97,9,4,7,9,6,8,9,4,3,5,8,272.00
97,10,5,4,8,3,8,3,4,6,7,6,281.00
98,1,1,3,0,9,2,8,2,7,3,0,116.00
98,2,3,4,5,4,1,5,1,1,1,8,158.00
98,3,2,2,4,5,0,6,1,7,1,9,186.00
98,4,0,4,9,0,8,4,8,0,0,7,193.00
98,5,6,6,0,8,7,8,1,7,3,1,195.00
98,6,5,0,7,0,8,3,4,4,4,9,223.00
98,7,7,4,9,8,2,3,8,0,3,3,245.00
98,8,5,8,4,4,8,4,8,9,4,3,247.00
98,9,0,8,7,1,7,0,1,9,7,8,250.00
98,10,2,3,8,7,4,5,8,5,9,7,265.00
99,1,2,0,1,3,9,5,0,2,3,3,125.00
99,2,0,3,5,3,7,6,2,7,1,2,155.00
99,3,0,7,5,5,5,1,8,8,4,4,206.00
99,4,9,4,8,3,0,7,6,0,4,3,222.00
99,5,5,7,6,3,5,5,0,4,5,6,224.00
99,6,3,4,4,5,5,3,4,7,1,9,226.00
99,7,3,2,9,4,4,6,2,4,8,8,231.00
99,8,9,6,5,5,5,6,3,6,0,3,244.00
99,9,5,2,7,3,9,7,4,7,4,9,274.00
99,10,9,0,9,9,7,2,5,7,0,7,303.00
100,1,2,7,0,2,2,7,0,4,6,6,143.00
100,2,2,4,9,0,3,0,6,2,1,2,172.00
100,3,1,6,4,8,4,9,0,8,9,1,176.00
100,4,2,9,2,9,0,6,6,4,2,3,177.00
100,5,7,2,4,1,4,8,1,0,7,6,198.00
100,6,9,1,0,3,6,4,5,8,2,9,237.00
100,7,7,1,6,9,5,0,4,6,3,2,242.00
100,8,8,9,4,6,4,6,4,9,9,2,264.00
100,9,8,5,0,8,4,2,8,5,4,9,276.00
100,10,7,7,7,9,9,3,8,4,8,3,307.00
101,1,0,1,3,5,5,8,0,3,8,6,147.00
101,2,6,3,3,0,5,2,0,0,1,8,162.00
101,3,4,2,8,2,7,1,1,2,3,5,184.00
101,4,4,4,6,3,7,7,5,5,5,2,207.00
101,5,3,3,4,8,5,0,8,9,0,1,215.00
101,6,6,5,4,5,1,4,1,6,8,8,220.00
101,7,8,9,9,0,0,9,0,5,2,2,222.00
101,8,5,9,4,6,3,9,9,6,3,5,255.00
101,9,7,1,3,2,5,4,9,6,7,9,266.00
101,10,8,7,4,9,9,2,3,8,1,7,288.00
102,1,1,6,1,1,1,6,8,9,1,3,162.00
102,2,9,0,8,5,0,8,0,6,2,1,194.00
102,3,2,9,3,8,2,0,6,6,5,5,214.00
102,4,2,2,5,5,2,8,7,8,3,9,234.00
102,5,4,3,8,7,5,3,0,6,7,5,238.00
102,6,7,7,9,9,0,0,4,7,0,1,243.00
102,7,8,3,5,6,7,2,4,6,9,0,255.00
102,8,2,5,8,9,5,5,4,5,4,8,262.00
102,9,6,8,9,7,7,9,9,6,4,0,295.00
102,10,5,7,9,7,5,1,7,7,7,6,305.00
103,1,4,0,3,2,3,0,6,0,3,9,187.00
103,2,2,2,5,7,5,1,1,0,4,9,190.00
103,3,2,1,7,1,6,0,5,5,4,8,210.00
103,4,4,2,6,4,5,5,6,6,6,4,219.00
103,5,9,3,0,8,7,9,5,5,7,2,219.00
103,6,3,7,8,3,3,6,5,3,3,7,229.00
103,7,3,7,7,6,3,0,3,9,7,1,230.00
103,8,7,3,3,7,2,8,4,7,2,8,242.00
103,9,6,0,8,2,7,2,1,6,9,5,242.00
103,10,8,8,5,7,6,7,5,7,7,8,308.00
104,1,2,2,3,7,1,2,0,1,4,2,108.00
104,2,1,0,5,2,5,2,0,7,0,7,143.00
104,3,4,5,8,0,3,9,3,7,2,1,173.00
104,4,8,1,6,6,0,0,4,1,2,0,178.00
104,5,0,7,1,5,5,9,7,5,7,4,186.00
104,6,8,1,5,4,3,8,2,6,9,4,220.00
104,7,4,2,9,1,8,2,6,3,1,8,235.00
104,8,1,5,8,7,8,0,2,9,8,0,237.00
104,9,6,4,7,9,1,1,5,9,4,6,278.00
104,10,9,8,2,4,2,4,8,2,7,9,286.00
105,1,2,2,0,5,3,0,5,1,4,1,98.00
105,2,4,1,0,1,1,5,5,0,3,7,124.00
105,3,2,9,3,5,6,5,0,5,5,0,167.00
105,4,4,5,4,8,1,3,4,1,5,4,197.00
105,5,3,9,0,6,2,9,7,5,3,8,203.00
105,6,1,6,5,4,7,2,5,5,6,3,205.00
105,7,2,2,7,2,4,5,7,5,1,5,205.00
105,8,1,8,5,1,9,0,7,7,6,2,221.00
105,9,7,7,7,9,6,5,0,1,8,5,253.00
105,10,9,3,9,1,2,4,5,2,5,9,279.00
106,1,5,1,2,5,5,2,0,1,0,4,153.00
106,2,8,2,1,1,9,5,1,0,4,0,162.00
106,3,1,2,6,4,6,5,7,9,3,0,171.00
106,4,3,4,7,6,9,4,4,1,8,0,196.00
106,5,1,7,3,3,4,1,8,5,2,6,208.00
106,6,3,4,3,7,4,0,8,3,4,5,214.00
106,7,7,1,7,3,5,5,1,4,4,9,239.00
106,8,6,8,5,6,7,5,4,9,4,0,253.00
106,9,6,6,2,6,6,9,9,6,3,8,264.00
106,10,6,1,8,8,9,9,5,2,4,4,267.00
107,1,0,5,2,2,2,5,4,9,0,8,156.00
107,2,2,4,0,6,1,2,8,4,8,1,163.00
107,3,3,7,0,6,3,6,9,1,7,1,175.00
107,4,5,3,5,6,3,1,0,0,7,5,190.00
107,5,8,3,3,2,4,6,2,8,3,3,202.00
107,6,6,0,8,6,3,6,5,0,7,3,225.00
107,7,8,0,2,6,7,4,0,8,5,9,249.00
107,8,9,2,6,9,9,2,7,5,6,2,279.00
107,9,9,8,5,5,5,7,0,5,5,9,285.00
107,10,5,8,6,6,6,3,6,6,9,9,310.00
108,1,2,0,6,4,9,8,2,5,7,1,177.00
108,2,5,4,4,4,2,4,7,3,2,2,178.00
108,3,3,2,4,8,4,8,3,2,2,9,196.00
108,4,7,0,1,6,5,5,4,6,7,5,216.00
108,5,3,3,2,6,9,6,7,8,8,4,234.00
108,6,6,9,5,0,5,5,0,7,9,5,237.00
108,7,7,3,9,7,5,4,2,9,3,1,242.00
108,8,6,3,6,5,6,7,3,8,7,5,259.00
108,9,7,9,8,3,6,8,1,1,8,6,267.00
108,10,7,9,6,7,8,1,7,2,6,8,301.00
109,1,2,5,0,0,2,0,0,5,3,9,134.00
109,2,5,8,3,1,2,2,4,0,3,4,166.00
109,3,2,5,2,3,5,0,3,6,4,3,168.00
109,4,4,1,6,6,1,3,3,7,4,2,182.00
109,5,2,4,1,5,5,7,1,8,8,4,186.00
109,6,5,4,7,4,2,2,1,9,0,1,191.00
109,7,3,4,7,9,3,6,0,5,6,1,199.00
109,8,0,3,0,9,8,7,8,9,8,3,212.00
109,9,8,4,3,8,3,7,9,8,0,1,228.00
109,10,9,9,4,5,5,6,6,9,0,5,287.00
110,1,2,0,2,0,4,0,3,1,8,4,133.00
110,2,2,1,1,1,3,1,0,9,7,6,139.00
110,3,2,2,1,6,1,9,5,9,2,2,149.00
110,4,6,9,2,0,8,3,9,2,5,0,210.00
110,5,0,3,7,5,9,0,2,2,9,7,214.00
110,6,6,4,2,8,8,7,4,8,9,0,222.00
110,7,6,1,3,6,9,6,0,9,3,4,227.00
110,8,2,7,9,5,6,7,2,4,4,6,248.00
110,9,8,8,1,8,7,4,1,6,8,2,252.00
110,10,8,8,9,5,0,3,7,2,5,9,310.00
111,1,2,1,1,0,5,9,4,9,2,4,145.00
111,2,2,8,6,0,5,6,3,5,2,0,156.00
111,3,0,8,3,6,1,7,0,0,9,7,163.00
111,4,0,9,7,7,0,7,3,8,6,0,197.00
111,5,6,9,7,3,1,4,1,3,6,1,212.00
111,6,4,8,7,6,5,2,3,0,2,7,239.00
111,7,7,0,0,9,9,0,7,8,4,5,240.00
111,8,5,7,1,1,1,2,9,3,9,9,241.00
111,9,8,8,1,5,9,9,4,6,1,7,248.00
111,10,6,7,8,2,6,8,4,9,6,9,305.00
112,1,2,2,6,4,1,8,5,1,9,0,165.00
112,2,5,9,3,1,4,4,0,3,1,8,190.00
112,3,0,6,3,8,8,0,8,8,3,4,213.00
112,4,4,8,2,6,3,7,7,5,0,5,219.00
112,5,5,7,0,6,3,5,9,4,6,7,223.00
112,6,0,8,6,8,7,5,0,5,6,7,226.00
112,7,5,6,5,8,1,6,2,5,6,8,236.00
112,8,5,3,8,9,6,3,2,1,9,5,243.00
112,9,3,4,7,6,7,1,8,9,7,4,273.00
112,10,9,4,7,3,3,8,9,9,6,9,333.00
113,1,3,2,1,6,5,2,1,9,1,0,136.00
113,2,1,1,3,0,7,9,4,1,5,6,141.00
113,3,0,7,0,5,1,1,4,6,5,8,180.00
113,4,1,1,4,3,0,8,7,3,5,9,182.00
113,5,5,1,4,1,3,1,7,4,4,6,188.00
113,6,6,4,5,5,3,6,3,5,2,5,199.00
113,7,2,2,4,6,4,3,5,5,8,6,204.00
113,8,4,1,8,3,0,2,8,1,9,3,211.00
113,9,9,8,4,6,8,8,1,9,4,5,288.00
113,10,4,7,9,5,9,1,5,8,8,9,322.00
114,1,2,4,6,8,1,5,6,3,1,0,173.00
114,2,0,3,3,2,3,8,1,8,9,7,175.00
114,3,6,6,0,7,0,1,0,7,0,6,193.00
114,4,7,6,3,2,7,1,3,7,0,1,194.00
114,5,5,0,6,8,4,7,8,2,7,0,203.00
114,6,1,4,8,0,2,3,0,9,9,6,210.00
114,7,3,7,3,9,4,8,2,6,9,3,216.00
114,8,0,7,7,8,9,5,1,8,6,6,251.00
114,9,8,1,6,4,8,0,7,1,7,8,262.00
114,10,6,7,5,6,5,6,6,7,5,7,280.00
115,1,0,9,3,5,0,4,6,1,2,0,118.00
115,2,0,7,4,0,5,4,2,2,2,6,135.00
115,3,3,0,2,9,5,8,1,4,2,2,154.00
115,4,2,7,3,6,3,7,4,4,4,0,161.00
115,5,2,4,3,6,4,4,2,7,2,4,175.00
115,6,7,6,1,9,0,2,3,7,3,0,184.00
115,7,7,9,9,3,0,6,0,6,2,6,235.00
115,8,8,7,8,2,5,0,3,9,2,1,236.00
115,9,0,9,7,6,9,8,4,5,1,9,260.00
115,10,8,7,8,2,6,4,9,3,5,8,311.00
116,1,7,0,4,4,9,1,2,3,2,0,189.00
116,2,0,0,5,8,3,6,8,4,9,4,206.00
116,3,4,3,6,0,0,8,6,9,0,9,208.00
116,4,1,8,3,5,6,2,7,3,8,8,218.00
116,5,5,1,8,3,1,5,3,6,1,8,224.00
116,6,3,7,7,7,2,7,3,8,5,4,228.00
116,7,9,7,1,5,2,6,3,7,8,3,231.00
116,8,9,3,9,2,4,3,2,6,4,2,235.00
116,9,5,6,1,9,4,1,5,0,6,8,236.00
116,10,9,4,8,4,8,4,4,8,4,6,316.00
117,1,0,6,7,0,5,7,1,1,4,6,153.00
117,2,1,2,5,2,2,6,8,5,9,1,165.00
117,3,3,5,6,5,1,0,3,7,1,0,168.00
117,4,0,7,2,4,1,8,1,1,8,9,172.00
117,5,1,2,9,8,6,2,4,2,2,0,179.00
117,6,5,1,3,8,5,2,3,0,5,8,197.00
117,7,5,1,5,2,4,1,3,0,7,9,211.00
117,8,8,2,8,4,4,9,2,3,7,5,254.00
117,9,7,6,8,2,3,1,7,1,6,6,271.00
117,10,9,3,8,0,7,6,6,7,1,9,296.00
118,1,0,0,3,4,1,4,5,7,9,3,154.00
118,2,7,2,0,4,0,4,3,5,0,5,164.00
118,3,6,3,9,0,4,3,1,3,0,3,199.00
118,4,0,1,8,8,7,4,1,5,5,3,200.00
118,5,4,2,3,5,1,4,6,4,4,7,206.00
118,6,6,6,3,7,6,5,5,5,6,4,227.00
118,7,5,2,2,6,8,3,7,6,0,9,242.00
118,8,2,8,6,8,4,3,6,3,4,8,243.00
118,9,9,2,3,3,4,9,8,2,9,8,265.00
118,10,4,7,7,6,9,6,3,6,3,9,292.00
119,1,8,0,0,1,2,1,1,1,5,8,173.00
119,2,5,9,3,8,1,0,0,2,5,1,181.00
119,3,3,0,5,5,5,5,1,9,2,8,197.00
119,4,1,9,2,0,7,2,3,7,6,8,213.00
119,5,3,2,7,6,8,7,4,4,4,2,218.00
119,6,0,7,9,7,4,9,1,7,6,5,224.00
119,7,1,7,6,2,9,8,1,9,6,9,254.00
119,8,7,2,8,9,1,1,2,7,4,6,272.00
119,9,5,0,9,9,8,4,4,5,6,7,277.00
119,10,8,9,6,5,8,0,6,7,2,7,315.00
120,1,3,3,5,2,2,2,3,3,4,0,137.00
120,2,4,0,1,7,6,3,8,3,4,1,162.00
120,3,7,1,1,2,0,2,3,5,4,7,162.00
120,4,3,9,3,6,6,4,3,6,6,0,201.00
120,5,2,9,0,1,4,2,5,7,6,6,202.00
120,6,6,4,3,5,1,7,7,0,7,7,204.00
120,7,4,6,6,3,4,8,7,2,7,4,207.00
120,8,5,3,5,3,5,1,9,4,2,5,228.00
120,9,0,8,6,9,8,1,7,3,5,9,263.00
120,10,6,7,8,8,7,1,1,8,5,5,302.00
121,1,5,1,0,6,6,7,1,1,4,1,131.00
121,2,4,5,2,3,0,7,8,5,2,5,174.00
121,3,6,7,3,4,7,8,2,1,3,6,199.00
121,4,0,4,8,5,3,4,9,7,4,3,210.00
121,5,8,6,0,7,9,4,0,5,1,5,221.00
121,6,1,9,0,8,7,1,9,2,5,9,224.00
121,7,2,8,7,6,8,8,8,7,1,1,238.00
121,8,5,5,8,4,2,5,9,4,5,1,241.00
121,9,3,1,6,8,9,5,0,8,6,8,255.00
121,10,9,9,5,1,3,5,9,9,5,1,257.00
122,1,0,3,4,0,1,1,4,2,6,3,115.00
122,2,1,3,3,7,1,9,2,9,3,2,150.00
122,3,5,1,0,4,5,4,8,3,2,5,171.00
122,4,5,6,3,3,4,4,8,0,8,0,172.00
122,5,4,2,8,5,1,3,9,1,5,2,191.00
122,6,7,2,2,5,8,0,1,2,3,5,196.00
122,7,2,4,8,1,9,0,7,0,1,9,225.00
122,8,6,9,2,7,6,4,5,6,2,4,242.00
122,9,7,5,7,8,4,5,0,7,9,3,253.00
122,10,9,8,7,5,5,1,6,8,3,1,283.00
123,1,2,0,3,6,0,4,7,1,1,1,128.00
123,2,5,5,0,4,2,8,3,7,7,0,168.00
123,3,0,7,4,3,6,7,5,2,5,2,169.00
123,4,1,6,0,3,6,0,7,1,5,9,178.00
123,5,1,7,7,3,5,8,1,8,6,0,191.00
123,6,6,8,8,3,2,7,3,0,3,3,211.00
123,7,6,3,1,5,8,4,7,7,2,4,219.00
123,8,5,1,8,3,3,6,7,1,4,8,237.00
123,9,5,7,6,2,5,5,2,7,2,7,248.00
123,10,7,9,2,9,2,0,5,0,7,7,252.00
124,1,3,2,2,0,7,7,6,1,2,4,153.00
124,2,3,8,8,3,2,5,0,3,4,0,166.00
124,3,3,7,7,4,3,1,3,4,1,1,179.00
124,4,4,6,0,0,7,4,3,8,0,8,192.00
124,5,5,2,8,9,0,8,2,4,1,4,203.00
124,6,3,7,9,3,0,4,0,5,8,7,235.00
124,7,9,2,5,6,4,4,3,7,3,5,243.00
124,8,3,8,6,8,2,6,4,9,6,6,245.00
124,9,8,0,4,5,2,5,6,2,9,8,246.00
124,10,9,3,9,6,5,0,0,8,6,2,268.00
125,1,2,8,1,0,0,1,1,9,0,4,120.00
125,2,1,4,2,6,2,3,0,8,2,0,122.00
125,3,8,9,0,7,1,7,4,1,0,3,174.00
125,4,1,7,2,9,5,8,1,0,5,9,197.00
125,5,0,9,5,3,8,7,2,7,0,7,216.00
125,6,1,7,6,5,2,1,7,6,1,6,225.00
125,7,8,8,3,8,6,1,1,2,0,4,233.00
125,8,1,9,5,8,1,8,9,7,4,4,243.00
125,9,9,0,1,4,7,4,9,4,5,8,256.00
125,10,9,1,8,8,7,4,0,0,8,8,282.00
126,1,0,0,2,3,5,6,6,8,0,2,124.00
126,2,2,0,7,0,3,8,6,4,1,4,168.00
126,3,3,4,3,4,3,1,2,8,2,6,192.00
126,4,2,2,2,3,3,5,8,4,0,9,193.00
126,5,5,7,7,9,0,7,2,1,9,1,211.00
126,6,7,4,6,8,1,9,4,2,7,0,212.00
126,7,4,3,5,8,0,6,4,8,2,8,215.00
126,8,2,8,7,7,2,2,4,6,6,6,253.00
126,9,7,8,3,5,7,2,1,6,6,7,259.00
126,10,9,0,0,9,6,8,9,5,7,5,264.00
127,1,0,2,1,1,9,7,4,0,0,4,99.00
127,2,8,5,2,3,6,8,4,9,3,0,196.00
127,3,8,1,3,3,9,0,0,5,6,0,200.00
127,4,6,9,1,4,1,6,7,1,3,6,204.00
127,5,2,4,6,3,9,4,5,2,5,6,217.00
127,6,5,6,9,3,0,2,7,0,1,8,222.00
127,7,3,9,8,2,0,2,6,1,8,9,249.00
127,8,4,5,8,6,5,1,8,4,4,6,259.00
127,9,3,9,8,9,9,2,4,8,7,2,270.00
127,10,8,0,9,4,8,6,3,9,3,6,280.00
128,1,9,2,1,0,2,4,5,0,3,1,151.00
128,2,7,3,1,6,7,5,3,0,6,1,171.00
128,3,8,0,0,9,7,0,4,3,9,3,207.00
128,4,6,9,4,7,1,8,1,8,0,4,216.00
128,5,5,0,1,9,7,2,3,6,6,8,218.00
128,6,8,2,7,5,0,9,2,5,8,3,229.00
128,7,6,5,3,9,1,1,4,3,9,4,235.00
128,8,8,0,6,7,8,4,0,9,0,4,248.00
128,9,5,0,9,6,8,6,4,6,7,5,253.00
128,10,6,6,6,3,9,5,6,3,6,5,274.00
129,1,1,3,1,6,4,9,1,6,3,1,134.00
129,2,0,9,4,5,7,2,2,0,2,3,146.00
129,3,2,0,7,3,0,1,2,3,8,2,147.00
129,4,0,5,5,5,7,2,9,4,3,1,175.00
129,5,1,1,3,6,2,1,8,7,5,6,189.00
129,6,5,5,4,4,3,1,5,6,9,0,202.00
129,7,4,0,5,0,6,9,8,3,6,8,222.00
129,8,8,4,5,8,3,5,0,2,6,4,229.00
129,9,9,0,4,8,7,0,7,4,1,2,234.00
129,10,7,7,2,8,6,2,0,5,6,7,247.00
130,1,1,1,6,2,7,7,1,6,2,6,175.00
130,2,0,0,7,7,7,3,6,2,9,0,191.00
130,3,2,4,4,1,1,4,6,8,0,7,193.00
130,4,0,2,3,9,5,8,3,8,6,4,195.00
130,5,1,5,2,8,4,0,7,8,4,5,199.00
130,6,9,6,3,0,4,7,9,4,2,0,216.00
130,7,7,7,5,4,9,4,2,0,0,7,227.00
130,8,5,9,3,1,6,3,4,2,2,8,232.00
130,9,7,6,9,5,5,8,7,2,8,4,272.00
130,10,8,8,8,5,8,7,5,5,6,9,320.00
131,1,3,8,0,0,2,6,4,0,6,0,123.00
131,2,3,9,1,1,4,3,2,2,0,5,138.00
131,3,3,6,4,3,4,6,7,5,9,0,182.00
131,4,2,2,6,9,3,0,0,3,9,7,197.00
131,5,1,3,4,9,8,9,2,8,7,4,211.00
131,6,1,9,2,2,1,0,5,5,8,9,214.00
131,7,6,0,1,9,1,4,9,4,7,7,218.00
131,8,7,7,3,9,3,9,4,7,0,4,232.00
131,9,7,8,7,5,0,9,4,3,1,7,242.00
131,10,7,1,9,2,3,8,7,3,7,5,249.00
132,1,1,1,5,3,4,5,3,5,5,0,128.00
132,2,0,2,0,8,5,9,1,5,5,6,146.00
132,3,1,2,2,9,1,1,6,4,8,1,162.00
132,4,0,6,8,3,5,4,4,7,2,2,181.00
132,5,8,8,0,9,2,0,4,1,5,0,181.00
132,6,5,9,8,4,2,1,3,8,2,0,218.00
132,7,4,5,9,8,0,0,4,2,6,2,218.00
132,8,5,8,8,1,4,8,9,0,4,4,221.00
132,9,8,1,5,2,9,5,5,1,6,4,239.00
132,10,4,1,7,3,9,2,7,6,9,9,292.00
133,1,6,2,2,2,4,4,0,2,6,5,160.00
133,2,8,3,0,9,4,4,3,0,0,5,171.00
133,3,1,9,1,4,9,0,9,9,4,0,192.00
133,4,0,3,9,3,1,3,6,3,8,9,206.00
133,5,1,0,2,8,6,5,8,8,1,6,210.00
133,6,2,4,7,8,7,8,6,6,2,1,213.00
133,7,5,5,2,5,4,4,0,6,2,9,220.00
133,8,7,8,2,7,1,1,7,9,7,7,278.00
133,9,8,8,6,0,8,7,5,8,6,4,284.00
133,10,6,7,6,8,9,7,4,7,8,1,284.00
134,1,7,3,1,0,0,9,7,4,0,5,150.00
134,2,4,4,0,9,0,4,0,1,4,8,161.00
134,3,1,4,4,1,7,4,0,5,2,8,161.00
134,4,1,0,4,7,9,2,3,8,7,0,169.00
134,5,0,2,9,2,2,4,4,8,3,3,170.00
134,6,0,1,8,7,4,9,3,8,0,7,203.00
134,7,7,3,5,1,3,9,7,9,2,3,208.00
134,8,8,6,2,8,4,7,6,0,8,3,228.00
134,9,3,8,8,2,9,7,4,8,8,2,245.00
134,10,5,3,5,8,9,9,3,5,9,7,280.00
135,1,4,2,1,6,7,3,1,3,8,1,151.00
135,2,1,3,3,2,8,0,6,3,8,2,157.00
135,3,6,4,1,2,4,5,2,0,4,9,179.00
135,4,8,2,3,0,2,3,6,1,2,6,188.00
135,5,0,8,6,3,2,5,7,1,9,6,199.00
135,6,6,8,1,9,3,7,0,1,8,8,215.00
135,7,8,5,9,5,0,9,8,1,7,0,227.00
135,8,1,9,8,3,9,8,2,4,0,8,242.00
135,9,8,5,7,1,8,2,9,3,0,6,275.00
135,10,7,4,3,7,5,1,7,9,6,9,279.00
136,1,1,7,0,1,1,4,6,1,9,0,106.00
136,2,6,3,2,1,5,3,9,2,8,1,191.00
136,3,8,4,2,8,5,3,1,3,1,2,195.00
136,4,3,8,6,1,2,1,1,5,9,4,210.00
136,5,7,2,7,3,4,9,0,8,2,2,219.00
136,6,3,6,5,8,2,8,5,4,0,7,220.00
136,7,1,3,6,5,2,0,9,5,5,9,242.00
136,8,8,2,3,9,0,4,2,4,8,9,250.00
136,9,8,1,5,7,8,1,4,1,0,8,259.00
136,10,7,6,7,0,6,4,9,4,8,7,277.00
137,1,6,0,0,1,6,3,0,2,3,8,165.00
137,2,4,3,2,2,5,4,1,7,5,3,178.00
137,3,3,1,5,1,6,4,0,3,6,9,183.00
137,4,5,8,5,2,0,7,7,2,9,1,186.00
137,5,4,9,4,2,1,6,8,8,0,3,214.00
137,6,9,9,4,2,1,6,9,1,2,2,221.00
137,7,6,5,4,5,8,5,5,1,1,6,229.00
137,8,0,8,9,1,7,0,3,9,3,7,232.00
137,9,6,3,0,8,9,2,9,6,9,8,273.00
137,10,8,9,8,0,8,5,6,3,1,8,297.00
138,1,6,0,1,4,9,6,0,8,7,0,175.00
138,2,2,4,3,3,2,1,0,4,7,9,191.00
138,3,4,1,9,6,5,6,3,3,1,1,200.00
138,4,0,9,9,3,1,6,8,5,4,6,216.00
138,5,2,4,9,2,3,8,2,0,7,8,218.00
138,6,5,3,3,9,4,2,9,8,8,6,267.00
138,7,7,8,6,6,1,8,4,1,7,8,273.00
138,8,7,5,8,6,2,5,6,8,3,7,276.00
138,9,9,3,9,9,7,3,4,7,3,1,295.00
138,10,9,6,5,9,7,5,4,9,8,3,304.00
139,1,1,0,5,3,2,0,7,5,8,4,167.00
139,2,0,9,3,2,7,3,3,0,6,9,177.00
139,3,6,4,5,0,5,3,6,7,4,0,202.00
139,4,3,9,4,0,3,2,0,9,2,9,205.00
139,5,5,3,9,1,3,4,1,5,3,5,205.00
139,6,9,1,1,5,9,2,7,3,7,1,225.00
139,7,1,6,8,8,5,2,1,8,3,8,235.00
139,8,7,3,9,5,4,2,4,9,1,9,285.00
139,9,7,2,8,5,8,5,4,9,8,9,314.00
139,10,9,5,9,1,9,8,4,8,8,7,332.00
140,1,4,4,3,4,3,2,0,5,1,3,142.00
140,2,4,0,0,4,6,1,6,0,2,8,166.00
140,3,1,4,3,8,0,1,4,4,5,6,169.00
140,4,5,3,8,9,2,7,4,3,0,1,189.00
140,5,6,1,8,4,0,6,5,6,5,1,214.00
140,6,9,2,7,7,8,0,1,2,1,4,231.00
140,7,6,1,1,7,4,5,9,8,0,6,236.00
140,8,3,1,9,6,6,8,5,6,1,9,243.00
140,9,7,0,6,9,5,0,7,4,2,8,263.00
140,10,5,9,5,9,0,3,2,9,4,9,284.00
141,1,1,0,6,7,4,0,4,7,2,1,159.00
141,2,0,3,1,2,5,0,9,0,8,6,161.00
141,3,4,3,1,3,2,5,9,4,7,1,163.00
141,4,3,3,2,9,7,7,8,0,2,0,164.00
141,5,2,1,8,5,7,7,0,1,8,0,172.00
141,6,4,0,5,7,4,4,5,4,9,1,181.00
141,7,1,5,3,8,8,9,5,4,0,5,183.00
141,8,5,4,8,5,1,3,1,9,8,1,232.00
141,9,7,7,1,6,2,8,1,3,8,8,240.00
141,10,9,0,7,7,3,8,6,4,3,2,244.00
142,1,3,9,4,8,1,3,2,1,1,0,167.00
142,2,3,8,1,4,4,8,0,9,7,6,193.00
142,3,0,2,5,2,9,3,5,2,5,7,200.00
142,4,5,3,3,3,7,3,4,8,9,3,225.00
142,5,6,7,4,9,4,5,1,7,5,5,243.00
142,6,9,4,3,7,8,2,8,1,4,3,255.00
142,7,9,7,9,3,8,1,1,0,1,4,255.00
142,8,8,3,9,8,3,4,1,3,2,9,272.00
142,9,9,1,3,1,2,9,7,9,7,9,272.00
142,10,7,1,8,3,9,4,6,6,7,9,312.00
143,1,1,4,1,0,0,9,4,3,8,3,109.00
143,2,2,1,3,1,4,9,5,7,8,4,158.00
143,3,3,0,4,9,1,0,4,2,6,1,158.00
143,4,7,0,3,3,0,6,4,5,8,3,181.00
143,5,4,3,7,5,3,8,2,1,8,2,189.00
143,6,5,4,6,2,1,2,2,6,7,7,210.00
143,7,5,0,4,9,4,6,0,8,6,8,227.00
143,8,6,7,3,6,3,2,7,0,2,9,233.00
143,9,8,2,2,6,9,4,8,5,5,3,240.00
143,10,8,8,9,2,6,0,1,5,4,0,242.00
144,1,0,3,3,2,4,3,7,4,2,2,139.00
144,2,3,0,1,3,5,2,7,5,0,5,142.00
144,3,0,8,1,0,1,7,9,6,6,4,156.00
144,4,8,5,1,0,4,8,3,4,8,4,186.00
144,5,4,8,5,0,5,4,1,6,8,0,191.00
144,6,1,3,8,4,7,1,5,5,8,0,205.00
144,7,3,6,8,2,9,7,8,0,9,2,222.00
144,8,6,7,5,2,9,3,2,7,6,4,236.00
144,9,2,6,8,3,9,5,9,1,0,9,248.00
144,10,7,7,2,6,3,2,5,4,9,8,271.00
145,1,1,1,3,9,3,9,9,6,1,0,172.00
145,2,2,0,6,4,6,3,4,2,0,4,174.00
145,3,1,0,6,8,4,7,8,4,8,0,188.00
145,4,6,9,1,2,4,5,5,5,9,2,207.00
145,5,5,1,4,4,4,0,3,5,8,5,212.00
145,6,7,7,2,5,5,8,6,4,9,5,236.00
145,7,8,6,2,4,4,1,4,5,2,7,243.00
145,8,8,8,0,8,8,5,7,1,7,5,260.00
145,9,8,2,6,3,8,5,5,6,5,6,268.00
145,10,0,7,8,2,8,1,9,9,7,9,272.00
146,1,0,4,3,6,1,6,5,2,2,2,115.00
146,2,6,7,0,4,3,1,0,2,7,4,170.00
146,3,5,0,3,7,0,5,1,8,4,6,182.00
146,4,5,5,2,6,3,5,2,4,5,8,211.00
146,5,0,7,7,7,9,7,4,5,4,2,212.00
146,6,7,1,2,8,9,4,3,0,8,1,212.00
146,7,2,8,4,8,4,1,3,4,1,5,214.00
146,8,4,5,8,8,2,3,0,7,8,2,215.00
146,9,7,9,5,8,5,3,2,2,0,2,220.00
146,10,6,8,4,3,9,6,9,7,0,9,281.00
147,1,0,7,6,0,5,5,8,0,6,1,161.00
147,2,2,5,5,5,8,5,1,6,4,1,174.00
147,3,6,8,2,6,7,9,2,2,0,1,196.00
147,4,2,9,4,3,9,3,3,4,7,3,221.00
147,5,5,7,7,0,0,4,6,1,4,9,236.00
147,6,3,8,2,2,9,9,5,6,0,9,239.00
147,7,6,4,3,8,3,8,7,0,7,8,241.00
147,8,7,8,6,0,4,9,0,6,6,5,243.00
147,9,8,6,6,3,7,7,7,2,5,3,259.00
147,10,6,3,9,1,6,1,8,1,8,9,278.00
148,1,2,1,0,2,7,7,4,6,8,6,156.00
148,2,2,3,2,9,2,2,5,5,9,3,183.00
148,3,3,6,1,8,9,6,6,5,3,2,190.00
148,4,3,6,2,1,9,7,8,1,7,5,193.00
148,5,0,6,7,2,9,4,1,6,6,1,194.00
148,6,3,7,8,1,1,8,2,2,8,6,203.00
148,7,5,7,5,2,2,9,5,6,9,2,212.00
148,8,5,8,6,9,8,0,4,0,9,4,251.00
148,9,9,7,5,5,6,7,3,8,0,4,259.00
148,10,9,1,2,5,2,1,8,9,7,7,273.00
149,1,0,5,1,4,2,8,3,2,2,8,131.00
149,2,1,7,2,8,0,7,9,4,1,3,161.00
149,3,3,1,3,6,6,8,6,4,5,4,188.00
149,4,1,1,2,9,5,0,8,4,4,5,191.00
149,5,0,2,9,7,1,4,4,4,3,6,194.00
149,6,0,7,6,7,6,5,5,4,9,0,213.00
149,7,8,7,6,1,6,8,4,0,3,1,218.00
149,8,9,6,5,5,2,3,9,1,1,1,227.00
149,9,8,3,2,4,6,8,5,7,8,6,260.00
149,10,3,8,8,8,3,7,5,7,8,8,280.00
150,1,5,3,4,1,0,6,0,7,2,0,130.00
150,2,5,1,1,6,4,8,0,2,7,0,145.00
150,3,7,1,0,9,3,7,4,4,2,4,184.00
150,4,0,9,7,5,1,3,5,3,0,9,210.00
150,5,6,2,7,6,9,6,3,0,8,1,211.00
150,6,5,2,4,3,4,8,6,8,9,5,219.00
150,7,3,4,7,9,9,3,2,0,8,0,220.00
150,8,4,4,1,7,8,4,4,7,6,9,232.00
150,9,3,9,7,6,5,5,4,2,1,8,238.00
150,10,9,1,3,3,8,8,9,3,8,8,285.00
151,1,0,9,5,0,8,0,2,3,3,2,150.00
151,2,4,5,1,4,3,3,7,1,5,4,174.00
151,3,0,9,0,7,8,2,7,4,7,6,197.00
151,4,5,9,2,9,4,1,0,5,2,4,212.00
151,5,4,4,7,5,4,3,1,1,7,4,212.00
151,6,9,4,6,7,1,9,5,6,2,0,221.00
151,7,1,6,9,8,0,6,4,0,9,7,226.00
151,8,6,8,2,8,0,4,5,8,4,9,263.00
151,9,6,7,9,1,3,1,2,9,5,7,266.00
151,10,4,9,8,4,3,8,3,4,6,9,280.00
152,1,0,1,0,0,1,9,2,5,0,4,65.00
152,2,5,2,0,2,1,8,2,9,5,6,158.00
152,3,7,4,1,9,5,9,1,3,6,1,183.00
152,4,6,6,0,2,4,3,2,2,8,5,195.00
152,5,4,0,5,8,2,5,5,2,5,5,207.00
152,6,9,9,0,9,6,8,5,0,4,6,251.00
152,7,4,8,5,3,7,6,2,8,7,8,261.00
152,8,9,9,1,6,8,7,8,5,8,3,279.00
152,9,8,8,9,4,8,8,3,8,8,1,285.00
152,10,4,5,7,8,9,9,3,7,7,8,288.00
153,1,3,0,1,8,2,5,9,2,1,2,146.00
153,2,4,9,0,1,1,8,2,9,1,3,152.00
153,3,7,8,0,2,3,8,2,3,4,2,168.00
153,4,6,8,0,6,2,5,0,6,2,4,173.00
153,5,5,3,3,3,2,3,2,6,5,4,174.00
153,6,4,0,1,9,2,8,5,1,6,8,178.00
153,7,0,5,4,6,7,9,9,1,0,6,192.00
153,8,0,0,9,3,7,4,5,8,2,6,221.00
153,9,6,5,5,3,6,0,5,3,6,7,244.00
153,10,8,4,8,1,3,8,6,9,5,9,299.00
154,1,0,2,5,4,6,4,1,9,2,4,178.00
154,2,0,6,5,6,0,3,1,8,6,9,201.00
154,3,8,1,2,6,6,3,9,2,3,3,205.00
154,4,9,1,5,5,6,8,8,4,2,2,225.00
154,5,8,8,4,3,8,2,7,7,2,0,234.00
154,6,3,5,7,3,8,7,8,6,5,4,240.00
154,7,6,8,2,1,7,7,7,8,5,9,268.00
154,8,6,0,8,8,9,0,5,0,2,8,273.00
154,9,7,3,9,2,4,0,8,6,9,9,299.00
154,10,7,4,6,6,9,2,9,6,6,9,308.00
155,1,6,1,1,0,6,8,1,0,4,0,108.00
155,2,3,7,2,4,3,6,2,3,1,2,146.00
155,3,4,6,5,1,8,7,1,8,3,0,187.00
155,4,5,1,7,2,2,9,3,2,2,7,205.00
155,5,3,2,7,6,0,3,8,7,9,0,206.00
155,6,1,4,7,1,6,9,7,3,7,6,215.00
155,7,6,4,5,5,6,0,5,9,3,1,241.00
155,8,8,3,5,0,4,9,8,6,8,4,259.00
155,9,5,9,5,8,6,5,7,8,1,4,270.00
155,10,9,3,9,1,9,4,6,4,6,1,279.00
156,1,0,9,4,0,3,8,3,1,0,4,143.00
156,2,6,9,0,7,0,2,2,0,1,3,159.00
156,3,5,8,0,0,2,5,6,1,7,4,160.00
156,4,3,7,4,1,7,4,1,5,8,1,178.00
156,5,3,0,4,2,7,6,6,6,8,2,178.00
156,6,5,9,4,2,9,8,4,6,3,0,201.00
156,7,3,0,3,3,3,4,7,7,9,8,208.00
156,8,5,9,6,5,0,8,7,1,3,2,215.00
156,9,2,2,8,9,0,6,5,9,4,5,228.00
156,10,7,6,5,1,8,9,0,5,4,8,249.00
157,1,4,2,1,4,6,6,2,1,8,1,134.00
157,2,4,3,6,3,1,3,1,0,4,8,172.00
157,3,3,1,4,5,3,8,5,7,0,4,188.00
157,4,2,7,9,6,5,0,0,2,0,5,196.00
157,5,4,2,4,6,0,4,6,1,1,9,204.00
157,6,3,5,2,6,8,2,9,6,4,3,223.00
157,7,6,6,7,3,3,4,1,5,7,5,229.00
157,8,7,0,7,6,8,0,1,9,5,2,229.00
157,9,9,5,4,7,6,2,2,9,2,5,262.00
157,10,9,1,9,5,4,8,8,3,8,4,270.00
158,1,1,3,3,2,8,9,0,6,4,0,133.00
158,2,0,5,6,3,1,2,2,2,7,0,139.00
158,3,5,5,1,9,2,8,0,1,0,6,169.00
158,4,4,5,2,6,5,0,2,4,0,8,188.00
158,5,6,0,4,0,3,8,1,3,9,6,188.00
158,6,8,0,4,0,0,5,8,7,3,6,198.00
158,7,7,2,1,9,4,7,1,8,3,3,205.00
158,8,5,9,7,7,2,5,9,4,3,0,226.00
158,9,5,3,4,9,7,1,1,3,2,9,241.00
158,10,9,9,4,2,7,4,5,8,8,3,282.00
159,1,3,2,0,2,4,5,4,6,0,3,119.00
159,2,3,2,5,0,0,6,6,9,0,4,159.00
159,3,0,2,5,9,0,3,9,4,0,6,172.00
159,4,1,5,1,9,1,0,3,4,3,8,188.00
159,5,3,0,2,4,9,2,3,5,8,6,207.00
159,6,1,6,2,4,8,1,8,3,7,5,211.00
159,7,7,9,1,6,4,1,4,9,0,0,217.00
159,8,5,4,6,3,8,4,6,1,4,9,245.00
159,9,9,6,3,4,3,3,5,4,8,7,259.00
159,10,8,1,9,7,2,7,5,5,0,8,274.00
160,1,6,6,1,5,1,4,1,4,3,2,148.00
160,2,3,4,5,6,5,9,0,3,1,6,189.00
160,3,8,3,5,4,4,9,1,1,1,3,191.00
160,4,6,4,2,4,8,7,8,2,7,0,192.00
160,5,3,3,5,5,0,4,5,5,2,9,195.00
160,6,5,4,0,4,3,6,0,6,5,9,195.00
160,7,7,0,1,3,7,3,1,4,6,9,206.00
160,8,6,2,6,2,6,0,3,1,9,3,217.00
160,9,5,3,5,6,2,4,5,6,3,8,242.00
160,10,7,2,6,0,9,1,5,9,7,6,267.00
161,1,0,3,7,4,2,5,2,6,0,2,150.00
161,2,3,2,2,0,4,4,7,6,3,4,164.00
161,3,6,5,3,0,0,7,3,6,4,6,181.00
161,4,6,0,0,1,9,3,7,8,2,3,183.00
161,5,3,7,0,4,6,3,0,4,5,6,186.00
161,6,1,8,1,9,6,8,4,5,9,0,186.00
161,7,0,9,5,2,5,4,1,5,5,5,187.00
161,8,1,1,7,5,3,2,7,9,9,2,199.00
161,9,9,0,7,4,6,9,6,5,8,3,252.00
161,10,8,1,7,9,9,6,7,0,1,1,252.00
162,1,0,6,7,2,1,4,4,5,5,0,153.00
162,2,5,2,3,0,8,3,1,6,1,5,167.00
162,3,6,6,0,3,1,5,9,7,1,4,180.00
162,4,2,6,2,5,2,5,5,9,6,4,194.00
162,5,3,5,5,5,6,4,4,1,6,5,201.00
162,6,4,9,0,4,2,6,8,1,5,7,211.00
162,7,6,4,7,6,8,3,4,2,9,1,229.00
162,8,8,1,1,4,9,2,2,8,2,8,242.00
162,9,6,6,8,5,7,0,5,8,2,7,278.00
162,10,8,6,9,3,5,1,3,1,9,4,278.00
163,1,1,4,1,4,0,4,8,8,1,3,144.00
163,2,4,0,0,4,8,1,5,2,4,5,151.00
163,3,5,4,1,2,0,3,5,5,7,3,178.00
163,4,6,8,3,2,0,4,5,7,5,2,184.00
163,5,3,8,2,0,5,6,3,2,8,5,191.00
163,6,5,0,6,1,7,8,8,0,6,4,192.00
163,7,6,4,5,5,0,7,3,0,4,8,193.00
163,8,7,7,1,9,2,5,6,7,5,2,226.00
163,9,2,7,7,9,2,4,2,6,9,1,229.00
163,10,3,9,4,5,6,4,4,5,7,7,235.00
164,1,4,1,0,0,1,0,2,1,1,6,95.00
164,2,2,9,0,3,0,7,1,2,4,8,151.00
164,3,5,0,2,8,3,3,6,6,4,7,216.00
164,4,6,3,8,3,0,6,0,9,2,4,218.00
164,5,4,0,1,9,8,4,6,1,9,5,219.00
164,6,6,5,5,2,0,1,5,4,3,7,224.00
164,7,7,6,4,7,4,2,7,6,3,3,237.00
164,8,3,3,8,1,2,5,7,8,4,9,256.00
164,9,9,9,5,0,7,0,5,3,8,1,260.00
164,10,9,0,7,8,4,3,7,6,2,4,263.00
165,1,1,2,3,9,2,5,4,1,6,1,153.00
165,2,8,0,3,4,0,5,1,2,2,4,156.00
165,3,5,5,6,2,6,7,1,2,6,0,167.00
165,4,1,0,7,9,7,3,3,2,1,1,176.00
165,5,4,9,6,7,1,4,4,7,0,0,207.00
165,6,2,1,7,1,6,0,0,9,6,8,213.00
165,7,2,2,8,5,9,9,5,9,9,3,259.00
165,8,5,1,9,9,2,1,3,4,3,9,264.00
165,9,9,7,7,2,0,9,8,3,2,8,280.00
165,10,6,9,8,3,7,4,4,2,8,6,292.00
166,1,2,9,5,1,6,7,1,5,3,5,179.00
166,2,3,2,8,0,1,1,6,3,4,7,185.00
166,3,7,1,7,4,1,3,0,5,2,6,216.00
166,4,3,2,5,7,4,7,3,3,5,9,216.00
166,5,4,7,5,3,9,2,1,9,6,1,216.00
166,6,3,9,2,3,2,0,9,8,5,3,222.00
166,7,7,2,7,5,2,1,1,2,1,9,230.00
166,8,5,7,4,5,8,5,8,8,3,0,236.00
166,9,6,2,8,6,9,4,4,4,3,3,240.00
166,10,9,7,7,2,7,3,5,9,3,4,274.00
167,1,2,5,4,2,7,4,9,2,1,2,164.00
167,2,1,2,0,7,8,4,7,4,1,4,173.00
167,3,3,5,2,8,3,4,6,0,0,8,184.00
167,4,2,5,6,5,1,8,4,4,9,5,193.00
167,5,7,5,2,0,4,9,9,2,0,4,196.00
167,6,4,0,8,4,1,8,9,8,9,0,210.00
167,7,5,6,4,8,5,6,3,0,7,6,213.00
167,8,8,6,1,5,6,6,7,1,5,6,243.00
167,9,8,4,4,0,1,0,5,9,6,7,245.00
167,10,7,0,9,9,5,4,9,1,6,5,279.00
168,1,1,0,5,2,4,7,4,1,4,3,124.00
168,2,0,6,2,9,1,3,1,1,8,6,147.00
168,3,2,3,3,6,5,3,2,3,8,0,157.00
168,4,0,1,2,1,0,2,7,9,4,7,163.00
168,5,5,3,2,1,3,2,5,9,9,3,188.00
168,6,7,0,1,5,7,4,3,3,6,7,205.00
168,7,4,2,5,1,7,8,4,2,6,7,218.00
168,8,8,8,7,1,6,3,2,2,8,1,229.00
168,9,6,0,5,7,6,0,4,4,6,6,234.00
168,10,6,5,5,8,5,0,5,9,3,0,243.00
169,1,4,6,0,4,6,9,1,6,8,0,151.00
169,2,0,3,4,8,6,5,3,0,3,9,175.00
169,3,0,6,8,3,4,4,6,6,2,3,190.00
169,4,2,2,5,8,1,8,7,8,9,0,199.00
169,5,6,8,3,6,0,2,7,6,5,2,217.00
169,6,5,8,1,9,9,7,2,2,0,7,222.00
169,7,4,4,6,7,0,2,8,3,6,4,233.00
169,8,3,1,9,2,5,1,7,6,5,7,252.00
169,9,9,8,9,0,1,6,6,5,6,1,254.00
169,10,8,4,8,9,9,2,8,9,6,8,370.00
170,1,0,0,0,6,1,1,3,6,8,4,126.00
170,2,0,7,3,8,0,9,1,4,1,2,135.00
170,3,3,1,0,3,1,4,3,7,2,9,153.00
170,4,3,0,6,0,3,7,0,7,1,9,182.00
170,5,2,2,2,4,7,4,7,4,3,9,193.00
170,6,0,9,5,9,9,7,2,5,4,2,197.00
170,7,5,6,6,1,6,9,0,6,4,6,224.00
170,8,0,7,9,6,7,4,6,7,2,3,235.00
170,9,7,6,9,6,0,3,0,0,8,8,247.00
170,10,1,7,8,1,3,1,7,7,7,9,249.00
171,1,3,2,0,3,8,9,1,1,0,3,118.00
171,2,0,1,5,8,6,0,3,3,5,3,156.00
171,3,3,8,2,7,7,8,4,1,8,1,181.00
171,4,5,1,5,2,7,8,1,0,7,5,185.00
171,5,8,0,3,5,7,0,1,5,9,3,205.00
171,6,3,3,0,8,9,9,1,9,4,7,219.00
171,7,6,5,8,6,5,8,2,1,5,2,224.00
171,8,8,4,5,3,2,2,4,3,7,9,261.00
171,9,5,1,9,8,8,0,6,5,0,7,264.00
171,10,9,5,8,6,8,4,3,5,7,8,313.00
172,1,1,0,9,7,2,5,4,0,2,0,145.00
172,2,0,2,4,8,9,0,0,2,7,0,151.00
172,3,1,0,1,8,0,5,2,9,9,9,179.00
172,4,1,9,5,7,0,7,0,9,1,4,182.00
172,5,3,8,5,5,4,9,7,0,0,3,192.00
172,6,5,8,2,6,1,2,2,9,5,7,217.00
172,7,5,1,2,9,7,7,7,5,8,6,232.00
172,8,8,8,3,5,0,5,9,1,1,8,236.00
172,9,5,4,7,4,5,7,4,3,3,7,243.00
172,10,7,6,4,5,9,3,2,6,4,2,244.00
173,1,1,3,4,3,1,4,4,0,3,0,118.00
173,2,7,7,2,8,0,3,2,3,3,0,181.00
173,3,3,4,6,9,1,7,5,0,1,2,185.00
173,4,4,0,1,7,9,4,1,9,2,2,189.00
173,5,4,2,2,0,7,5,8,5,8,5,199.00
173,6,6,9,0,5,4,4,7,5,3,5,207.00
173,7,2,9,7,3,6,2,1,5,4,3,215.00
173,8,2,1,5,8,6,4,8,8,5,4,238.00
173,9,6,6,0,3,3,8,9,6,8,8,244.00
173,10,9,2,5,8,4,2,2,6,4,3,251.00
174,1,5,1,5,9,0,9,1,1,3,6,179.00
174,2,3,6,4,3,8,6,1,6,0,7,190.00
174,3,9,9,0,4,1,2,7,6,1,2,196.00
174,4,1,8,2,2,9,2,9,5,9,1,196.00
174,5,2,8,6,0,2,4,2,2,3,9,197.00
174,6,7,9,4,0,5,9,5,6,5,0,199.00
174,7,2,9,8,8,5,1,5,0,1,4,233.00
174,8,9,5,5,5,0,5,3,4,8,3,244.00
174,9,3,9,8,8,1,9,5,9,8,5,264.00
174,10,9,8,5,7,4,4,6,5,2,6,270.00
175,1,1,2,0,0,6,0,0,1,9,4,109.00
175,2,0,2,4,0,9,3,1,5,0,3,125.00
175,3,4,3,0,9,2,7,1,9,4,7,187.00
175,4,6,4,5,5,4,6,4,0,0,5,197.00
175,5,8,4,5,2,4,4,1,3,8,6,215.00
175,6,2,9,6,8,5,7,3,0,5,4,217.00
175,7,7,1,8,6,2,7,6,5,5,2,226.00
175,8,4,9,6,8,3,0,4,9,9,7,276.00
175,9,9,2,9,5,8,0,7,4,2,7,288.00
175,10,6,8,9,4,7,6,4,4,7,9,304.00
176,1,8,1,1,9,4,2,0,8,4,0,182.00
176,2,0,6,4,5,8,0,2,1,7,7,191.00
176,3,9,1,4,3,0,0,4,7,7,1,206.00
176,4,7,1,9,0,1,9,1,1,0,9,213.00
176,5,2,4,9,4,1,5,6,7,3,4,219.00
176,6,7,8,5,1,1,8,9,0,6,3,229.00
176,7,9,9,4,4,1,6,0,9,4,2,232.00
176,8,6,0,6,6,2,6,6,5,7,5,245.00
176,9,9,8,2,3,1,4,9,9,9,4,268.00
176,10,9,6,8,7,2,7,0,6,3,5,272.00
177,1,0,6,4,0,0,1,1,3,0,4,104.00
177,2,1,3,3,8,7,3,8,0,4,1,154.00
177,3,1,3,2,9,3,7,7,6,0,6,174.00
177,4,0,0,8,4,8,4,9,3,4,3,202.00
177,5,6,0,5,5,3,3,1,5,0,8,204.00
177,6,7,4,0,0,6,7,7,3,9,9,224.00
177,7,1,0,9,4,2,0,7,9,3,8,226.00
177,8,7,4,3,6,9,2,6,7,9,2,252.00
177,9,7,0,9,2,6,9,7,3,6,9,264.00
177,10,8,5,6,6,5,5,1,5,3,7,274.00
178,1,4,1,1,6,2,7,3,3,3,1,135.00
178,2,9,1,1,2,0,0,1,1,6,0,144.00
178,3,1,0,5,6,1,7,6,6,4,1,147.00
178,4,4,2,6,6,1,1,4,7,7,1,200.00
178,5,1,1,5,9,8,7,8,2,4,5,218.00
178,6,9,2,4,3,8,2,1,7,7,1,222.00
178,7,9,8,2,9,5,7,3,7,4,0,238.00
178,8,9,8,5,4,9,4,6,7,4,0,259.00
178,9,5,1,9,8,4,7,8,5,6,5,273.00
178,10,9,7,7,5,8,3,9,8,0,8,322.00
179,1,1,5,3,6,1,6,0,3,9,0,122.00
179,2,0,0,9,2,4,1,3,5,2,5,172.00
179,3,5,8,0,4,5,9,6,2,9,0,173.00
179,4,6,0,0,8,7,9,6,0,0,9,201.00
179,5,9,8,0,8,4,3,2,8,2,0,206.00
179,6,9,6,0,2,7,8,4,0,3,9,219.00
179,7,1,3,8,9,5,2,7,5,4,2,232.00
179,8,2,7,0,6,5,5,9,9,9,6,236.00
179,9,8,4,2,8,7,8,1,3,3,8,247.00
179,10,4,7,3,5,9,9,6,0,5,8,249.00
180,1,2,0,3,0,7,9,3,7,1,5,154.00
180,2,7,1,4,0,2,7,4,6,3,1,155.00
180,3,1,6,2,8,4,8,0,3,7,1,162.00
180,4,0,0,7,8,8,7,2,1,9,2,165.00
180,5,3,1,0,2,7,7,8,3,8,7,183.00
180,6,4,5,7,7,7,6,1,4,0,4,205.00
180,7,7,5,3,5,2,3,1,9,3,8,225.00
180,8,9,3,8,7,8,4,1,7,2,1,256.00
180,9,9,7,5,8,7,0,2,9,1,1,264.00
180,10,7,3,8,0,7,4,8,2,7,6,276.00
181,1,4,3,2,7,2,7,6,3,6,3,174.00
181,2,5,7,3,2,4,5,1,1,7,8,201.00
181,3,8,9,2,5,6,3,2,5,6,0,215.00
181,4,2,7,5,1,4,1,7,9,0,7,220.00
181,5,3,1,7,8,1,6,3,7,4,8,222.00
181,6,8,4,6,7,0,7,6,8,0,0,225.00
181,7,2,6,8,7,4,4,4,4,3,9,238.00
181,8,6,8,9,6,1,8,3,2,2,3,242.00
181,9,5,0,8,6,6,6,4,5,1,8,249.00
181,10,8,7,8,3,5,5,4,8,6,8,320.00
182,1,4,1,0,7,0,5,8,8,6,1,155.00
182,2,1,0,6,7,3,0,5,0,1,5,159.00
182,3,0,1,8,0,7,6,4,2,7,3,176.00
182,4,6,8,0,7,1,2,8,2,0,1,187.00
182,5,2,4,8,7,8,6,1,3,0,5,194.00
182,6,3,2,1,7,6,0,7,5,3,5,195.00
182,7,6,2,5,0,1,6,4,8,4,4,207.00
182,8,1,2,2,2,7,6,6,9,9,5,212.00
182,9,1,8,6,4,6,3,7,0,5,6,217.00
182,10,9,9,5,5,9,0,4,2,5,2,263.00
183,1,1,4,6,0,5,6,4,0,1,6,159.00
183,2,4,9,0,2,5,5,0,6,0,6,166.00
183,3,3,2,7,2,4,0,4,3,1,5,172.00
183,4,2,6,6,0,5,6,7,3,8,1,178.00
183,5,5,6,3,2,8,2,9,5,2,2,199.00
183,6,5,2,5,7,9,1,1,5,2,0,203.00
183,7,4,8,9,0,2,3,5,2,4,4,207.00
183,8,0,2,6,3,8,0,9,6,3,7,212.00
183,9,9,8,5,7,5,0,6,8,7,0,267.00
183,10,9,8,5,5,3,8,7,9,4,5,301.00
184,1,0,3,6,0,2,2,8,6,1,0,150.00
184,2,9,2,0,2,0,0,1,7,5,3,157.00
184,3,2,8,0,0,6,8,7,4,2,6,165.00
184,4,6,6,2,2,4,5,4,2,5,4,173.00
184,5,6,5,1,2,5,2,2,8,0,7,193.00
184,6,3,9,2,4,1,1,5,1,6,9,195.00
184,7,6,7,3,3,1,1,8,8,0,1,202.00
184,8,9,1,1,5,0,0,6,7,7,2,203.00
184,9,8,1,3,8,8,7,4,2,2,3,212.00
184,10,8,6,1,5,6,0,6,9,5,7,260.00
185,1,4,1,1,2,3,8,9,0,5,1,138.00
185,2,2,2,3,1,0,9,7,7,8,3,161.00
185,3,0,9,2,1,7,6,0,5,2,7,176.00
185,4,6,8,3,6,2,9,3,0,4,2,187.00
185,5,8,5,2,2,3,2,8,4,7,0,209.00
185,6,0,8,3,9,2,2,5,9,4,8,225.00
185,7,6,0,0,9,7,4,7,7,7,3,230.00
185,8,8,1,8,7,7,8,1,1,8,5,249.00
185,9,3,8,9,7,6,0,5,5,5,5,282.00
185,10,6,7,5,9,6,7,3,8,4,8,287.00
186,1,3,9,0,1,0,5,3,1,1,8,146.00
186,2,2,2,1,3,3,7,3,6,5,6,151.00
186,3,3,7,0,4,9,5,0,1,4,7,168.00
186,4,5,1,0,5,8,9,2,7,2,5,171.00
186,5,4,4,8,1,0,9,2,2,6,6,180.00
186,6,9,4,3,3,0,3,1,9,1,5,210.00
186,7,3,8,8,6,3,1,0,9,2,8,244.00
186,8,3,5,9,3,7,9,3,4,8,5,247.00
186,9,2,7,9,5,8,2,9,6,3,4,253.00
186,10,7,4,7,4,4,9,9,9,7,5,301.00
187,1,2,7,2,0,1,0,8,6,2,2,136.00
187,2,3,2,5,9,1,3,0,5,2,2,147.00
187,3,3,2,4,9,1,6,5,5,3,0,155.00
187,4,0,3,9,2,4,0,9,0,7,2,171.00
187,5,4,0,1,1,6,2,7,6,6,7,191.00
187,6,3,6,5,1,6,1,8,4,3,5,198.00
187,7,2,2,7,0,2,4,4,7,8,7,202.00
187,8,5,3,3,2,0,1,9,4,8,6,222.00
187,9,7,3,9,0,9,7,9,4,0,6,255.00
187,10,9,9,6,8,3,3,3,8,7,4,286.00
188,1,1,8,0,2,4,1,9,1,9,2,157.00
188,2,1,8,7,5,1,7,6,1,1,2,171.00
188,3,2,8,5,8,3,8,2,5,0,2,175.00
188,4,0,0,6,7,9,8,1,4,0,6,176.00
188,5,8,5,5,4,0,3,0,0,0,8,194.00
188,6,8,4,1,0,7,9,4,0,6,6,195.00
188,7,3,3,3,2,5,5,8,9,1,9,212.00
188,8,7,2,3,6,7,5,1,5,1,7,214.00
188,9,9,0,5,2,5,0,3,5,0,9,224.00
188,10,8,9,8,9,4,5,3,8,2,8,335.00
189,1,4,1,1,2,3,0,5,8,3,0,135.00
189,2,0,1,7,1,1,7,3,2,8,8,163.00
189,3,3,9,3,5,2,6,2,4,7,1,171.00
189,4,4,1,1,1,7,0,5,9,6,6,189.00
189,5,5,5,4,0,2,3,7,3,3,7,191.00
189,6,3,9,4,6,2,2,3,7,0,2,191.00
189,7,2,0,7,3,2,5,7,6,5,5,193.00
189,8,9,3,4,0,7,7,2,8,9,1,216.00
189,9,3,2,9,1,8,9,7,2,3,8,231.00
189,10,8,3,4,8,4,1,4,0,4,8,241.00
190,1,0,1,4,0,4,9,2,8,8,5,167.00
190,2,4,0,5,8,1,0,1,6,0,5,170.00
190,3,5,4,2,8,6,8,2,4,5,0,175.00
190,4,5,0,3,3,2,0,2,7,9,4,189.00
190,5,8,1,4,7,3,5,2,4,7,6,222.00
190,6,2,6,8,0,9,8,2,6,3,4,225.00
190,7,7,1,5,7,7,3,9,1,2,4,232.00
190,8,7,7,0,7,8,9,0,8,4,7,244.00
190,9,0,9,5,9,3,0,6,5,2,9,247.00
190,10,6,7,7,1,5,1,2,9,3,4,251.00
191,1,1,9,4,8,2,0,0,3,7,5,187.00
191,2,8,2,8,3,0,2,3,0,1,5,189.00
191,3,4,1,9,5,1,5,1,8,5,2,208.00
191,4,7,1,9,2,3,2,5,4,1,3,210.00
191,5,5,1,7,5,2,0,2,7,9,6,220.00
191,6,5,1,9,2,4,8,6,5,4,7,241.00
191,7,8,8,3,8,8,2,5,8,1,0,258.00
191,8,4,1,5,9,6,0,6,7,9,5,262.00
191,9,6,7,8,4,4,3,7,3,9,6,290.00
191,10,7,6,1,9,6,1,8,9,3,9,296.00
192,1,1,1,7,4,4,3,3,6,4,2,166.00
192,2,1,8,3,6,3,8,7,1,9,1,173.00
192,3,0,8,6,0,2,0,9,8,4,1,175.00
192,4,2,4,1,4,9,5,3,8,6,3,194.00
192,5,8,4,1,7,1,4,6,2,3,5,214.00
192,6,4,4,6,4,6,7,7,6,1,2,215.00
192,7,2,0,8,6,8,0,7,5,1,5,230.00
192,8,8,0,3,7,8,0,4,5,4,6,232.00
192,9,9,9,0,3,7,5,4,6,3,5,240.00
192,10,8,8,1,9,9,4,7,7,5,2,260.00
193,1,3,0,6,2,5,2,0,3,1,5,139.00
193,2,0,2,4,8,4,7,7,6,4,0,164.00
193,3,8,4,4,2,8,3,7,4,6,1,220.00
193,4,2,7,0,3,7,3,9,6,4,8,220.00
193,5,2,8,3,8,7,1,7,7,4,0,221.00
193,6,4,9,1,8,4,2,6,3,3,5,225.00
193,7,2,7,6,5,0,1,9,0,9,5,227.00
193,8,7,8,1,5,5,0,6,7,0,3,231.00
193,9,5,2,7,5,5,9,5,3,9,9,273.00
193,10,3,7,8,9,8,1,7,6,0,9,285.00
194,1,3,8,1,2,6,0,0,5,6,3,156.00
194,2,1,9,2,3,1,3,3,3,9,6,173.00
194,3,0,8,0,8,9,0,4,3,2,6,190.00
194,4,9,2,3,9,2,2,7,3,2,4,219.00
194,5,0,7,8,9,5,9,7,3,5,1,230.00
194,6,2,6,8,7,4,8,8,3,7,2,238.00
194,7,7,2,4,7,3,7,5,5,2,9,248.00
194,8,7,9,7,6,4,7,3,5,6,1,257.00
194,9,5,8,6,9,4,7,4,4,6,6,274.00
194,10,7,6,6,6,7,6,3,2,4,9,285.00
195,1,1,2,4,1,2,3,3,3,2,8,159.00
195,2,5,2,4,6,3,3,6,0,3,3,178.00
195,3,4,9,0,0,7,0,6,2,1,7,181.00
195,4,0,4,2,6,7,6,9,0,7,8,196.00
195,5,3,5,5,8,1,5,0,0,9,6,200.00
195,6,0,1,3,9,8,2,4,5,8,9,210.00
195,7,9,2,6,1,1,9,5,6,3,8,234.00
195,8,2,7,4,8,2,0,5,6,6,6,235.00
195,9,9,2,4,8,2,9,2,4,8,8,251.00
195,10,6,6,1,9,6,9,8,9,6,8,281.00
196,1,7,4,0,1,3,7,2,0,1,4,141.00
196,2,1,3,7,3,2,7,7,3,3,2,154.00
196,3,1,2,0,5,3,9,6,4,7,8,159.00
196,4,1,6,2,8,4,4,6,8,0,3,179.00
196,5,8,1,3,8,5,6,3,2,6,2,193.00
196,6,3,4,7,7,0,1,8,1,0,8,224.00
196,7,5,9,9,0,6,2,0,1,7,9,253.00
196,8,9,6,5,1,6,6,9,6,8,5,294.00
196,9,9,5,9,6,2,4,7,6,9,6,303.00
196,10,6,9,9,7,6,9,9,6,2,7,324.00
197,1,3,0,4,5,0,7,0,3,7,0,127.00
197,2,4,8,1,3,0,4,3,5,6,4,180.00
197,3,3,2,7,1,2,0,5,8,0,3,181.00
197,4,5,4,4,3,4,0,8,0,8,0,187.00
197,5,9,6,0,5,0,4,5,7,9,2,219.00
197,6,5,4,7,7,5,5,8,3,6,1,222.00
197,7,6,4,5,6,1,9,9,4,9,4,242.00
197,8,9,1,0,4,5,7,7,9,0,9,245.00
197,9,7,0,8,3,7,4,7,6,6,2,246.00
197,10,3,6,4,2,8,8,9,9,6,7,264.00
198,1,6,5,1,3,1,6,1,1,5,1,142.00
198,2,4,6,0,2,2,5,6,0,1,8,159.00
198,3,0,5,2,4,8,2,8,3,6,2,161.00
198,4,4,0,6,2,2,7,5,6,9,2,187.00
198,5,4,5,2,2,9,5,4,8,0,6,196.00
198,6,3,8,1,6,6,6,6,7,8,3,213.00
198,7,6,0,6,3,9,5,7,0,2,4,213.00
198,8,5,5,9,4,4,3,0,7,4,2,231.00
198,9,6,8,3,4,8,2,3,4,9,1,234.00
198,10,9,6,9,5,9,7,1,5,4,0,254.00
199,1,7,5,1,2,1,6,6,0,1,3,155.00
199,2,5,5,8,0,1,8,0,7,7,3,198.00
199,3,0,5,4,9,3,6,7,9,7,0,205.00
199,4,6,6,3,9,3,4,0,6,0,6,210.00
199,5,6,7,0,9,0,2,1,7,1,6,212.00
199,6,4,3,7,1,2,1,4,9,7,6,217.00
199,7,8,1,9,2,4,3,6,5,7,2,245.00
199,8,9,5,5,9,5,6,7,0,5,2,252.00
199,9,9,7,2,3,8,4,1,1,4,8,255.00
199,10,9,3,7,0,0,2,1,9,9,9,275.00
200,1,0,3,2,5,8,1,1,9,1,3,154.00
200,2,6,7,1,5,5,7,1,2,0,5,186.00
200,3,8,8,1,6,0,6,8,2,0,3,205.00
200,4,6,5,3,4,2,1,6,1,5,8,206.00
200,5,2,6,9,8,0,8,5,5,5,5,225.00
200,6,8,9,0,5,5,4,0,7,4,8,239.00
200,7,8,2,5,6,6,0,7,9,2,1,245.00
200,8,7,9,8,1,7,3,2,8,3,0,258.00
200,9,9,6,5,5,6,0,4,8,6,6,305.00
200,10,9,5,9,3,3,4,9,9,3,9,343.00
201,1,0,9,4,2,3,5,3,5,1,6,172.00
201,2,2,1,7,6,3,1,8,0,4,1,175.00
201,3,5,3,9,0,0,1,1,4,5,1,175.00
201,4,2,4,0,7,2,5,5,6,9,2,180.00
201,5,2,8,0,5,9,4,8,0,3,2,181.00
201,6,9,6,3,2,0,1,4,3,7,1,206.00
201,7,6,5,4,8,8,6,0,9,1,5,246.00
201,8,7,7,2,3,9,8,4,8,5,8,276.00
201,9,5,9,9,3,8,7,6,8,8,4,303.00
201,10,3,4,9,8,8,5,8,7,8,7,313.00
202,1,3,3,0,4,3,7,5,4,2,7,161.00
202,2,0,9,3,4,1,3,9,2,5,4,162.00
202,3,4,6,0,0,7,4,1,4,5,4,169.00
202,4,2,0,4,1,4,0,5,5,2,9,173.00
202,5,1,5,4,1,8,4,5,4,9,3,183.00
202,6,3,2,8,0,9,3,7,0,4,7,234.00
202,7,7,0,2,7,5,9,9,9,6,5,243.00
202,8,6,5,8,5,4,7,2,2,7,7,263.00
202,9,3,7,8,2,2,4,9,8,5,8,276.00
202,10,7,8,3,0,8,1,8,4,9,9,280.00
203,1,1,0,1,6,4,1,3,5,3,2,119.00
203,2,7,5,1,5,0,4,3,2,2,2,166.00
203,3,3,5,0,3,7,1,4,5,7,9,212.00
203,4,1,2,6,9,6,8,1,3,6,9,224.00
203,5,9,2,9,0,5,9,8,3,8,0,241.00
203,6,4,9,2,3,6,3,9,6,8,7,256.00
203,7,2,8,5,6,9,0,1,4,9,9,257.00
203,8,2,4,4,8,7,5,9,2,8,8,260.00
203,9,9,6,4,9,8,2,4,0,4,5,266.00
203,10,4,9,7,3,5,0,4,9,8,8,290.00
204,1,0,6,4,1,4,6,1,1,9,9,172.00
204,2,2,4,1,7,9,5,5,7,7,0,181.00
204,3,9,3,5,3,1,9,7,0,3,1,195.00
204,4,5,1,3,4,0,6,2,7,8,9,201.00
204,5,3,8,4,6,3,2,1,8,4,8,236.00
204,6,7,2,0,7,8,8,9,3,4,6,236.00
204,7,7,4,2,2,3,1,5,9,9,8,247.00
204,8,3,1,9,4,0,4,9,6,8,7,251.00
204,9,9,7,1,8,9,3,8,3,8,5,290.00
204,10,7,3,8,6,5,0,6,4,9,9,304.00
205,1,1,0,5,7,5,9,2,3,5,2,156.00
205,2,9,0,2,5,2,8,5,3,0,3,169.00
205,3,6,6,0,0,0,8,8,7,1,5,179.00
205,4,1,2,5,4,9,0,1,8,4,9,218.00
205,5,0,2,3,9,4,7,9,9,9,5,226.00
205,6,7,0,6,6,8,4,1,7,9,2,229.00
205,7,8,6,0,9,6,2,9,2,1,2,236.00
205,8,6,5,3,9,9,8,9,1,3,3,256.00
205,9,8,4,4,8,6,4,1,9,6,9,276.00
205,10,7,5,9,8,4,3,5,7,5,7,311.00
206,1,1,5,1,7,0,8,5,3,6,0,133.00
206,2,2,7,2,7,3,0,0,0,6,5,170.00
206,3,2,0,9,2,7,3,6,4,3,1,183.00
206,4,6,8,2,6,0,9,3,7,1,3,195.00
206,5,3,1,2,5,1,8,7,1,8,9,198.00
206,6,1,1,2,7,8,9,5,2,7,8,201.00
206,7,8,7,1,7,2,7,6,1,1,3,202.00
206,8,8,4,4,3,2,5,5,1,5,7,216.00
206,9,0,7,7,5,9,1,5,9,2,4,246.00
206,10,9,9,8,6,4,3,8,3,5,8,328.00
207,1,3,6,0,1,8,4,1,7,1,0,131.00
207,2,7,1,4,0,1,1,5,9,0,0,173.00
207,3,3,6,2,7,8,6,1,9,2,2,183.00
207,4,7,4,7,8,1,7,0,0,1,3,184.00
207,5,2,2,6,5,3,3,5,8,0,3,187.00
207,6,7,4,1,3,2,7,1,6,8,5,189.00
207,7,0,3,5,0,6,9,1,8,9,5,190.00
207,8,7,6,4,7,8,8,2,0,5,3,232.00
207,9,7,6,5,5,3,9,5,6,7,1,240.00
207,10,3,5,7,4,2,6,6,9,7,8,271.00
208,1,1,1,5,1,3,8,3,0,3,6,120.00
208,2,4,1,4,2,0,5,9,9,1,0,158.00
208,3,3,8,3,5,1,2,0,4,9,2,176.00
208,4,3,5,4,6,0,1,9,0,5,5,202.00
208,5,1,3,9,1,8,8,0,9,0,5,214.00
208,6,7,2,8,8,3,0,8,0,4,0,216.00
208,7,8,2,1,5,5,3,5,7,3,7,218.00
208,8,9,3,4,3,0,4,8,7,8,3,244.00
208,9,5,2,8,1,9,9,6,5,8,4,258.00
208,10,8,9,5,8,4,1,6,2,7,6,301.00
209,1,0,1,2,1,0,6,4,0,0,8,101.00
209,2,0,1,5,6,1,1,2,1,8,4,148.00
209,3,4,4,2,2,3,8,1,2,8,5,167.00
209,4,4,1,5,7,7,2,0,1,7,2,188.00
209,5,9,8,0,1,7,8,4,4,1,4,196.00
209,6,3,0,0,5,6,7,8,8,6,8,222.00
209,7,5,7,4,5,4,6,9,8,1,5,234.00
209,8,5,8,4,3,8,0,8,6,1,5,238.00
209,9,5,7,5,3,7,7,4,2,8,7,241.00
209,10,9,2,3,9,2,2,8,5,9,9,289.00
210,1,2,3,0,4,0,2,4,5,4,0,113.00
210,2,6,8,2,5,7,2,0,7,5,1,192.00
210,3,4,0,1,8,2,0,6,1,8,8,202.00
210,4,6,5,4,8,1,9,4,6,9,2,218.00
210,5,7,6,2,9,3,4,7,8,1,2,219.00
210,6,5,4,8,5,0,4,1,7,7,1,220.00
210,7,5,6,8,3,2,8,2,5,7,4,226.00
210,8,2,8,9,6,8,9,4,7,5,2,243.00
210,9,2,3,2,9,6,2,9,9,9,4,249.00
210,10,5,8,8,5,9,2,0,6,8,3,277.00
211,1,2,0,9,1,0,7,2,1,3,1,133.00
211,2,6,4,3,2,5,9,4,0,0,1,152.00
211,3,6,2,1,7,5,9,0,1,6,7,177.00
211,4,7,7,1,4,3,6,4,3,8,1,188.00
211,5,5,3,5,2,3,4,3,4,7,5,208.00
211,6,0,4,7,5,0,1,7,9,6,6,209.00
211,7,6,3,1,9,5,9,3,4,9,8,231.00
211,8,8,4,3,8,4,0,9,1,1,6,238.00
211,9,5,6,7,7,6,9,8,2,4,4,252.00
211,10,7,5,6,5,6,6,1,8,4,8,261.00
212,1,6,7,5,1,6,6,0,0,4,2,163.00
212,2,5,8,3,2,0,5,0,7,6,2,171.00
212,3,2,2,8,1,1,6,2,9,8,1,174.00
212,4,2,6,1,3,8,1,1,6,9,4,174.00
212,5,1,5,8,6,4,5,5,4,2,0,174.00
212,6,4,6,3,8,6,7,4,1,9,1,194.00
212,7,8,6,3,2,3,6,3,5,7,0,202.00
212,8,9,2,2,9,6,3,4,2,4,1,208.00
212,9,0,9,5,7,5,3,6,5,3,8,240.00
212,10,9,8,3,6,7,0,8,5,1,9,297.00
213,1,0,7,1,3,2,8,2,1,7,0,117.00
213,2,4,2,2,0,8,8,1,5,7,0,135.00
213,3,8,4,2,2,1,4,4,4,2,0,172.00
213,4,4,7,0,8,1,5,9,1,7,1,174.00
213,5,0,9,3,8,4,6,5,5,2,8,201.00
213,6,7,0,3,7,8,8,0,8,7,4,231.00
213,7,8,9,8,2,0,5,1,7,8,5,256.00
213,8,3,5,6,9,7,9,5,7,7,4,267.00
213,9,5,6,9,6,9,7,1,7,2,9,282.00
213,10,7,9,7,4,9,9,4,9,9,4,299.00
214,1,2,0,1,3,7,6,0,9,0,4,138.00
214,2,6,1,3,6,1,0,0,6,1,5,161.00
214,3,0,4,3,7,3,8,5,5,7,5,169.00
214,4,1,4,4,7,6,6,0,8,9,0,171.00
214,5,2,0,7,1,9,9,2,8,5,4,200.00
214,6,4,7,1,4,0,1,8,3,1,9,208.00
214,7,6,3,1,9,3,7,5,8,5,5,219.00
214,8,6,9,8,3,1,8,9,6,2,0,223.00
214,9,8,8,0,6,7,9,8,6,5,1,225.00
214,10,9,8,1,8,6,4,9,9,5,1,261.00
215,1,0,5,6,0,1,2,1,5,6,8,184.00
215,2,2,2,0,8,5,6,7,9,8,0,190.00
215,3,1,9,0,7,6,0,8,4,6,4,191.00
215,4,0,0,8,8,8,9,7,6,8,0,199.00
215,5,1,8,9,4,7,7,0,0,0,8,207.00
215,6,8,6,4,2,0,7,9,1,5,3,207.00
215,7,4,5,2,8,0,5,9,0,9,9,215.00
215,8,8,0,4,8,9,8,2,0,8,6,228.00
215,9,6,6,9,6,1,8,8,2,2,2,231.00
215,10,2,9,9,7,4,9,6,9,5,9,308.00
216,1,7,0,0,3,2,9,1,2,1,0,92.00
216,2,5,3,2,5,2,2,4,2,4,3,149.00
216,3,0,8,6,2,1,5,2,6,7,6,189.00
216,4,3,9,3,2,8,8,1,2,4,5,189.00
216,5,2,0,9,6,3,9,9,6,2,1,196.00
216,6,3,7,1,5,9,3,7,0,8,4,200.00
216,7,0,7,6,3,2,0,2,1,8,9,209.00
216,8,2,6,7,7,1,1,2,4,1,7,211.00
216,9,9,9,2,4,6,6,8,3,8,3,275.00
216,10,6,9,8,6,8,4,0,9,6,3,296.00
217,1,0,5,4,1,4,7,4,0,3,0,107.00
217,2,2,0,1,9,2,5,2,7,8,1,155.00
217,3,0,3,7,1,5,0,7,3,5,5,190.00
217,4,6,6,6,0,4,0,5,4,6,0,208.00
217,5,3,2,2,7,4,3,2,7,2,8,209.00
217,6,2,8,0,9,8,2,8,7,1,2,216.00
217,7,0,0,5,8,2,3,9,7,4,8,222.00
217,8,5,6,3,2,7,1,2,5,3,9,241.00
217,9,9,1,7,8,9,3,5,5,4,4,291.00
217,10,9,8,9,8,2,7,9,9,4,3,328.00
218,1,1,2,1,5,6,3,5,2,7,1,133.00
218,2,1,3,4,3,9,1,9,4,6,3,186.00
218,3,5,8,5,1,6,3,1,3,3,5,196.00
218,4,6,9,1,4,4,5,3,7,4,4,207.00
218,5,9,1,4,1,6,8,8,3,1,4,210.00
218,6,2,4,5,6,6,9,3,7,2,6,211.00
218,7,7,8,5,1,5,9,0,6,0,5,216.00
218,8,5,8,4,5,9,6,0,6,3,4,233.00
218,9,9,1,1,6,9,0,1,4,7,8,236.00
218,10,9,6,4,3,5,0,2,9,0,4,245.00
219,1,6,2,1,5,8,2,1,1,1,1,141.00
219,2,4,1,1,5,3,1,4,8,5,1,156.00
219,3,0,5,7,3,5,1,9,3,8,2,187.00
219,4,9,6,1,7,2,8,3,1,2,2,188.00
219,5,4,2,0,9,5,0,8,4,9,0,188.00
219,6,1,4,3,5,4,0,2,6,3,9,188.00
219,7,4,3,7,8,2,9,9,6,0,0,196.00
219,8,0,4,6,7,1,8,7,1,8,5,205.00
219,9,1,5,4,5,3,7,4,5,5,9,213.00
219,10,3,1,5,8,0,8,4,5,7,9,232.00
220,1,0,0,6,5,5,6,0,4,9,2,164.00
220,2,2,4,3,4,2,8,2,3,6,4,164.00
220,3,7,1,0,2,9,7,1,5,9,0,166.00
220,4,1,5,1,1,1,2,6,8,9,3,166.00
220,5,3,6,1,6,3,7,8,1,0,4,168.00
220,6,6,7,0,7,2,1,1,3,8,3,198.00
220,7,1,0,2,8,9,2,2,8,0,8,203.00
220,8,6,6,0,2,8,0,4,2,3,6,208.00
220,9,3,4,8,8,7,1,3,2,7,4,227.00
220,10,9,5,0,4,8,5,1,6,6,9,249.00
221,1,3,2,3,4,2,8,3,8,5,4,178.00
221,2,7,7,0,7,5,8,0,1,9,2,181.00
221,3,0,9,5,1,2,1,5,5,4,9,208.00
221,4,9,2,5,7,7,8,2,0,4,3,210.00
221,5,4,9,4,5,1,8,5,4,9,4,215.00
221,6,7,7,1,5,5,9,3,4,2,8,221.00
221,7,6,3,6,5,8,1,9,6,5,2,244.00
221,8,3,6,5,7,6,5,2,9,9,4,255.00
221,9,9,7,1,1,9,8,7,8,9,1,261.00
221,10,8,6,7,5,9,5,3,8,8,2,298.00
222,1,0,0,5,6,6,0,2,5,7,0,145.00
222,2,8,2,3,4,3,7,4,3,0,7,205.00
222,3,2,9,4,7,5,6,1,5,3,7,214.00
222,4,7,6,2,4,8,9,0,3,1,8,224.00
222,5,7,4,8,2,2,6,2,1,4,7,230.00
222,6,5,9,7,9,6,9,9,1,2,1,244.00
222,7,1,5,8,3,6,4,9,9,8,1,251.00
222,8,9,4,8,1,9,9,0,5,5,7,265.00
222,9,7,9,9,0,2,6,6,6,7,2,272.00
222,10,9,3,6,9,7,7,2,0,1,8,273.00
223,1,6,3,2,4,5,9,0,1,0,1,141.00
223,2,4,6,0,2,3,9,8,1,1,4,141.00
223,3,2,1,1,6,8,6,4,1,9,6,192.00
223,4,3,1,0,6,9,0,6,5,4,8,199.00
223,5,9,6,1,7,3,9,7,4,8,3,230.00
223,6,7,0,7,4,8,5,5,3,2,5,240.00
223,7,7,2,5,3,8,2,6,4,7,9,258.00
223,8,2,8,6,9,2,3,3,7,6,9,266.00
223,9,9,3,4,7,3,4,9,9,3,8,306.00
223,10,9,8,9,7,4,6,5,6,4,7,334.00
224,1,7,4,1,5,3,7,5,1,8,0,160.00
224,2,6,5,0,0,9,7,4,2,5,1,175.00
224,3,4,5,9,5,1,1,9,1,2,4,211.00
224,4,5,1,1,3,9,2,6,6,7,4,213.00
224,5,3,5,8,3,8,1,4,6,6,0,216.00
224,6,4,0,9,4,2,6,9,6,5,4,226.00
224,7,2,9,2,6,5,1,5,2,5,8,228.00
224,8,7,3,6,0,5,4,1,9,2,5,231.00
224,9,7,3,4,8,6,3,2,7,3,4,240.00
224,10,5,9,5,4,7,3,7,4,9,3,272.00
225,1,2,1,1,2,8,0,5,1,6,3,139.00
225,2,4,2,2,5,7,4,1,6,3,0,148.00
225,3,2,7,4,1,3,6,3,4,3,2,148.00
225,4,5,1,2,6,2,9,2,4,9,5,181.00
225,5,5,5,2,0,4,1,8,2,3,7,208.00
225,6,2,3,7,8,8,0,7,0,1,7,214.00
225,7,5,6,4,5,8,7,4,6,5,1,217.00
225,8,0,7,9,6,0,5,8,4,1,8,229.00
225,9,2,0,9,9,1,7,3,9,7,6,247.00
225,10,6,2,8,6,2,4,5,9,8,5,258.00
226,1,2,0,0,0,3,6,5,3,0,8,123.00
226,2,2,7,6,2,4,7,0,2,9,2,172.00
226,3,1,9,6,0,4,2,2,9,5,2,174.00
226,4,0,2,6,1,9,6,8,2,9,6,209.00
226,5,7,3,7,0,2,0,0,4,6,7,213.00
226,6,8,4,2,5,0,0,9,1,7,6,214.00
226,7,6,6,2,8,2,4,4,2,9,4,220.00
226,8,5,1,7,1,8,6,9,3,1,6,231.00
226,9,3,0,6,7,8,1,3,9,8,4,233.00
226,10,6,1,9,9,6,8,4,3,3,2,245.00
227,1,7,0,2,1,9,0,9,0,7,0,188.00
227,2,2,8,8,3,0,0,9,0,9,2,214.00
227,3,4,7,1,2,7,0,5,6,1,9,218.00
227,4,1,8,3,8,9,2,1,0,9,7,219.00
227,5,7,9,5,4,1,3,6,0,9,4,227.00
227,6,5,5,0,7,4,1,8,5,0,9,227.00
227,7,7,1,8,5,1,3,0,9,3,6,230.00
227,8,1,9,8,2,5,1,3,5,5,7,234.00
227,9,7,4,6,8,1,1,7,8,8,3,260.00
227,10,9,9,5,4,4,5,7,3,8,6,281.00
228,1,3,3,0,0,1,3,3,0,6,9,140.00
228,2,2,2,7,5,3,2,0,5,3,6,185.00
228,3,8,0,3,7,9,6,4,3,7,2,214.00
228,4,5,7,0,1,8,0,5,1,7,9,218.00
228,5,5,2,9,1,9,1,4,3,7,0,219.00
228,6,0,1,9,7,4,4,8,1,7,6,221.00
228,7,8,4,2,8,8,9,7,6,0,1,240.00
228,8,0,7,9,4,4,1,9,5,5,7,246.00
228,9,8,7,9,7,3,0,0,7,1,9,281.00
228,10,9,8,4,9,8,8,5,1,4,6,296.00
229,1,3,3,0,7,6,1,9,0,5,6,186.00
229,2,6,6,0,6,8,4,0,6,4,4,207.00
229,3,4,2,7,9,1,9,4,5,9,1,208.00
229,4,6,4,5,4,2,2,8,8,3,2,210.00
229,5,3,4,5,3,3,0,3,9,5,8,212.00
229,6,6,1,9,6,7,0,2,1,1,7,233.00
229,7,6,9,6,4,1,8,5,7,0,7,237.00
229,8,7,9,6,3,0,0,4,7,4,5,243.00
229,9,9,1,8,0,9,9,3,2,5,5,250.00
229,10,9,8,2,5,7,4,2,6,5,9,281.00
230,1,5,3,1,4,2,8,3,4,2,4,152.00
230,2,0,0,2,4,7,5,6,7,8,9,216.00
230,3,7,4,3,6,0,6,4,2,9,4,220.00
230,4,4,9,7,6,4,2,5,0,7,3,224.00
230,5,6,7,3,5,6,5,2,0,1,9,225.00
230,6,5,3,7,2,5,9,4,1,1,9,230.00
230,7,9,9,3,0,6,0,3,3,4,7,242.00
230,8,8,9,2,7,0,0,7,4,4,9,259.00
230,9,9,3,0,9,7,1,7,8,5,3,270.00
230,10,8,3,9,5,6,2,9,7,8,7,318.00
231,1,7,2,2,0,3,5,2,1,1,8,180.00
231,2,4,2,9,3,4,8,2,3,0,5,205.00
231,3,7,0,0,4,1,9,8,8,8,5,211.00
231,4,4,4,4,8,4,7,7,3,6,2,211.00
231,5,0,9,5,5,9,9,1,9,3,6,221.00
231,6,8,5,6,8,6,0,2,6,0,2,226.00
231,7,7,0,8,7,9,7,2,6,3,1,232.00
231,8,2,4,7,2,9,0,6,2,6,8,237.00
231,9,9,7,6,8,2,0,3,1,3,7,252.00
231,10,9,7,6,5,1,3,4,6,7,5,276.00
232,1,4,1,0,4,6,0,3,5,7,0,137.00
232,2,3,5,5,2,4,2,0,0,6,2,156.00
232,3,5,1,0,5,2,7,7,4,3,6,165.00
232,4,1,5,2,0,3,0,9,7,8,6,194.00
232,5,7,3,4,4,8,6,1,7,1,4,209.00
232,6,5,2,8,9,8,4,2,0,3,1,211.00
232,7,6,8,8,0,1,1,4,2,2,9,230.00
232,8,1,6,6,9,1,3,5,2,4,9,236.00
232,9,8,5,5,5,4,8,6,7,7,3,247.00
232,10,7,7,6,1,9,4,8,7,9,5,283.00
233,1,1,5,6,1,0,6,7,4,6,2,150.00
233,2,5,2,2,7,1,2,9,1,5,1,158.00
233,3,0,1,0,4,6,9,3,4,2,9,161.00
233,4,3,4,3,6,4,2,6,1,0,5,172.00
233,5,6,3,0,4,7,9,8,1,0,6,184.00
233,6,5,5,4,4,3,2,7,6,0,1,198.00
233,7,9,3,5,2,2,0,3,4,7,1,213.00
233,8,3,7,4,2,5,5,7,3,1,9,234.00
233,9,5,5,7,4,5,5,5,6,1,8,246.00
233,10,1,6,8,7,3,8,9,4,3,9,248.00
234,1,1,0,8,0,4,5,0,1,7,1,139.00
234,2,4,9,1,0,8,4,4,0,3,1,142.00
234,3,7,0,7,1,5,7,2,0,4,0,171.00
234,4,4,7,0,2,6,7,4,3,9,2,177.00
234,5,1,9,2,2,0,3,6,4,7,8,195.00
234,6,3,7,4,5,4,7,3,7,8,1,198.00
234,7,5,5,0,9,7,8,9,4,6,1,229.00
234,8,5,8,5,5,0,5,9,7,6,6,250.00
234,9,9,9,0,8,9,8,3,4,8,2,253.00
234,10,7,8,6,9,2,4,2,5,6,4,260.00
235,1,0,4,0,3,0,7,9,4,3,2,118.00
235,2,5,4,2,5,7,7,9,0,2,4,188.00
235,3,3,4,8,3,3,2,0,5,5,3,196.00
235,4,5,5,1,1,9,3,4,0,6,7,198.00
235,5,1,6,1,4,6,7,9,6,6,8,231.00
235,6,5,6,4,6,6,4,0,5,6,6,239.00
235,7,7,0,8,8,6,0,3,1,8,5,258.00
235,8,9,8,3,9,0,4,9,5,2,5,258.00
235,9,3,6,6,9,5,2,8,8,4,2,261.00
235,10,9,4,6,2,7,4,2,7,1,8,269.00
236,1,0,5,0,0,1,6,0,5,2,4,83.00
236,2,5,6,1,2,2,2,7,0,3,4,149.00
236,3,2,2,5,3,1,5,8,7,3,1,174.00
236,4,4,6,7,1,4,1,0,3,8,4,191.00
236,5,2,5,4,0,4,3,6,0,3,9,196.00
236,6,9,1,1,5,4,0,0,8,5,5,207.00
236,7,4,6,5,3,0,2,5,6,8,7,223.00
236,8,6,5,3,6,8,8,9,3,3,7,251.00
236,9,4,5,7,2,9,1,2,8,7,7,266.00
236,10,8,1,5,9,9,4,8,8,0,5,291.00
237,1,1,5,6,1,0,3,4,4,4,2,131.00
237,2,3,2,1,6,2,2,3,2,3,5,135.00
237,3,4,3,1,3,9,2,4,4,3,2,159.00
237,4,1,6,3,5,1,9,5,0,6,6,180.00
237,5,3,6,4,0,2,7,8,3,0,5,186.00
237,6,6,3,4,6,0,7,1,9,5,3,207.00
237,7,3,6,3,4,7,7,5,4,1,7,208.00
237,8,4,5,5,6,9,6,3,4,2,3,227.00
237,9,8,7,1,9,5,5,8,6,3,1,255.00
237,10,9,5,6,3,7,7,1,9,4,7,296.00
238,1,1,6,1,0,9,9,4,9,3,4,179.00
238,2,6,3,1,6,2,2,3,9,3,3,185.00
238,3,4,8,2,4,4,3,1,7,4,7,202.00
238,4,7,2,1,8,8,0,7,8,1,1,210.00
238,5,0,8,4,4,8,0,9,6,0,4,215.00
238,6,6,6,5,0,8,9,1,8,4,3,220.00
238,7,3,5,7,8,4,5,4,9,2,5,244.00
238,8,7,7,1,2,7,2,8,6,5,6,255.00
238,9,5,3,6,4,8,6,7,1,9,7,266.00
238,10,7,6,9,1,4,6,0,3,5,9,272.00
239,1,2,1,2,9,2,7,1,7,2,5,155.00
239,2,6,8,7,1,4,9,1,3,3,1,184.00
239,3,9,0,9,2,4,4,1,2,2,1,189.00
239,4,4,0,5,6,1,1,7,8,9,2,195.00
239,5,0,3,4,2,5,7,8,9,8,4,199.00
239,6,9,1,1,1,3,8,6,7,9,5,227.00
239,7,9,8,4,5,2,1,4,4,9,1,247.00
239,8,4,7,6,9,0,3,5,8,8,2,253.00
239,9,6,5,4,8,6,8,3,7,5,8,274.00
239,10,9,6,9,3,7,1,7,9,7,2,307.00
240,1,4,5,0,4,6,0,1,0,0,0,98.00
240,2,7,0,0,1,5,1,1,3,7,2,131.00
240,3,3,1,8,9,1,1,4,3,0,2,176.00
240,4,0,0,7,8,4,5,5,6,6,6,199.00
240,5,1,2,6,0,8,1,5,4,0,9,201.00
240,6,3,7,3,9,4,6,0,0,8,5,208.00
240,7,1,4,6,9,8,9,7,9,1,1,216.00
240,8,1,8,6,8,7,3,8,9,0,5,247.00
240,9,7,1,7,7,5,0,3,4,5,5,257.00
240,10,4,8,5,5,3,4,6,6,9,6,261.00
241,1,0,3,6,2,4,9,5,2,1,9,170.00
241,2,8,6,1,2,7,6,6,1,3,4,194.00
241,3,8,7,6,0,6,9,4,0,5,1,213.00
241,4,4,7,7,3,8,3,3,8,4,0,214.00
241,5,5,2,4,5,8,9,9,9,1,1,219.00
241,6,4,6,7,5,1,0,3,9,1,8,243.00
241,7,9,0,5,1,7,7,9,9,4,4,248.00
241,8,9,6,2,7,4,6,4,1,2,9,250.00
241,9,6,6,8,7,6,2,5,7,1,1,254.00
241,10,9,2,9,0,8,9,7,2,2,9,297.00
242,1,0,1,0,2,5,5,4,5,3,4,122.00
242,2,0,7,4,2,2,6,4,2,4,3,143.00
242,3,3,3,0,7,3,0,7,1,3,4,159.00
242,4,3,1,0,8,5,0,9,1,2,6,179.00
242,5,4,1,8,2,9,0,1,2,2,6,194.00
242,6,2,6,6,5,0,8,3,8,0,9,218.00
242,7,9,6,1,3,5,3,9,3,1,1,218.00
242,8,6,2,6,9,2,2,7,5,3,4,236.00
242,9,9,0,1,9,6,2,7,9,4,9,290.00
242,10,8,7,9,5,5,7,7,0,7,9,321.00
243,1,1,1,4,2,1,8,2,9,3,1,132.00
243,2,1,7,8,0,0,6,3,2,6,0,151.00
243,3,1,2,9,2,8,7,4,5,2,1,179.00
243,4,4,9,1,4,3,1,6,3,4,4,199.00
243,5,6,2,1,0,7,2,9,2,7,3,201.00
243,6,4,6,4,3,2,8,4,4,8,4,210.00
243,7,9,4,3,3,4,9,4,2,3,8,227.00
243,8,3,4,8,4,7,9,5,6,7,5,250.00
243,9,5,6,6,4,6,2,9,4,6,6,254.00
243,10,2,8,4,6,7,2,6,7,5,8,267.00
244,1,0,1,1,4,4,1,2,6,9,0,127.00
244,2,0,4,3,9,1,6,1,5,0,6,159.00
244,3,8,7,2,0,2,1,6,0,1,1,172.00
244,4,3,1,8,7,9,4,0,0,2,4,189.00
244,5,4,5,1,9,0,0,6,7,0,3,191.00
244,6,8,7,2,4,3,6,3,3,3,3,193.00
244,7,1,5,3,5,3,8,9,3,1,9,200.00
244,8,8,1,1,2,5,8,3,5,2,9,209.00
244,9,5,4,7,9,6,2,8,0,8,3,245.00
244,10,4,2,9,1,9,9,2,4,8,8,246.00
245,1,4,1,4,2,7,3,5,7,3,3,188.00
245,2,0,8,4,1,0,3,7,6,7,4,188.00
245,3,1,7,6,0,3,4,1,4,8,9,196.00
245,4,7,4,2,8,3,2,8,0,7,4,213.00
245,5,7,0,8,3,5,6,0,8,9,2,222.00
245,6,9,0,1,2,4,0,9,4,5,9,250.00
245,7,6,1,9,5,0,9,6,8,2,5,251.00
245,8,6,8,6,0,7,4,2,3,3,9,257.00
245,9,7,4,6,6,1,3,6,8,3,7,262.00
245,10,0,5,5,6,7,8,9,9,7,7,263.00
246,1,4,2,0,3,3,1,2,4,2,0,121.00
246,2,3,3,6,2,7,4,2,4,0,0,138.00
246,3,1,3,2,6,0,4,9,6,9,1,172.00
246,4,6,0,3,1,4,6,9,2,1,8,190.00
246,5,3,4,2,1,7,8,5,9,8,4,196.00
246,6,3,2,7,2,8,8,9,1,4,4,202.00
246,7,8,2,3,1,2,1,8,2,8,4,202.00
246,8,8,6,7,3,4,4,0,4,1,9,253.00
246,9,5,6,8,4,4,3,8,7,5,7,288.00
246,10,9,8,9,0,1,6,6,7,3,9,296.00
247,1,1,0,2,7,8,4,3,1,2,2,121.00
247,2,7,6,4,2,0,6,4,2,4,3,175.00
247,3,1,4,4,5,5,6,3,9,2,8,210.00
247,4,0,5,7,6,6,8,9,2,3,3,212.00
247,5,9,9,1,5,3,7,7,0,5,6,230.00
247,6,3,4,2,9,6,6,8,8,3,5,242.00
247,7,5,3,9,9,0,7,1,9,3,3,244.00
247,8,4,3,8,3,9,8,9,1,0,8,250.00
247,9,7,9,8,7,7,9,3,1,1,8,275.00
247,10,9,1,4,8,5,8,4,9,7,8,301.00
248,1,1,0,3,0,2,9,6,9,2,1,135.00
248,2,7,2,1,1,0,8,0,7,2,3,136.00
248,3,7,3,2,5,0,4,6,3,0,2,164.00
248,4,2,6,1,3,8,9,2,1,3,7,171.00
248,5,1,7,3,4,2,9,2,5,8,8,186.00
248,6,8,6,6,4,4,4,1,4,7,3,222.00
248,7,5,6,4,6,5,3,0,6,6,4,225.00
248,8,7,9,1,0,4,9,9,3,3,7,235.00
248,9,6,6,8,4,5,8,8,3,9,0,239.00
248,10,7,5,4,9,9,7,8,6,7,7,318.00
249,1,3,8,0,8,9,8,0,0,2,5,168.00
249,2,7,0,0,7,0,3,7,5,8,0,171.00
249,3,1,2,3,7,9,9,6,5,1,2,172.00
249,4,1,6,6,4,4,1,3,6,0,7,195.00
249,5,5,9,1,0,3,3,3,9,3,8,200.00
249,6,2,6,8,9,6,3,0,1,6,3,210.00
249,7,9,7,4,4,3,6,3,2,6,4,219.00
249,8,7,1,3,7,2,0,5,9,7,7,238.00
249,9,7,9,5,3,4,5,9,5,2,4,249.00
249,10,7,8,9,0,3,3,6,8,7,7,290.00
250,1,4,2,0,1,0,7,3,4,6,9,149.00
250,2,0,6,4,1,9,5,6,2,2,8,189.00
250,3,9,3,3,4,5,1,2,5,3,2,200.00
250,4,7,6,5,2,3,1,3,8,6,1,210.00
250,5,3,4,2,2,7,0,6,9,3,7,215.00
250,6,3,6,7,2,2,8,9,4,6,3,219.00
250,7,2,6,9,7,3,0,3,8,8,5,256.00
250,8,6,8,0,7,5,9,5,9,6,9,259.00
250,9,3,5,7,1,3,3,2,9,8,9,259.00
250,10,8,8,6,9,7,2,7,8,8,4,310.00
251,1,0,2,2,9,6,7,7,7,2,0,145.00
251,2,2,3,0,7,9,2,4,3,4,3,155.00
251,3,3,1,5,0,7,0,2,1,7,4,173.00
251,4,1,6,6,0,8,2,0,6,5,4,174.00
251,5,6,3,6,8,1,6,4,4,3,3,197.00
251,6,7,2,4,5,1,7,7,4,3,1,203.00
251,7,8,2,0,5,2,5,8,7,4,2,213.00
251,8,3,8,1,6,3,9,6,5,6,6,215.00
251,9,8,6,2,3,6,5,4,9,1,5,232.00
251,10,9,1,1,9,7,0,4,9,8,1,239.00
252,1,0,0,0,7,3,1,6,2,0,5,107.00
252,2,2,4,1,6,8,7,2,0,2,6,164.00
252,3,8,6,3,7,0,1,8,7,3,0,207.00
252,4,9,5,1,4,0,8,3,4,4,7,217.00
252,5,5,7,6,5,9,2,9,1,8,0,230.00
252,6,2,5,7,2,6,1,9,8,0,8,236.00
252,7,7,9,1,6,8,3,6,2,1,7,239.00
252,8,8,5,3,7,3,3,9,8,6,5,279.00
252,9,1,8,8,9,5,8,8,9,5,5,279.00
252,10,4,5,8,6,5,0,9,8,6,7,280.00
253,1,6,2,1,0,4,8,6,2,4,4,161.00
253,2,5,1,8,1,3,5,3,0,6,2,165.00
253,3,7,0,1,6,2,9,6,2,5,8,191.00
253,4,8,7,7,1,1,8,3,1,1,1,199.00
253,5,3,2,8,9,7,6,0,0,6,2,205.00
253,6,9,0,2,2,2,2,6,4,7,3,210.00
253,7,8,7,9,4,3,9,5,0,3,8,266.00
253,8,7,2,5,6,8,7,7,8,6,2,268.00
253,9,7,5,6,3,7,9,8,9,6,3,284.00
253,10,4,9,7,6,8,9,5,7,1,7,293.00
254,1,2,1,7,1,1,5,2,9,0,8,177.00
254,2,0,0,7,6,9,3,7,5,0,3,189.00
254,3,6,1,4,0,1,9,2,6,7,8,198.00
254,4,6,1,0,2,2,7,6,8,8,7,199.00
254,5,6,0,2,8,5,6,6,0,4,6,215.00
254,6,1,1,7,8,7,2,5,8,8,2,226.00
254,7,7,7,2,0,6,5,3,9,0,8,228.00
254,8,2,7,4,6,3,9,5,9,6,6,239.00
254,9,2,0,9,3,7,5,6,8,8,5,242.00
254,10,8,3,2,9,8,4,8,4,7,9,283.00
255,1,7,2,5,2,7,1,0,3,7,4,196.00
255,2,3,9,1,3,6,2,6,3,7,7,211.00
255,3,8,5,6,7,6,1,4,3,0,1,215.00
255,4,8,3,2,8,3,3,1,6,0,7,216.00
255,5,5,5,3,4,2,5,6,6,1,9,219.00
255,6,7,1,1,4,6,8,5,5,0,9,220.00
255,7,8,8,2,5,0,4,4,3,8,7,235.00
255,8,4,4,7,2,8,6,8,4,0,4,238.00
255,9,4,7,3,2,7,5,6,5,6,9,259.00
255,10,7,0,4,6,8,1,7,5,1,8,265.00
256,1,0,0,0,8,8,0,3,3,4,9,164.00
256,2,0,7,1,9,2,4,6,8,1,5,195.00
256,3,1,1,7,5,2,0,7,9,2,6,199.00
256,4,5,2,7,9,2,7,6,0,4,1,201.00
256,5,8,3,1,2,0,7,5,8,9,2,204.00
256,6,9,4,2,4,6,3,9,0,8,1,236.00
256,7,4,7,4,6,7,9,7,6,1,6,236.00
256,8,9,5,4,8,1,1,6,4,7,0,244.00
256,9,0,8,4,9,2,4,7,6,6,9,247.00
256,10,9,1,6,7,3,5,7,7,5,6,272.00
257,1,4,8,3,2,7,4,5,0,8,0,174.00
257,2,8,6,3,1,0,0,7,2,2,2,192.00
257,3,7,5,1,1,0,7,1,5,4,9,195.00
257,4,7,9,1,5,6,8,5,0,3,3,196.00
257,5,6,0,3,2,1,4,4,8,8,9,208.00
257,6,3,4,0,7,3,7,6,7,7,6,215.00
257,7,4,1,4,7,6,3,4,8,4,8,230.00
257,8,8,7,3,5,9,6,6,4,6,1,258.00
257,9,6,6,8,5,2,8,6,8,7,6,279.00
257,10,7,3,3,7,9,2,8,7,9,5,287.00
258,1,6,8,2,1,0,3,3,6,0,0,163.00
258,2,6,1,0,2,4,3,1,8,3,9,180.00
258,3,3,2,3,7,3,6,1,8,0,7,183.00
258,4,5,1,0,3,1,4,8,5,6,8,184.00
258,5,5,7,3,9,7,5,4,1,3,1,196.00
258,6,0,4,9,4,3,8,4,4,7,8,218.00
258,7,7,2,9,6,1,1,3,4,5,0,225.00
258,8,6,7,9,3,9,2,4,5,7,1,253.00
258,9,3,3,9,6,6,8,4,7,5,6,260.00
258,10,7,7,5,1,3,5,5,8,5,9,269.00
259,1,2,1,1,0,9,7,2,1,3,8,160.00
259,2,2,2,7,5,0,8,0,2,6,6,172.00
259,3,3,4,4,1,3,7,1,8,1,7,173.00
259,4,3,6,1,8,7,0,0,7,1,6,198.00
259,5,5,2,2,6,7,5,6,8,4,0,203.00
259,6,9,0,3,9,7,4,7,4,3,0,214.00
259,7,8,3,0,9,8,7,6,8,4,2,241.00
259,8,5,4,4,6,5,4,0,5,4,9,241.00
259,9,4,6,2,8,5,0,8,8,6,6,242.00
259,10,1,7,9,7,7,1,4,7,5,9,273.00
260,1,0,0,4,3,7,9,4,0,3,2,106.00
260,2,3,0,0,1,6,5,4,3,5,6,137.00
260,3,8,1,1,2,6,4,0,3,8,4,176.00
260,4,3,4,2,0,5,4,7,7,5,4,193.00
260,5,3,6,5,2,4,0,5,0,4,8,200.00
260,6,1,8,2,9,0,1,7,4,7,4,206.00
260,7,6,1,0,6,4,4,1,7,9,7,208.00
260,8,2,1,8,7,1,1,4,8,5,6,235.00
260,9,3,5,9,4,1,4,9,7,9,2,245.00
260,10,4,6,7,9,3,5,8,8,1,7,267.00
261,1,4,1,6,7,4,1,0,1,0,0,129.00
261,2,3,4,2,2,5,7,1,4,2,7,151.00
261,3,3,8,1,7,3,9,4,2,4,2,168.00
261,4,1,1,7,3,2,9,7,4,9,0,176.00
261,5,1,5,7,3,9,9,3,8,0,0,183.00
261,6,0,3,4,8,5,2,6,9,9,2,191.00
261,7,0,3,9,7,8,5,3,3,7,0,193.00
261,8,1,9,9,4,0,6,2,5,5,3,196.00
261,9,8,3,4,3,6,0,6,1,8,1,225.00
261,10,9,4,8,2,8,4,9,0,4,3,273.00
262,1,5,5,0,6,1,9,5,2,3,0,148.00
262,2,2,1,2,0,5,8,2,5,1,8,155.00
262,3,2,5,2,9,0,1,5,6,9,4,182.00
262,4,9,8,3,2,4,2,4,0,2,2,192.00
262,5,6,3,7,4,2,3,3,7,1,2,201.00
262,6,8,0,1,5,9,6,7,3,3,5,219.00
262,7,6,0,8,2,5,2,3,0,9,9,226.00
262,8,0,9,7,1,6,9,7,3,2,9,240.00
262,9,9,5,6,7,8,4,7,2,7,2,266.00
262,10,6,3,8,6,1,3,3,9,9,8,287.00
263,1,0,5,7,0,6,0,7,2,8,0,163.00
263,2,1,8,3,9,3,3,2,2,1,5,172.00
263,3,2,3,4,5,9,3,6,8,0,4,196.00
263,4,3,5,2,6,9,6,0,6,9,4,208.00
263,5,3,9,5,7,4,4,8,0,3,3,217.00
263,6,9,3,0,5,8,8,2,0,8,5,222.00
263,7,8,4,4,3,9,7,3,4,8,7,254.00
263,8,4,7,7,2,7,6,5,8,4,5,255.00
263,9,3,4,6,8,5,9,7,6,4,8,271.00
263,10,7,0,9,7,9,1,8,6,6,2,296.00
264,1,2,2,0,0,3,4,8,6,5,0,108.00
264,2,1,2,1,1,7,5,6,2,2,2,121.00
264,3,4,3,2,3,6,1,6,9,1,4,189.00
264,4,7,0,5,6,4,5,1,2,3,2,191.00
264,5,8,0,0,6,7,0,4,7,3,1,201.00
264,6,2,2,9,0,7,7,7,8,4,0,212.00
264,7,6,5,0,4,4,5,8,9,8,4,233.00
264,8,5,3,3,6,2,5,8,4,6,9,240.00
264,9,7,8,6,8,6,4,0,3,9,4,272.00
264,10,8,6,9,4,5,7,8,5,5,8,329.00
265,1,3,3,0,5,2,4,1,3,3,0,116.00
265,2,1,4,1,1,5,8,6,4,1,4,137.00
265,3,8,2,1,8,1,5,0,0,1,5,148.00
265,4,6,9,1,7,4,2,4,1,1,0,174.00
265,5,7,4,3,3,2,9,7,6,3,5,207.00
265,6,5,0,8,0,6,1,6,2,9,4,207.00
265,7,4,3,9,6,6,9,1,4,1,3,212.00
265,8,6,5,8,1,1,2,4,4,6,2,220.00
265,9,5,9,5,3,4,3,8,4,5,8,251.00
265,10,4,7,8,0,6,2,0,9,3,7,254.00
266,1,3,4,1,8,0,0,3,8,5,2,163.00
266,2,2,9,0,6,5,5,0,2,8,7,179.00
266,3,2,9,0,5,6,5,4,2,1,9,193.00
266,4,1,1,6,9,6,1,3,4,8,3,204.00
266,5,1,3,3,8,5,6,4,2,3,9,205.00
266,6,8,6,1,4,2,7,6,4,8,1,217.00
266,7,6,4,4,2,6,8,4,6,6,6,218.00
266,8,6,8,9,5,6,5,2,8,3,0,239.00
266,9,6,7,4,9,5,4,5,9,2,1,251.00
266,10,9,2,9,2,1,7,8,5,6,7,295.00
267,1,1,8,3,3,7,2,0,3,0,1,131.00
267,2,3,8,0,0,0,0,3,8,9,2,151.00
267,3,2,1,0,8,5,2,8,1,8,0,153.00
267,4,1,5,6,2,5,0,0,6,6,2,171.00
267,5,4,3,2,3,7,2,9,2,3,4,176.00
267,6,4,1,2,5,5,4,6,5,5,7,208.00
267,7,7,4,5,6,6,1,1,2,8,3,214.00
267,8,0,4,7,4,1,2,9,6,6,9,246.00
267,9,6,5,5,9,8,4,1,3,3,7,265.00
267,10,9,6,9,7,8,8,8,4,6,3,318.00
268,1,1,2,3,8,4,9,8,1,7,2,165.00
268,2,3,1,8,0,0,3,8,6,1,3,166.00
268,3,2,5,1,9,9,1,6,3,1,2,168.00
268,4,5,0,1,6,8,6,3,0,4,4,170.00
268,5,6,7,4,0,7,4,1,6,7,0,206.00
268,6,4,5,8,0,0,2,7,6,0,4,208.00
268,7,5,8,2,2,2,6,5,7,6,7,219.00
268,8,2,3,7,8,6,6,6,1,6,8,256.00
268,9,6,7,6,8,8,9,8,0,4,6,277.00
268,10,9,4,9,8,4,2,1,6,9,8,312.00
269,1,6,0,1,4,3,0,8,3,3,0,139.00
269,2,5,3,1,0,5,7,2,3,7,3,143.00
269,3,2,6,0,4,8,5,4,7,4,1,162.00
269,4,8,1,5,2,0,5,6,2,0,0,162.00
269,5,0,9,0,9,7,3,3,6,8,3,182.00
269,6,1,1,4,7,2,5,7,2,9,9,203.00
269,7,4,6,2,8,3,6,7,5,4,6,227.00
269,8,6,0,3,7,9,1,4,7,9,0,227.00
269,9,3,9,3,5,5,4,8,7,9,0,236.00
269,10,7,8,9,4,9,0,4,4,7,7,302.00
270,1,0,7,3,1,1,2,6,0,6,2,126.00
270,2,0,0,7,8,3,8,1,3,0,0,133.00
270,3,5,1,2,4,2,1,9,4,0,3,168.00
270,4,0,5,4,0,8,3,8,6,2,9,211.00
270,5,3,2,6,7,6,9,7,7,5,2,221.00
270,6,6,7,4,3,8,9,3,3,5,7,231.00
270,7,1,7,8,0,5,2,9,3,8,8,252.00
270,8,8,7,4,0,1,2,9,8,9,4,261.00
270,9,2,6,8,6,6,3,6,9,3,9,271.00
270,10,7,5,3,6,4,4,5,7,9,9,293.00
271,1,4,5,0,2,3,7,9,0,0,7,155.00
271,2,0,8,1,3,0,5,6,1,7,5,159.00
271,3,8,4,1,1,0,8,5,5,6,1,163.00
271,4,2,4,6,2,1,3,8,4,2,6,199.00
271,5,1,1,7,5,4,7,3,6,3,8,205.00
271,6,1,3,9,5,9,4,7,6,2,2,212.00
271,7,7,8,1,6,2,9,0,1,9,7,219.00
271,8,3,3,9,6,1,0,4,8,6,7,236.00
271,9,8,6,8,2,0,3,5,2,8,6,264.00
271,10,9,3,6,9,0,6,5,9,7,8,293.00
272,1,3,1,0,7,0,1,2,2,0,8,139.00
272,2,0,3,5,2,2,9,5,2,6,4,145.00
272,3,1,1,4,1,5,3,5,9,1,7,180.00
272,4,7,0,4,1,7,6,6,8,9,0,205.00
272,5,0,0,6,3,8,7,5,9,7,5,206.00
272,6,2,9,5,4,0,8,5,7,7,8,228.00
272,7,5,1,9,3,7,3,8,4,2,8,265.00
272,8,9,0,5,8,1,2,8,7,9,3,266.00
272,9,8,9,6,6,6,6,5,0,1,9,291.00
272,10,8,6,5,6,5,1,9,8,5,6,308.00
273,1,1,6,8,1,0,1,2,5,9,0,153.00
273,2,1,6,4,8,2,1,7,2,3,1,163.00
273,3,0,1,3,0,8,0,4,7,9,4,169.00
273,4,6,7,1,5,2,4,1,4,5,4,184.00
273,5,9,4,3,1,3,1,4,1,6,4,188.00
273,6,4,3,7,0,4,5,7,8,7,3,214.00
273,7,1,5,7,1,7,7,2,2,8,9,217.00
273,8,4,7,2,5,4,4,5,8,5,8,230.00
273,9,9,8,1,8,9,8,7,9,4,1,278.00
273,10,8,4,5,8,3,4,9,9,5,7,304.00
274,1,6,0,0,0,7,5,1,4,8,2,137.00
274,2,2,7,4,6,2,0,0,4,1,3,147.00
274,3,7,2,5,3,7,8,1,3,0,2,194.00
274,4,2,8,1,8,1,5,9,4,9,3,207.00
274,5,3,1,9,6,1,3,1,6,4,5,208.00
274,6,6,7,2,6,5,2,6,8,0,3,209.00
274,7,2,2,8,9,0,9,1,3,3,9,223.00
274,8,7,7,1,7,9,1,6,8,6,0,255.00
274,9,6,9,5,4,1,7,8,6,2,7,262.00
274,10,8,0,8,4,6,7,8,9,8,9,333.00
275,1,0,8,7,5,1,2,0,0,5,0,145.00
275,2,0,0,2,8,7,7,6,9,8,0,163.00
275,3,1,7,6,7,4,4,3,5,5,0,171.00
275,4,1,6,6,1,1,2,8,3,8,1,183.00
275,5,5,0,6,5,2,2,2,2,0,9,188.00
275,6,8,9,4,1,1,7,3,1,3,7,210.00
275,7,4,0,9,8,7,4,4,2,9,2,219.00
275,8,8,4,0,8,5,9,8,7,8,1,247.00
275,9,1,8,9,7,8,4,3,1,6,8,251.00
275,10,7,2,9,7,6,2,1,4,0,7,265.00
276,1,4,3,0,0,6,5,2,5,3,3,130.00
276,2,3,6,2,0,9,2,2,1,9,7,181.00
276,3,7,7,3,0,3,4,6,4,2,3,186.00
276,4,5,7,1,1,0,7,5,3,3,9,186.00
276,5,1,2,1,6,1,3,8,4,5,9,192.00
276,6,6,3,8,6,1,7,0,0,1,8,216.00
276,7,1,5,7,4,2,8,6,4,9,6,230.00
276,8,3,0,4,9,7,9,3,9,8,5,238.00
276,9,3,5,6,8,5,0,8,4,4,8,258.00
276,10,5,6,9,7,3,4,6,8,1,6,279.00
277,1,6,0,1,0,4,0,0,4,4,4,148.00
277,2,5,9,4,0,5,7,3,1,7,2,200.00
277,3,0,4,4,4,1,4,7,9,8,8,214.00
277,4,1,0,7,7,9,7,7,9,0,2,225.00
277,5,2,3,7,5,1,0,5,5,5,8,227.00
277,6,5,9,5,6,6,9,5,1,6,1,229.00
277,7,0,9,5,6,9,3,0,6,6,7,235.00
277,8,9,9,3,5,0,2,2,4,3,6,239.00
277,9,6,6,6,1,7,1,5,2,9,9,258.00
277,10,9,3,5,9,8,4,2,6,9,7,304.00
278,1,8,0,0,6,7,6,0,5,2,1,148.00
278,2,4,5,4,1,3,7,0,4,5,3,163.00
278,3,2,7,5,2,0,3,5,7,1,5,170.00
278,4,5,2,9,6,4,8,0,9,1,2,203.00
278,5,8,0,0,3,7,2,9,0,9,7,221.00
278,6,6,2,4,1,5,5,9,9,0,3,225.00
278,7,1,7,2,6,9,9,8,0,8,8,228.00
278,8,3,9,9,8,2,2,1,8,0,3,241.00
278,9,9,4,0,9,8,8,4,6,7,7,259.00
278,10,9,3,3,9,8,4,1,9,2,8,273.00
279,1,2,0,5,4,4,4,4,4,0,1,126.00
279,2,0,6,1,7,7,1,4,1,8,0,140.00
279,3,4,6,1,7,7,2,3,5,0,2,169.00
279,4,3,7,1,1,5,6,7,6,1,4,180.00
279,5,1,8,3,4,6,2,4,6,0,7,191.00
279,6,1,1,5,1,7,0,0,8,6,9,192.00
279,7,7,2,6,4,2,5,4,6,7,2,203.00
279,8,7,2,2,8,3,0,5,2,4,2,203.00
279,9,2,2,5,2,8,4,9,9,6,2,211.00
279,10,5,0,9,9,6,8,6,0,7,2,221.00
280,1,8,4,0,3,4,3,6,8,3,2,200.00
280,2,6,8,0,2,9,0,7,9,0,0,212.00
280,3,1,7,8,1,4,2,9,6,9,2,212.00
280,4,2,1,5,8,6,9,9,0,6,7,214.00
280,5,0,7,9,9,8,8,2,1,0,4,222.00
280,6,0,8,5,7,4,9,9,8,5,2,224.00
280,7,0,8,3,4,8,7,6,7,7,9,249.00
280,8,8,7,1,1,7,3,6,7,5,9,255.00
280,9,5,8,3,3,8,7,9,6,4,4,258.00
280,10,7,9,0,8,6,9,8,9,8,1,268.00
281,1,1,2,2,0,6,7,2,1,1,7,116.00
281,2,1,4,6,1,7,3,7,2,2,0,148.00
281,3,0,7,4,4,1,1,6,0,8,3,152.00
281,4,0,8,5,0,8,8,5,0,5,0,157.00
281,5,0,2,1,4,4,1,9,9,7,0,157.00
281,6,6,7,0,5,2,8,3,1,5,0,158.00
281,7,7,2,5,2,6,0,3,7,2,0,189.00
281,8,3,0,7,6,2,7,7,3,2,5,201.00
281,9,8,1,6,5,3,1,2,6,7,6,240.00
281,10,6,7,3,5,3,5,7,9,1,6,254.00
282,1,0,4,9,6,1,1,5,1,1,3,166.00
282,2,1,8,3,3,5,9,1,7,8,2,175.00
282,3,4,6,5,0,7,0,3,0,8,6,195.00
282,4,8,3,4,6,5,1,4,2,1,7,218.00
282,5,4,6,0,4,7,2,4,8,0,8,219.00
282,6,2,7,9,1,9,6,1,5,7,5,234.00
282,7,9,4,1,2,4,4,0,7,6,9,244.00
282,8,7,2,9,9,5,3,7,3,3,4,258.00
282,9,7,9,1,3,5,3,7,8,7,6,263.00
282,10,8,2,7,7,7,7,9,0,7,3,275.00
283,1,4,2,3,1,0,2,7,0,2,2,114.00
283,2,1,1,2,8,1,9,3,9,6,8,198.00
283,3,5,3,4,7,1,3,8,7,0,1,207.00
283,4,7,7,3,6,6,6,6,0,7,0,212.00
283,5,6,4,9,2,6,3,0,0,1,6,218.00
283,6,3,7,7,9,0,0,4,6,8,7,243.00
283,7,8,1,2,8,9,8,7,9,1,4,265.00
283,8,8,5,6,8,0,9,6,7,6,6,265.00
283,9,9,0,9,5,3,7,9,3,5,2,267.00
283,10,7,0,8,9,5,4,5,7,5,6,274.00
284,1,2,5,1,9,3,4,9,4,1,2,163.00
284,2,4,1,7,2,0,5,7,6,7,0,166.00
284,3,2,7,0,7,7,2,4,2,0,3,170.00
284,4,3,4,1,4,6,1,0,3,9,9,191.00
284,5,2,1,3,9,8,4,3,1,9,7,201.00
284,6,4,3,5,8,5,5,6,3,5,3,205.00
284,7,9,7,2,6,6,6,0,6,2,3,234.00
284,8,7,6,9,0,2,4,4,2,5,8,258.00
284,9,5,8,8,6,6,4,9,6,6,6,290.00
284,10,8,8,5,7,7,2,4,3,8,9,314.00
285,1,1,8,1,9,0,6,0,5,1,9,163.00
285,2,0,2,0,5,0,3,6,6,7,7,167.00
285,3,3,0,9,2,2,4,4,3,3,5,170.00
285,4,6,9,6,1,0,4,0,6,3,1,178.00
285,5,2,8,7,1,9,5,6,1,4,3,209.00
285,6,2,5,0,8,8,7,8,3,8,6,209.00
285,7,8,0,1,3,8,4,8,5,9,3,223.00
285,8,1,1,9,9,0,2,8,9,9,6,245.00
285,9,8,9,8,8,3,7,2,3,6,9,300.00
285,10,7,6,5,8,7,7,7,5,5,9,316.00
286,1,2,4,4,7,2,5,3,0,0,0,119.00
286,2,2,0,0,0,9,3,7,5,5,0,139.00
286,3,5,3,2,3,1,4,5,2,6,3,164.00
286,4,6,7,9,0,3,2,0,3,3,3,195.00
286,5,6,1,1,9,9,7,0,0,8,4,200.00
286,6,2,1,3,8,2,8,9,0,7,8,211.00
286,7,8,4,1,6,7,7,5,9,2,1,213.00
286,8,0,6,7,4,3,4,7,2,6,8,221.00
286,9,6,6,6,7,6,2,1,3,7,7,247.00
286,10,9,6,6,8,7,6,1,2,1,3,260.00
287,1,1,7,2,1,5,3,2,1,8,1,131.00
287,2,1,0,2,2,0,4,5,7,0,9,151.00
287,3,6,6,1,2,7,8,5,4,4,0,175.00
287,4,7,4,0,7,8,1,3,1,1,3,195.00
287,5,7,1,0,0,5,0,6,8,5,7,201.00
287,6,1,3,5,1,5,8,8,8,7,7,213.00
287,7,5,7,9,0,0,2,1,6,3,7,218.00
287,8,7,2,0,1,7,2,8,8,8,5,234.00
287,9,7,1,3,6,4,3,5,4,7,9,247.00
287,10,8,9,8,7,2,5,8,9,8,0,290.00
288,1,5,3,1,1,4,3,2,2,6,2,153.00
288,2,6,9,3,1,2,8,2,2,1,3,157.00
288,3,1,8,2,2,2,7,7,9,2,6,183.00
288,4,8,0,4,2,9,2,0,0,0,7,183.00
288,5,1,4,7,2,6,4,0,6,9,3,191.00
288,6,5,9,6,5,4,5,6,5,0,0,212.00
288,7,7,8,5,2,4,4,9,1,8,5,252.00
288,8,8,3,5,7,3,1,3,2,8,9,265.00
288,9,8,6,7,9,5,5,0,9,4,4,271.00
288,10,9,5,9,4,6,1,4,9,9,7,333.00
289,1,0,7,2,1,4,2,4,8,1,3,147.00
289,2,3,3,4,0,1,7,6,8,3,4,158.00
289,3,8,1,0,9,2,4,1,6,5,0,170.00
289,4,7,8,4,7,1,6,6,0,2,0,179.00
289,5,0,5,7,6,4,0,2,3,9,2,180.00
289,6,1,4,6,4,6,9,0,7,5,6,195.00
289,7,6,1,3,7,1,8,7,7,2,7,209.00
289,8,9,8,3,4,2,2,4,1,2,5,220.00
289,9,1,1,8,7,5,5,9,1,3,7,223.00
289,10,5,8,3,3,1,6,7,6,8,5,232.00
290,1,1,1,3,5,0,1,6,0,6,7,139.00
290,2,0,4,2,6,4,6,4,2,5,3,140.00
290,3,4,6,2,1,6,4,5,2,4,6,176.00
290,4,4,3,3,7,4,3,9,0,9,0,193.00
290,5,6,7,1,1,7,3,1,7,9,4,204.00
290,6,9,6,5,2,4,1,0,8,2,3,225.00
290,7,5,0,2,8,3,1,6,1,9,9,227.00
290,8,4,9,7,1,4,5,5,0,4,8,228.00
290,9,7,0,8,7,4,3,3,1,9,6,249.00
290,10,5,2,8,2,9,9,4,4,7,7,263.00
291,1,4,3,2,4,8,1,2,3,5,2,153.00
291,2,0,0,8,3,5,3,7,5,1,2,160.00
291,3,2,3,5,0,6,9,6,2,4,5,187.00
291,4,5,4,4,9,5,3,2,4,2,4,195.00
291,5,7,7,1,1,6,4,6,6,6,1,199.00
291,6,8,5,3,6,2,3,0,9,3,1,207.00
291,7,4,9,2,7,6,7,0,7,5,6,224.00
291,8,5,0,2,5,5,5,7,8,9,7,238.00
291,9,8,5,8,3,4,6,7,3,5,1,239.00
291,10,7,5,6,6,7,7,5,3,7,4,263.00
292,1,1,8,1,3,0,4,2,1,5,2,101.00
292,2,3,5,7,0,0,2,1,0,3,1,120.00
292,3,4,4,1,5,0,4,3,6,0,2,140.00
292,4,1,5,1,3,4,8,9,1,0,4,146.00
292,5,5,3,4,2,2,6,0,7,2,1,149.00
292,6,4,7,5,2,1,4,5,7,1,1,180.00
292,7,9,0,3,3,3,3,6,2,6,0,185.00
292,8,7,1,2,3,2,6,1,7,4,9,205.00
292,9,3,5,5,5,5,1,8,5,1,3,220.00
292,10,6,3,5,6,4,3,5,1,9,6,233.00
293,1,2,3,1,6,5,9,0,6,7,1,150.00
293,2,0,0,4,3,0,5,7,8,1,7,154.00
293,3,3,6,1,0,2,2,8,9,0,2,157.00
293,4,0,0,8,3,3,0,6,1,6,4,170.00
293,5,9,8,7,4,0,7,3,2,1,0,194.00
293,6,0,6,7,6,7,6,6,0,1,6,198.00
293,7,4,5,8,3,5,1,0,4,8,5,217.00
293,8,7,0,7,0,6,4,1,7,6,6,244.00
293,9,9,9,9,1,0,7,7,4,1,2,247.00
293,10,1,9,7,8,7,8,2,8,8,8,270.00
294,1,3,8,3,4,0,5,4,1,5,3,153.00
294,2,0,8,1,0,7,4,2,6,7,9,192.00
294,3,8,0,5,3,6,4,7,2,3,2,194.00
294,4,8,6,2,0,7,9,6,1,9,1,194.00
294,5,0,0,4,3,9,2,7,8,9,3,199.00
294,6,2,6,5,3,6,3,3,3,6,6,201.00
294,7,7,6,4,3,1,5,6,9,1,5,243.00
294,8,8,3,2,9,0,9,4,3,9,8,251.00
294,9,6,2,6,8,6,2,9,4,4,3,265.00
294,10,8,9,8,4,7,8,4,8,2,8,330.00
295,1,4,2,1,3,7,3,1,3,8,1,150.00
295,2,1,9,5,1,8,6,6,5,1,2,180.00
295,3,2,5,1,2,7,7,9,8,0,6,198.00
295,4,1,4,4,8,6,7,0,6,6,8,201.00
295,5,6,0,1,0,8,9,4,9,6,6,202.00
295,6,2,9,2,6,9,9,4,6,4,5,211.00
295,7,7,0,0,3,3,6,7,9,7,8,215.00
295,8,4,8,6,6,7,7,0,1,6,7,228.00
295,9,5,6,9,5,0,6,4,2,7,6,250.00
295,10,3,6,9,8,7,8,9,8,5,2,284.00
296,1,8,4,2,5,4,5,4,0,3,5,189.00
296,2,0,6,9,3,2,9,5,3,3,6,209.00
296,3,1,7,3,9,6,1,3,4,4,7,211.00
296,4,8,5,3,5,0,6,5,1,4,7,221.00
296,5,4,3,6,5,7,2,1,5,2,7,222.00
296,6,8,0,5,9,8,2,3,2,4,1,227.00
296,7,5,3,6,4,9,1,3,8,0,7,233.00
296,8,8,0,6,8,3,1,8,3,0,7,247.00
296,9,4,4,6,1,8,6,6,2,8,8,259.00
296,10,9,4,7,7,2,6,2,9,4,9,290.00
297,1,5,6,2,2,6,9,0,9,0,3,170.00
297,2,1,1,4,3,0,5,8,7,7,6,178.00
297,3,7,9,0,1,7,5,4,1,5,0,184.00
297,4,2,8,0,8,9,8,0,9,1,1,186.00
297,5,2,4,9,7,7,6,0,0,7,1,196.00
297,6,5,5,3,9,6,7,0,1,9,4,202.00
297,7,2,8,5,4,0,0,2,4,6,8,209.00
297,8,8,0,2,8,8,1,7,7,6,0,235.00
297,9,4,4,8,6,3,5,1,3,3,7,236.00
297,10,9,0,9,9,9,7,2,8,4,8,322.00
298,1,1,0,8,4,3,4,6,5,1,2,167.00
298,2,2,8,8,1,1,7,2,0,4,4,182.00
298,3,3,7,7,5,0,9,1,7,5,2,186.00
298,4,2,5,3,4,0,0,7,0,7,9,199.00
298,5,5,8,0,2,1,0,1,8,9,8,200.00
298,6,5,5,3,6,8,1,4,7,0,2,207.00
298,7,6,5,8,6,5,8,2,1,3,2,221.00
298,8,1,0,5,0,8,4,9,4,6,9,222.00
298,9,4,1,1,6,5,6,8,5,5,9,227.00
298,10,9,3,7,3,3,2,3,3,7,6,247.00
299,1,2,6,3,0,0,8,5,0,0,3,107.00
299,2,8,6,1,1,0,2,6,3,8,1,174.00
299,3,5,0,1,0,9,8,6,6,8,8,203.00
299,4,1,4,2,9,2,1,5,9,9,4,203.00
299,5,0,9,0,7,8,6,6,3,8,5,209.00
299,6,1,9,6,0,2,1,0,8,8,9,233.00
299,7,3,9,9,3,6,9,5,9,1,1,233.00
299,8,5,9,5,0,8,6,0,7,8,4,234.00
299,9,5,7,9,4,4,0,6,9,4,0,244.00
299,10,3,7,9,9,4,1,7,3,0,3,251.00
300,1,1,4,4,1,6,8,4,9,0,1,166.00
300,2,2,2,8,1,5,5,6,3,2,1,170.00
300,3,1,4,7,3,4,4,6,8,4,2,187.00
300,4,7,3,2,7,1,7,1,5,3,7,194.00
300,5,7,5,2,0,5,5,8,2,3,6,205.00
300,6,6,5,6,3,0,3,1,3,7,6,210.00
300,7,4,6,3,6,4,9,4,8,3,8,241.00
300,8,5,1,9,8,5,8,7,0,7,6,252.00
300,9,4,8,2,7,4,0,9,9,2,7,269.00
300,10,7,8,6,0,5,4,0,9,9,7,273.00
